asof,mm_net,or_net,oi,release,price_asof,price_entry,fwd_1w,fwd_2w,fwd_4w,mm_chg,mm_z_full,mm_z_roll52,mm_pct_rank,or_chg,or_z_full,or_z_roll52,or_pct_rank
2016-01-05,49436,134741,1703201,2016-01-08,35.97,33.2,-0.11295180722891573,-0.03403614457831328,-0.0704819277108435,,-1.453251594667833,,0.051188299817184646,,-0.09303104295913897,,0.49725776965265084
2016-01-12,36372,127132,1756232,2016-01-15,30.42,29.45,0.08896434634974537,0.14295415959252966,-0.00441426146010182,-13064.0,-1.5737205515575243,,0.038391224862888484,-7609.0,-0.19946506245234386,,0.48080438756855576
2016-01-19,56663,122709,1686382,2016-01-22,28.47,32.07,0.04957904583723094,-0.037729965700031176,-0.07733083879014657,20291.0,-1.3866082119793914,,0.056672760511883,-4423.0,-0.26133359553401625,,0.4606946983546618
2016-01-26,77084,128626,1761883,2016-01-29,29.54,33.66,-0.08318478906714188,-0.12893642305407005,-0.059714795008912636,20421.0,-1.1982970845571326,,0.09872029250457039,5917.0,-0.1785671224966535,,0.4844606946983547
2016-02-02,66270,130603,1855603,2016-02-05,29.9,30.86,-0.04990278677900195,-0.04115359688917697,0.16364225534672716,-10814.0,-1.2980177902984924,,0.06946983546617916,1977.0,-0.1509130212299869,,0.48811700182815354
2016-02-09,72403,115474,1854379,2016-02-12,27.96,29.32,0.009208731241473478,0.07946793997271473,0.3134379263301499,6133.0,-1.2414626683906174,,0.08409506398537477,-15129.0,-0.3625361360824901,,0.43875685557586835
2016-02-16,57861,101126,1840051,2016-02-19,29.05,29.59,0.06961811422777964,0.21358567083474145,0.3338965866846908,-14542.0,-1.3755609209235242,,0.05850091407678245,-14348.0,-0.5632346919621726,,0.37294332723948814
2016-02-23,102252,103604,1776696,2016-02-26,31.84,31.65,0.1345971563981041,0.2167456556082148,0.2050552922590838,44391.0,-0.9662117579343712,,0.18281535648994515,2478.0,-0.528572646975425,,0.38939670932358317
2016-03-01,124411,88107,1800298,2016-03-04,34.39,35.91,0.07240323029796714,0.09913673071567808,-0.015316067947646839,22159.0,-0.7618737591806454,,0.23948811700182815,-15497.0,-0.7453433133029578,,0.30895795246800734
2016-03-08,165251,79001,1816474,2016-03-11,36.67,38.51,0.02492858997662939,-0.009607894053492494,0.03193975590755649,40840.0,-0.3852699472260373,,0.4113345521023766,-9106.0,-0.8727172364867039,,0.24862888482632542
2016-03-15,194945,74911,1782857,2016-03-18,36.32,39.47,-0.033696478337978175,-0.10412971877375221,0.02356219913858637,29694.0,-0.11144836073778726,,0.5045703839122486,-4090.0,-0.9299277949999392,,0.2230347349177331
2016-03-22,226086,81891,1705631,2016-03-25,41.45,38.14,-0.07288935500786575,0.04195070791819622,0.12113266911379128,31141.0,0.1757166566000788,,0.6087751371115173,6980.0,-0.832292171913782,,0.26508226691042047
2016-03-29,209182,96329,1734511,2016-04-01,36.91,35.36,0.12386877828054299,0.14253393665158365,0.30033936651583715,-16904.0,0.01983735108390116,,0.546617915904936,14438.0,-0.630334703988576,,0.35283363802559414
2016-04-05,176508,113622,1773774,2016-04-08,34.52,39.74,0.016607951685958744,0.07599396074484144,0.12179164569703049,-32674.0,-0.28146414136969494,,0.4515539305301645,17293.0,-0.3884417483970407,,0.4351005484460695
2016-04-12,201020,88141,1803510,2016-04-15,42.12,40.4,0.05841584158415847,0.13811881188118802,0.14405940594059397,24512.0,-0.05542808263729157,,0.5228519195612431,-25481.0,-0.7448677243079822,,0.31078610603290674
2016-04-19,221871,112304,1714186,2016-04-22,40.88,42.76,0.07530402245088874,0.04256314312441534,0.11482694106641733,20851.0,0.13684826611553735,,0.5886654478976234,24163.0,-0.40687781590815175,,0.43327239488117003
2016-04-26,223467,110798,1714689,2016-04-29,42.52,45.98,-0.030448020878642845,0.005219660722053154,0.07351022183558076,1596.0,0.15156569226342065,,0.5978062157221207,-1506.0,-0.4279436108032453,,0.4259597806215722
2016-05-03,212757,105787,1748628,2016-05-06,43.65,44.58,0.036787797218483576,0.06931359353970401,0.09219380888290707,-10710.0,0.05280401679736159,,0.56672760511883,-5011.0,-0.49803703591567133,,0.40585009140767825
2016-05-10,191731,100229,1724987,2016-05-13,44.68,46.22,0.03137170056252714,0.06793595845954137,0.06209433145824339,-21026.0,-0.1410860848225598,,0.4954296160877514,-5558.0,-0.575781848682557,,0.3692870201096892
2016-05-17,221826,146943,1698980,2016-05-20,48.29,47.67,0.035452066289070716,0.021397105097545444,0.006922592825676421,30095.0,0.1364333010925707,,0.5868372943327239,46714.0,0.07764945459061609,,0.5502742230347349
2016-05-24,210985,137157,1657419,2016-05-27,48.04,49.36,-0.013573743922204229,-0.005470016207455353,-0.053889789303079305,-10841.0,0.03646361633743099,,0.5575868372943327,-9786.0,-0.059236248492640996,,0.5100548446069469
2016-05-31,210646,136356,1709540,2016-06-03,49.1,48.69,0.008215239268843932,-0.014171287738755312,0.0067775723967962165,-339.0,0.03333754649774901,,0.5557586837294333,-801.0,-0.0704405656978003,,0.506398537477148
2016-06-07,192591,132591,1748314,2016-06-10,50.37,49.09,-0.02220411489101659,-0.048686086779384796,-0.07577918109594639,-18055.0,-0.13315564216141967,,0.5009140767824497,-3765.0,-0.12310505293553409,,0.49177330895795246
2016-06-14,152698,159887,1774350,2016-06-17,48.49,48.0,-0.027083333333333237,0.02124999999999999,-0.04312499999999997,-39893.0,-0.5010267457438188,,0.35283363802559414,27296.0,0.2587089825601317,,0.6051188299817185
2016-06-21,180976,137619,1726381,2016-06-24,48.95,46.7,0.04967880085653098,-0.028479657387580404,-0.07044967880085662,28278.0,-0.2402627253115855,,0.473491773308958,-22268.0,-0.05277383332562027,,0.5137111517367459
2016-06-28,152611,151628,1720740,2016-07-01,47.93,49.02,-0.0744594043247655,-0.06303549571603428,-0.15259077927376585,-28365.0,-0.5018290114548876,-0.0119648820443501,0.3491773308957952,14009.0,0.1431828205159236,1.556342878834072,0.5685557586837294
2016-07-05,145365,154307,1751823,2016-07-08,46.73,45.37,0.012342957901697149,-0.04320035265594002,-0.07802512673572848,-7246.0,-0.5686476015974706,-0.12221211284323824,0.31992687385740404,2679.0,0.18065643573767362,1.5631780653836875,0.5868372943327239
2016-07-12,154529,140266,1728765,2016-07-15,46.82,45.93,-0.05486610058785113,-0.09558023078597866,-0.031787502721532745,9164.0,-0.48414228003155413,0.022465695378796714,0.360146252285192,-14041.0,-0.015747831275611947,0.9344685674989291,0.5246800731261426
2016-07-19,136086,153495,1685116,2016-07-22,44.64,43.41,-0.04307763188205482,-0.036397143515318975,0.1167933655839668,-18443.0,-0.6542133893331907,-0.2697587843346552,0.283363802559415,13229.0,0.16929825150472813,1.417033562172206,0.5813528336380256
2016-07-26,100607,172692,1718306,2016-07-29,42.16,41.54,0.006981222917669783,0.07053442465093895,0.14684641309581137,-35479.0,-0.9813810348850404,-0.826924248874338,0.1773308957952468,19197.0,0.4378241908148943,2.0206056012645304,0.6544789762340036
2016-08-02,64691,202501,1792640,2016-08-05,39.5,41.83,0.06311259861343532,0.15897681090126703,0.0612000956251495,-35916.0,-1.3125784518821437,-1.3521877809269818,0.06764168190127971,29809.0,0.8547898482039,2.724114410592017,0.7751371115173674
2016-08-09,74984,183266,1829979,2016-08-12,42.78,44.47,0.09017315043849772,0.07128401169327647,0.03170676860805055,10293.0,-1.217662118962242,-1.1417425694392023,0.09140767824497258,-19235.0,0.5857323682522906,1.9031760100047534,0.7111517367458866
2016-08-16,133577,173923,1852402,2016-08-19,46.57,48.48,-0.01732673267326723,-0.08436468646864681,-0.11221122112211213,58593.0,-0.6773499947248193,-0.19335598350037578,0.27056672760511885,-9343.0,0.4550433100153326,1.5125558118906601,0.6654478976234004
2016-08-23,220106,133638,1747499,2016-08-26,47.54,47.64,-0.06821998320738876,-0.03694374475230899,-0.06884970612930308,86529.0,0.12057241577029044,1.1796109697763901,0.5776965265082267,-40285.0,-0.10845970947261051,0.20505935866872277,0.4936014625228519
2016-08-30,195716,145572,1787891,2016-09-02,46.32,44.39,0.03356611849515656,-0.0304122550123902,0.07501689569722902,-24390.0,-0.10433862667762558,0.764960989989623,0.5082266910420475,11934.0,0.058472027763807846,0.5854353407564757,0.546617915904936
2016-09-06,148352,137443,1861718,2016-09-09,44.85,45.88,-0.0619006102877071,-0.033129904097646046,0.08456843940714909,-47364.0,-0.5411031455174409,-0.009791355297101203,0.3436928702010969,-8129.0,-0.0552357057701996,0.3110818619360138,0.5118829981718465
2016-09-13,170395,142907,1829620,2016-09-16,44.91,43.04,0.03066914498141271,0.10873605947955389,0.16984200743494426,22043.0,-0.33783483437847356,0.35051197126728717,0.43144424131627057,5464.0,0.021194243304694813,0.48621412204845516,0.5319926873857403
2016-09-20,128554,150319,1811705,2016-09-23,43.85,44.36,0.07574391343552755,0.12173128944995493,0.1408926961226331,-41841.0,-0.7236693127328505,-0.34687530544516937,0.24862888482632542,7412.0,0.1248726442093649,0.7227629129613036,0.5612431444241316
2016-09-27,154939,136707,1830991,2016-09-30,44.65,47.72,0.042749371332774455,0.055113160100586756,0.020955574182732528,26385.0,-0.48036148760008035,0.10009080256813963,0.36380255941499084,-13612.0,-0.06553080872025858,0.2544998166004077,0.5082266910420475
2016-10-04,222831,140145,1871665,2016-10-07,48.67,49.76,0.01185691318327975,0.01708199356913176,-0.11434887459807075,67892.0,0.1457008532721589,1.2281027010388936,0.5959780621572212,3438.0,-0.017440368581260232,0.3679704368340961,0.5228519195612431
2016-10-11,254375,159275,1880412,2016-10-14,50.72,50.35,0.005163853028798293,-0.03237338629592856,-0.1382323733862959,31544.0,0.43658211292681504,1.6825717611765727,0.6819012797074955,19130.0,0.25014838065057177,1.0104403779819282,0.5996343692870201
2016-10-18,264486,143509,1811281,2016-10-21,50.3,50.61,-0.03734439834024894,-0.12922347362181386,-0.09721398933017189,10111.0,0.5298201428649405,1.758687690612053,0.7111517367458866,-15766.0,0.02961496609808545,0.45330432208138244,0.5356489945155393
2016-10-25,244625,158961,1821737,2016-10-28,49.45,48.72,-0.0954433497536945,-0.10940065681444988,-0.04105090311986859,-19861.0,0.3466730246173775,1.3866540634387496,0.6581352833638026,15452.0,0.24575617640285638,0.9750964743980994,0.5978062157221207
2016-11-01,211409,142990,1854612,2016-11-04,46.66,44.07,-0.015429997730882716,0.036759700476514556,0.1731336510097572,-33216.0,0.040373508998272176,0.8371218028054342,0.5594149908592322,-15971.0,0.022355239968899834,0.40643921409412775,0.5338208409506399
2016-11-08,130892,146647,1973656,2016-11-11,44.96,43.39,0.05300760543904115,0.07674579396174219,0.18713989398478903,-80517.0,-0.7021095744284952,-0.45263277696718496,0.2595978062157221,3657.0,0.0735090327520054,0.5289458350028778,0.5484460694698354
2016-11-15,123893,152433,2027539,2016-11-18,45.86,45.69,0.022543226088859836,0.13153862989713305,0.1365725541694025,-6999.0,-0.7666504676672391,-0.5581592412154429,0.2376599634369287,5786.0,0.15444308936755063,0.7242873657966487,0.5740402193784278
2016-11-22,154821,121499,1995504,2016-11-25,48.07,46.72,0.10659246575342474,0.10252568493150682,0.11322773972602729,30928.0,-0.48144961810474846,-0.05156676334436426,0.3619744058500914,-30934.0,-0.2782589685904991,-0.3867753912464997,0.45521023765996343
2016-11-29,158680,129201,2020026,2016-12-02,45.29,51.7,-0.0036750483558994906,0.004448742746615109,0.03965183752417789,3859.0,-0.4458640620241208,0.012125322516448996,0.37294332723948814,7702.0,-0.1705240733169199,-0.10526811776344591,0.48628884826325414
2016-12-06,242525,135101,2098290,2016-12-09,50.95,51.51,0.008153756552125913,0.009706853038244923,0.04795185400893032,83845.0,0.32730799021226786,1.371259743385596,0.6526508226691042,5900.0,-0.08799539477704489,0.11060019843519303,0.4990859232175503
2016-12-13,274757,148010,2104703,2016-12-16,52.99,51.93,0.0015405353360291585,0.0350471788946658,0.008280377431157282,32232.0,0.6245336039958361,1.8207244296756342,0.7257769652650823,12909.0,0.09257455628587823,0.5823526669245556,0.5539305301645339
2016-12-20,283753,152908,2029807,2016-12-23,52.22,52.01,0.03345510478754088,0.037877331282445637,0.006152662949432841,8996.0,0.7074897228093439,1.8767763422206185,0.7458866544789763,4898.0,0.1610873473855914,0.7537162907080717,0.5795246800731262
2016-12-27,285239,159693,2037834,2016-12-30,52.82,53.75,0.0042790697674417455,-0.02586046511627904,-0.010604651162790746,1486.0,0.7211927900121976,1.8196654539309456,0.7477148080438757,6785.0,0.2559953277064477,0.9892214629870294,0.603290676416819
2017-01-03,279697,160377,2089324,2017-01-06,52.36,53.98,-0.03001111522786215,-0.030566876620970684,-0.0031493145609483575,-5542.0,0.6700875420726178,1.67422567497011,0.7385740402193784,684.0,0.2655630592524264,0.9868631188636641,0.6087751371115173
2017-01-10,278360,155202,2114656,2017-01-13,50.82,52.36,-0.0005729564553094146,0.01566080977845674,0.02826585179526364,-1337.0,0.6577584701680314,1.6107755871079854,0.7349177330895795,-5175.0,0.19317561663482416,0.7701914535584504,0.5904936014625228
2017-01-17,343415,121263,2179122,2017-01-20,52.45,52.33,0.016243072807185177,0.028282056181922588,0.020638257213835276,65055.0,1.257659571703463,2.4743583571930143,0.8574040219378428,-33939.0,-0.2815601157320941,-0.4847081135761679,0.453382084095064
2017-01-24,366821,115702,2151809,2017-01-27,52.38,53.18,0.011846558856713152,0.012410680707032773,0.0152312899586311,23406.0,1.473496712315842,2.620733520055863,0.9085923217550275,-5561.0,-0.35934689223383054,-0.678459937661102,0.4405850091407678
2017-01-31,374464,118228,2181656,2017-02-03,52.75,53.81,0.0005575171901133213,-0.007433562534844951,-0.008920275041813808,7643.0,1.5439762161054862,2.549656687301323,0.9250457038391224,2526.0,-0.3240134274894705,-0.5748479479105509,0.44972577696526506
2017-02-07,352023,124967,2191158,2017-02-10,52.19,53.84,-0.007986627043090722,0.002786032689450213,-0.10754086181277867,-22441.0,1.3370377698745028,2.1219668910514105,0.8793418647166362,6739.0,-0.2297488911029929,-0.33516548670152035,0.473491773308958
2017-02-14,383532,124924,2183943,2017-02-17,53.21,53.41,0.010859389627410732,-0.001497846845160078,-0.09492604381202008,31509.0,1.6275962789557405,2.4149775605032615,0.943327239488117,-43.0,-0.2303503713025208,-0.35838643483247307,0.4716636197440585
2017-02-21,405328,151279,2103278,2017-02-24,54.02,53.99,-0.01222448601592896,-0.11002037414335997,-0.12391183552509732,21796.0,1.8285868931908686,2.509659061811742,0.9652650822669104,26355.0,0.13830103936161575,0.5975753591467486,0.5648994515539305
2017-02-28,368602,156652,2120334,2017-03-03,54.0,53.33,-0.09900618788674298,-0.09356834802175129,-0.052315769735608475,-36726.0,1.489920105780366,1.9266334216611,0.9104204753199269,5373.0,0.2134580884793697,0.7705946981564679,0.5941499085923218
2017-03-07,357178,151347,2137532,2017-03-10,52.68,48.05,0.006035379812695307,-0.015608740894901163,0.08740894901144647,-11424.0,1.3845743186165695,1.6939892776399876,0.8903107861060329,-5305.0,0.13925221735156684,0.536829627802711,0.56672760511883
2017-03-14,254820,178980,2240261,2017-03-17,47.24,48.34,-0.02151427389325622,0.04551096400496468,0.10033098882912683,-102358.0,0.44068565593170733,0.42785891061835296,0.6855575868372943,27633.0,0.5257801790621374,1.6469782082142603,0.6910420475319927
2017-03-21,233399,185118,2194206,2017-03-24,47.02,47.3,0.06849894291754755,0.10465116279069764,0.04947145877378434,-21421.0,0.24315308355463436,0.16442582452351134,0.623400365630713,6138.0,0.6116379805668413,1.874932944431242,0.7148080438756855
2017-03-28,210245,187835,2222462,2017-03-31,48.36,50.54,0.03383458646616533,0.05243371586861878,-0.02433715868618913,-23154.0,0.029639747070868555,-0.1186204364163812,0.5521023765996343,2717.0,0.6496431364300345,1.9226772861578572,0.7239488117001828
2017-04-04,227992,180390,2213064,2017-04-07,50.99,52.25,0.017990430622009557,-0.04995215311004786,-0.11521531100478477,17747.0,0.1932927306839545,0.08627999099165053,0.6142595978062158,-7445.0,0.5455031344420058,1.5314759232722337,0.7020109689213894
2017-04-11,277021,160022,2193567,2017-04-14,53.38,53.19,-0.06674186877232557,-0.07294604248918957,-0.10077082158300432,49029.0,0.6454109553735353,0.6663060834421417,0.7276051188299817,-20368.0,0.26059735062841693,0.6220640472261362,0.6069469835466179
2017-04-18,293105,150778,2161434,2017-04-21,52.46,49.64,-0.006647864625302091,-0.06869460112812253,0.013698630136986356,16084.0,0.7937286760267653,0.8399568474686067,0.7641681901279708,-9244.0,0.13129309564153482,0.16485941938057672,0.5630712979890311
2017-04-25,220950,190872,2188272,2017-04-28,49.22,49.31,-0.062461975258568336,-0.03001419590346799,0.005475562766173114,-72155.0,0.12835531531215355,-0.03368194199363856,0.583180987202925,40094.0,0.6921244240106448,1.972238002359781,0.7385740402193784
2017-05-02,163005,210139,2215531,2017-05-05,47.65,46.23,0.03460956089119627,0.08847069002812025,0.03136491455764667,-57945.0,-0.4059813125945498,-0.7205695981364127,0.39853747714808047,19267.0,0.9616295171339959,2.6873197977566408,0.8007312614259597
2017-05-09,115851,212900,2276413,2017-05-12,45.84,47.83,0.052059376960067016,0.0365879155341835,-0.042023834413547956,-47154.0,-0.8408093279938541,-1.2534528914917933,0.22120658135283364,2761.0,1.000250141108334,2.659913590302974,0.8098720292504571
2017-05-16,115560,213392,2337124,2017-05-19,48.64,50.32,-0.014705882352941235,-0.05246422893481717,-0.11108903020667737,-291.0,-0.8434927684757051,-1.214663079901627,0.21937842778793418,492.0,1.0071321936238626,2.4653828163915796,0.8171846435100548
2017-05-23,172744,200245,2211099,2017-05-26,51.12,49.58,-0.038321903993545736,-0.07583703106091166,-0.13553852359822505,57184.0,-0.31617366017961523,-0.5348504923147847,0.43875685557586835,-13147.0,0.8232331195961106,1.8142474373539936,0.7678244972577697
2017-05-30,185196,188559,2198081,2017-06-02,49.63,47.68,-0.03901006711409394,-0.06187080536912759,-0.03481543624161065,12452.0,-0.20134822760226997,-0.38317066303172975,0.4789762340036563,-11686.0,0.6597703844406904,1.286068368416294,0.7294332723948812
2017-06-06,201590,180879,2228585,2017-06-09,48.13,45.82,-0.02378873854212138,-0.06460061108686166,-0.03426451331296376,16394.0,-0.05017185901304753,-0.1940593550999323,0.526508226691042,-7680.0,0.5523432232226836,0.9409958358639291,0.7056672760511883
2017-06-13,168627,190372,2176740,2017-06-16,46.41,44.73,-0.04180639391906993,0.02883970489604315,0.04024144869215296,-32963.0,-0.3541383490585849,-0.5837254107285038,0.42047531992687387,9493.0,0.6851304682021807,1.277658327090225,0.7349177330895795
2017-06-20,110749,218015,2118015,2017-06-23,43.34,42.86,0.07372841810545983,0.032431171255249636,0.06812879141390571,-57878.0,-0.8878571401533157,-1.2287641206213407,0.20658135283363802,27643.0,1.0717983090289205,2.2091914871539196,0.829981718464351
2017-06-27,105983,221205,2143111,2017-06-30,44.25,46.02,-0.03846153846153855,0.011082138200782188,0.08039982616253782,-4766.0,-0.9318065468079597,-1.2603349942436581,0.19744058500914077,3190.0,1.1164197470869208,2.1730333661198693,0.8427787934186471
2017-07-03,127968,213079,2172632,2017-07-06,46.02,45.52,0.011862917398945516,0.026581722319859225,0.07710896309314585,21985.0,-0.7290730794763716,-1.0018192642785557,0.2449725776965265,-8126.0,1.002753977287764,1.782250993598641,0.8117001828153565
2017-07-11,157255,200770,2133575,2017-07-14,45.06,46.53,-0.01611863313990969,0.0685579196217494,0.04900064474532573,29287.0,-0.4590046210847309,-0.6691833610692145,0.3656307129798903,-12309.0,0.8305767731949978,1.2973835356408563,0.7714808043875686
2017-07-18,209341,187118,2140060,2017-07-21,46.4,45.78,0.08606378331148967,0.08278724333770193,0.06138051550895596,52086.0,0.021303560831716604,-0.09260722768576787,0.5502742230347349,-13652.0,0.6396138038006971,0.799465829948408,0.7184643510054844
2017-07-25,236860,186478,2149971,2017-07-28,47.77,49.72,-0.003016894609814913,-0.018302493966210753,-0.04163314561544651,27519.0,0.275068504543246,0.19678178107797015,0.6343692870201096,-640.0,0.6306615403658632,0.7646488874400801,0.716636197440585
2017-08-01,289879,196886,2219691,2017-08-04,49.19,49.57,-0.015331853943917673,-0.01977002219084112,-0.04539035707080896,53019.0,0.763980294602535,0.7870781105929153,0.7568555758683729,10408.0,0.7762477244748496,1.1292314849505496,0.7623400365630713
2017-08-08,285264,195365,2215548,2017-08-11,49.07,48.81,-0.004507273099774611,-0.02376562179881181,-0.028068018848596665,-4615.0,0.721423326136068,0.7022834813916291,0.7495429616087751,-1521.0,0.7549721109055021,1.0616952387468577,0.7568555758683729
2017-08-15,269297,194176,2311603,2017-08-18,47.57,48.59,-0.01934554435068958,-0.026137065239761337,0.026960279892981998,-15967.0,0.5741845145425511,0.47826965155350193,0.7221206581352834,-1189.0,0.7383404839929747,0.9990203259431342,0.7495429616087751
2017-08-22,252295,193153,2236977,2017-08-25,47.65,47.65,-0.00692549842602308,-0.004407135362014758,0.05624344176285412,-17002.0,0.4174015074208017,0.2580371879655032,0.676416819012797,-1023.0,0.7240308504088574,0.927933906659902,0.7458866544789763
2017-08-29,138559,227306,2247058,2017-09-01,46.46,47.32,0.002535925612848544,0.05452240067624681,0.09192730346576505,-113736.0,-0.6314087559599354,-1.1359113062427995,0.29250457038391225,34153.0,1.2017599958617984,1.9627606323346887,0.8647166361974405
2017-09-05,169675,212438,2326586,2017-09-08,48.63,47.44,0.05185497470489042,0.06091905564924116,0.0400505902192243,31116.0,-0.3444742747459397,-0.7600826703432504,0.4259597806215722,-14868.0,0.9937877259413133,1.4139514812006726,0.8080438756855576
2017-09-12,154078,220402,2345125,2017-09-15,48.21,49.9,0.008617234468937918,0.03547094188376754,0.030661322645290534,-15597.0,-0.48830115170617533,-0.9465680877322258,0.3583180987202925,7964.0,1.1051874540585276,1.5936971134598585,0.8391224862888482
2017-09-19,208459,209615,2377488,2017-09-22,49.54,50.33,0.026624279753626245,-0.01967017683290273,0.02582952513411496,54381.0,0.013170246381570562,-0.29753371178718113,0.5429616087751371,-10787.0,0.9542998514467256,1.2019299467505002,0.7970749542961609
2017-09-26,261107,193001,2411223,2017-09-29,51.59,51.67,-0.04509386491194112,-0.004644861621830865,0.04354557770466427,52648.0,0.49866088036262357,0.34047911816683174,0.6983546617915904,-16614.0,0.7219046878430844,0.650109069195137,0.7440585009140768
2017-10-03,250173,194143,2471226,2017-10-06,50.44,49.34,0.042359140656667904,0.046412646939602675,0.12748277259829743,-10934.0,0.39783360122668615,0.1954154336822423,0.6745886654478976,1142.0,0.7378788829096161,0.6574346994610127,0.7477148080438757
2017-10-10,238624,178437,2437479,2017-10-13,50.93,51.43,0.003888780867198127,0.048415321796616784,0.10344157106747032,-11549.0,0.29133513344353806,0.053145012408883294,0.6380255941499086,-15706.0,0.5181847430541454,0.14490188202753132,0.6837294332723949
2017-10-17,222134,207391,2440472,2017-10-20,51.87,51.63,0.044354057718380746,0.07747433662599268,0.08870811543676149,-16490.0,0.13927350613865347,-0.14549493654225246,0.5941499085923218,28954.0,0.9231907360106778,1.0297940897771694,0.7897623400365631
2017-10-24,239964,206863,2371940,2017-10-27,52.32,53.92,0.031713649851632164,0.05248516320474783,0.09310089020771506,17830.0,0.30369186968298895,0.08166622184040029,0.6453382084095064,-528.0,0.9158051186769398,0.9768432835939442,0.7861060329067642
2017-10-31,295232,207717,2509878,2017-11-03,54.36,55.63,0.02013302175085374,0.010426029120977898,0.0488944813949308,55268.0,0.8133426894456549,0.7581786931159015,0.773308957952468,854.0,0.9277507951977964,0.9660533951507723,0.7925045703839122
2017-11-07,340269,204937,2601977,2017-11-10,57.19,56.75,-0.00951541850220261,0.03859030837004407,0.007048458149779613,45037.0,1.2286489058756178,1.2768403377088189,0.8555758683729433,-2780.0,0.8888644009027366,0.8441416697243402,0.7824497257769653
2017-11-14,372239,224227,2627570,2017-11-17,55.67,56.21,0.04856787048567868,0.03807151752357241,0.019213663049279406,31970.0,1.5234585010810249,1.6122763449161763,0.9195612431444241,19290.0,1.158691215993277,1.3963365933549008,0.8482632541133455
2017-11-21,339492,237586,2512147,2017-11-24,56.84,58.94,-0.01001017984390895,-0.030369867662029204,-0.011706820495419046,-32747.0,1.2214838431457273,1.1552077727046788,0.8537477148080439,13359.0,1.3455557272838177,1.751346849426853,0.8829981718464351
2017-11-28,398106,211727,2489012,2017-12-01,57.96,58.35,-0.020565552699228884,-0.018166238217652175,0.03616109682947721,58614.0,1.7619896177272012,1.796436604176417,0.9597806215722121,-25859.0,0.9838423207816774,0.9039114830923575,0.8062157221206582
2017-12-05,395080,216048,2554224,2017-12-08,57.66,57.15,0.00244969378827653,0.01924759405074372,0.07594050743657044,-3026.0,1.7340855252939338,1.6752585189867113,0.9561243144424132,4321.0,1.0442840868784233,1.0072151120773396,0.8226691042047533
2017-12-12,390146,224351,2571686,2017-12-15,57.12,57.29,0.016756851108395976,0.055332518764182215,0.1209635189387328,-4934.0,1.688586915886881,1.5525251830090152,0.9506398537477148,8303.0,1.1604257170337762,1.2296815207058964,0.850091407678245
2017-12-19,375625,226214,2456059,2017-12-22,57.49,58.25,0.03793991416309006,0.05562231759656666,0.08806866952789694,-14521.0,1.5546823136980252,1.339342076168854,0.9305301645338209,1863.0,1.186485196376113,1.2403551729658713,0.8592321755027422
2017-12-26,404238,227923,2460193,2017-12-29,59.55,60.46,0.017036056897122176,0.06218987760502803,0.0960965927886206,28613.0,1.8185355181901213,1.6013109111275283,0.9634369287020109,1709.0,1.2103905373294428,1.2444900597723028,0.8665447897623401
2018-01-02,389136,235077,2479798,2018-01-05,60.37,61.49,0.044397463002114224,0.030736705155309796,0.06521385591153028,-15102.0,1.6792732564825188,1.3824786588233304,0.9488117001828154,7154.0,1.3104600570369456,1.4129562014995458,0.8811700182815356
2018-01-09,432650,224940,2545313,2018-01-12,62.92,64.22,-0.013080037371535291,0.031921519775770735,-0.078168794767985,43514.0,2.0805352122463,1.7716295886206093,0.9817184643510055,-10137.0,1.1686645969761467,1.048663842321471,0.8537477148080439
2018-01-16,483829,223958,2611581,2018-01-19,63.82,63.38,0.04559798043546848,0.03344903755127793,-0.02350899337330392,51179.0,2.552479543588731,2.1922080724285165,1.0,-982.0,1.1549284677683234,0.996288283282762,0.8464351005484461
2018-01-23,478557,238138,2593128,2018-01-26,64.45,66.27,-0.01161913384638591,-0.10668477440772584,-0.04149690659423555,-5272.0,2.503864085786951,2.047675368876475,0.9963436928702011,14180.0,1.353277054496362,1.4634809973265697,0.886654478976234
2018-01-30,482780,251778,2643683,2018-02-02,64.64,65.5,-0.09618320610687014,-0.055114503816793836,-0.06580152671755723,4223.0,2.542806247831131,2.006063472851009,0.9981718464351006,13640.0,1.5440721689512595,1.9320889303900015,0.9177330895795247
2018-02-06,467783,271314,2589270,2018-02-09,63.48,59.2,0.04543918918918921,0.0729729729729729,0.047635135135135176,-14997.0,2.4045122378437838,1.792217065071674,0.9945155393053017,19536.0,1.8173400102995643,2.5671764551543736,0.9524680073126143
2018-02-13,448400,263861,2530604,2018-02-16,59.33,61.89,0.02633704960413641,-0.011310389400549403,0.006463079657456738,-19383.0,2.225772970284622,1.5761844099883267,0.9872029250457038,-7453.0,1.7130881050186002,2.266971566717397,0.9378427787934186
2018-02-20,437931,251435,2431805,2018-02-23,61.91,63.52,-0.03668136020151147,-0.023614609571788403,0.035894206549118346,-10469.0,2.129233663052673,1.46313723585409,0.9835466179159049,-12426.0,1.5392743152666533,1.7389493444852018,0.9159049360146252
2018-02-27,460337,243767,2460214,2018-03-02,62.94,61.19,0.013564307893446648,0.017976793593724505,0.060140545840823734,22406.0,2.335849358710238,1.6192776939107962,0.9908592321755028,-7668.0,1.4320150089880495,1.4028452560676048,0.9012797074954296
2018-03-06,441124,245383,2451492,2018-03-09,62.54,62.02,0.004353434376007659,0.060948081264108334,0.00016123831022252233,-19213.0,2.1586777367933943,1.4115920110041418,0.9853747714808044,1616.0,1.4546194741610052,1.438944981127464,0.903107861060329
2018-03-13,425007,243526,2403162,2018-03-16,60.69,62.29,0.05634933376143847,0.04141916840584381,0.08123294268742964,-16117.0,2.0100557084566555,1.2231793282011922,0.9744058500914077,-1857.0,1.4286439222883698,1.311305933224493,0.8976234003656307
2018-03-20,456228,247480,2392391,2018-03-23,63.37,65.8,-0.014133738601823542,-0.05729483282674763,0.03738601823708221,31221.0,2.297958441390907,1.4301289742010435,0.9890310786106032,3954.0,1.4839521248217031,1.4104626515454215,0.9104204753199269
2018-03-27,463424,252346,2513575,2018-03-30,65.21,64.87,-0.04377986742716211,0.03823030676738082,0.04994604593802987,7196.0,2.364315959285749,1.4269190953829356,0.9926873857404022,4866.0,1.5520173027496746,1.5344866639601453,0.9195612431444241
2018-04-03,421064,278481,2547337,2018-04-06,63.41,62.03,0.08576495244236648,0.10043527325487678,0.12381105916491997,-42360.0,1.9736955509998235,1.0327766815534465,0.9707495429616088,26135.0,1.917591372858087,2.3921154591050597,0.9652650822669104
2018-04-10,416802,290278,2480033,2018-04-13,65.48,67.35,0.01351150705270987,0.01128433556050501,0.049591685226429094,-4262.0,1.9343937526024058,0.9662506197177878,0.9689213893967094,11797.0,2.082606766202986,2.665402761134403,0.979890310786106
2018-04-17,431557,296574,2596578,2018-04-20,66.5,68.26,-0.002197480222678072,0.0212423088192204,0.04351010840902436,14755.0,2.070456172910688,1.0543034671241034,0.979890310786106,6296.0,2.170674657743165,2.7498301735720148,0.9853747714808044
2018-04-24,424596,287827,2574820,2018-04-27,67.66,68.11,0.02349141095287033,0.03787990016150333,-0.0027896050506532877,-6961.0,2.006265694580227,0.9609702222405678,0.9725776965265083,-8747.0,2.0483223948298956,2.268608749002129,0.9780621572212066
2018-05-01,406101,284626,2621768,2018-05-04,67.28,69.71,0.014058241285324957,0.02180461913642251,-0.05594606225792553,-18495.0,1.83571507014094,0.7786959080263263,0.9670932358318098,-3201.0,2.003547089744109,2.0245961261857777,0.9744058500914077
2018-05-08,403121,276807,2658229,2018-05-11,68.83,70.69,0.0076389871268922604,-0.039185174706464765,-0.06959966048946109,-2980.0,1.808235164175594,0.7237802003303256,0.9616087751371115,-7819.0,1.8941756088113495,1.6761079298708492,0.9579524680073126
2018-05-15,377456,266988,2706454,2018-05-18,71.34,71.23,-0.04646918433244418,-0.07609153446581496,-0.08732275726519723,-25665.0,1.5715667794102899,0.47992100438786034,0.9323583180987203,-9819.0,1.756828304644734,1.3025248853041456,0.943327239488117
2018-05-22,354281,279105,2643354,2018-05-25,72.09,67.92,-0.031065959952885747,-0.03165488810365147,0.016195524146054074,-23175.0,1.3578597925824731,0.2554496807876746,0.8829981718464351,12117.0,1.92631982970705,1.6112277180195267,0.9670932358318098
2018-05-29,300987,306841,2620926,2018-06-01,66.8,65.81,-0.0006078103631668164,-0.012156207263333774,0.12642455553867182,-53294.0,0.8664121051606102,-0.2307919463012831,0.7879341864716636,27736.0,2.314288546314164,2.3167488898321578,0.9963436928702011
2018-06-05,286176,297400,2546827,2018-06-08,65.51,65.77,-0.011555420404439576,0.04941462672951191,0.1217880492625818,-14811.0,0.7298332839348584,-0.37989658797970516,0.7550274223034735,-9441.0,2.182228672738747,1.9329810049105733,0.9890310786106032
2018-06-12,290467,304826,2524439,2018-06-15,66.38,65.01,0.06168281802799558,0.14028610982925693,0.09260113828641736,4291.0,0.7694025042359658,-0.3695032859527095,0.7586837294332724,7426.0,2.286102904406054,2.03331372875296,0.9926873857404022
2018-06-19,295863,285084,2458404,2018-06-22,65.09,69.02,0.0740365111561867,0.06896551724137945,0.01869023471457565,5396.0,0.8191614212121426,-0.36708369421156867,0.7751371115173674,-19742.0,2.0099535532646624,1.3998776005491302,0.9762340036563071
2018-06-26,378871,246220,2423829,2018-06-29,75.23,74.13,-0.0047214353163360645,-0.04181842708754879,-0.07378928908673954,83008.0,1.584615124021352,0.3860017597003827,0.9360146252285192,-38864.0,1.466327356184374,0.2804779401955965,0.9085923217550275
2018-07-03,430828,225892,2466531,2018-07-06,74.19,73.78,-0.03727297370561122,-0.04703171591217126,-0.07169964760097591,51957.0,2.0637337395386286,0.8755528519207142,0.9780621572212066,-20328.0,1.181981088835462,-0.3066167207057611,0.8555758683729433
2018-07-10,429716,224749,2499172,2018-07-13,74.11,71.03,-0.01013656201604951,-0.03336618330282981,-0.048148669576235426,-1112.0,2.0534794927488753,0.8360485716720477,0.9762340036563071,-1143.0,1.1659929058573135,-0.3557086880667698,0.8519195612431444
2018-07-17,390762,240532,2440486,2018-07-20,68.03,70.31,-0.0234675010667047,-0.025885364812971212,-0.06229554828616124,-38954.0,1.6942673259790464,0.39359010688870555,0.9524680073126143,15783.0,1.3867641149072876,0.07138433107898437,0.8903107861060329
2018-07-24,383645,226826,2361062,2018-07-27,70.77,68.66,-0.002475968540635032,-0.015292746868628027,0.015292746868627916,-7117.0,1.6286383022356345,0.2902128909267126,0.9451553930530164,-13706.0,1.1950457982856728,-0.36295981935232835,0.8628884826325411
2018-07-31,384445,228955,2349169,2018-08-03,69.88,68.49,-0.01284859103518754,-0.037377719375091045,0.019710906701708497,800.0,1.6360154581994857,0.28029829436662274,0.946983546617916,2129.0,1.2248260621181124,-0.3222033249385163,0.8683729433272395
2018-08-07,379245,229682,2342575,2018-08-10,69.17,67.61,-0.02484839520780935,0.031060494009761852,0.0017748853719865565,-5200.0,1.5880639444344524,0.2040136311374973,0.9396709323583181,727.0,1.2349952738636192,-0.3256801855904421,0.870201096892139
2018-08-14,332508,240920,2329989,2018-08-17,67.04,65.93,0.05733353556802645,0.05930532382830278,0.04626118610647656,-46737.0,1.1570812715813055,-0.33297045694625205,0.8354661791590493,11238.0,1.3921914246146556,-0.0044258685620838034,0.8939670932358318
2018-08-21,331660,207125,2235767,2018-08-24,67.32,69.71,0.0018648687419309251,-0.028403385454023655,0.01563620714388181,-848.0,1.149261486259623,-0.3646710033189174,0.829981718464351,-33795.0,0.919469951520575,-1.0972525569261946,0.7879341864716636
2018-08-28,358237,192076,2240977,2018-08-31,68.54,69.84,-0.03021191294387171,-0.012313860252004538,0.047537227949598915,26577.0,1.3943398288237177,-0.1178236614608075,0.8921389396709324,-15049.0,0.708965869597426,-1.525363661467367,0.7404021937842779
2018-09-04,377741,187989,2303047,2018-09-07,69.82,67.73,0.01845563265908745,0.04532703381071901,0.0964122250110735,19504.0,1.574194891222412,0.07591199852688335,0.9341864716636198,-4087.0,0.6517972748190414,-1.6092202638639854,0.7257769652650823
2018-09-11,348568,195277,2281869,2018-09-14,69.29,68.98,0.026384459263554483,0.060597274572339765,0.035227602203537156,-29173.0,1.30517767755562,-0.3817715456544333,0.8738574040219378,7288.0,0.7537411746832124,-1.3498535395276896,0.7550274223034735
2018-09-18,326757,203609,2228937,2018-09-21,69.87,70.8,0.03333333333333344,0.04887005649717535,-0.023163841807909646,-21811.0,1.1040487416461697,-0.7600991055144071,0.8135283363802559,8332.0,0.8702884542754562,-1.0893189443643114,0.7769652650822669
2018-09-25,333641,226444,2225779,2018-09-28,73.4,73.16,0.015035538545653537,-0.02392017495899401,-0.07627118644067798,6884.0,1.16752916871511,-0.696170216890928,0.8372943327239488,22835.0,1.1897024160480063,-0.42494398557393137,0.8610603290676416
2018-10-02,329499,219410,2245589,2018-10-05,75.16,74.26,-0.03837866953945612,-0.06867761917586868,-0.15001346619983846,-4142.0,1.1293339437122698,-0.8088944366939524,0.8190127970749543,-7034.0,1.091311445734535,-0.6672930456824376,0.8354661791590493
2018-10-09,296677,231374,2217171,2018-10-12,74.95,71.41,-0.031508192129953816,-0.053633944825654645,-0.15712085142136956,-32822.0,0.8266676774053613,-1.388248638222776,0.7787934186471663,11964.0,1.2586628203194612,-0.33683927428953,0.8756855575868373
2018-10-16,249552,243677,2218887,2018-10-19,71.93,69.16,-0.02284557547715438,-0.08733371891266628,-0.1831983805668016,-47125.0,0.3921070839097466,-2.209782148429669,0.6709323583180987,12303.0,1.430756096942526,0.041176605913414197,0.8994515539305301
2018-10-23,199449,255829,2131494,2018-10-26,66.49,67.58,-0.06599585676235575,-0.10935187925421719,-0.19488014205386217,-50103.0,-0.06991497266130453,-2.9291111119986666,0.5173674588665448,12152.0,1.6007371989114347,0.4153095613217897,0.926873857404022
2018-10-30,186510,246128,2093055,2018-11-02,66.18,63.12,-0.046419518377693314,-0.10503802281368813,-0.1955006337135614,-12939.0,-0.18923124893164425,-2.89275670331341,0.4844606946983547,-9701.0,1.4650404683156164,0.0683066579308646,0.906764168190128
2018-11-06,148169,255614,2075239,2018-11-09,62.16,60.19,-0.06147200531649766,-0.09602924073766406,-0.12344243229772389,-38341.0,-0.5427906699441719,-3.0870946724841466,0.34186471663619744,9486.0,1.5977297979137952,0.36180284664746043,0.9250457038391224
2018-11-13,135681,245517,2110793,2018-11-16,55.63,56.49,-0.03682067622588081,-0.10107983713931668,-0.09258275801026739,-12488.0,-0.6579480745398905,-2.9162695446502434,0.2797074954296161,-10097.0,1.4564938543176735,0.0008963381857892813,0.9049360146252285
2018-11-20,132950,234237,1998866,2018-11-23,53.39,54.41,-0.06671567726520855,-0.03032530784782206,-0.16596213931262627,-2731.0,-0.6831318407114877,-2.691160950940765,0.2687385740402194,-11280.0,1.298710211278726,-0.3860462109057461,0.8793418647166362
2018-11-27,128444,219677,2020092,2018-11-30,51.31,50.78,0.03899172902717596,0.00945254037022436,-0.1108704214257582,-4506.0,-0.7246836716778801,-2.51457802248843,0.24680073126142596,-14560.0,1.0950462181362548,-0.8985318040034573,0.8372943327239488
2018-12-04,103980,226166,2048735,2018-12-07,53.21,52.76,-0.028430629264594387,-0.13987869598180436,-0.09476876421531466,-24464.0,-0.9502771010524523,-2.5425771889387017,0.18647166361974407,6489.0,1.1858137766185004,-0.6841317578550553,0.8574040219378428
2018-12-11,94640,214866,2050634,2018-12-14,51.65,51.26,-0.11470932500975406,-0.11919625438938741,0.00351150994927818,-9340.0,-1.0364053969304161,-2.428395472878412,0.14442413162705667,-11300.0,1.0277503753472144,-1.065874340759699,0.8190127970749543
2018-12-18,67296,242312,2063376,2018-12-21,46.12,45.38,-0.005068312031732081,0.05244601145879235,0.18113706478624936,-27344.0,-1.288556587774853,-2.4702141980124397,0.07312614259597806,27446.0,1.4116625975854193,-0.12504787470820192,0.8957952468007313
2018-12-24,76210,230102,2073992,2018-12-27,45.38,44.48,0.05485611510791388,0.17850719424460437,0.1901978417266188,8914.0,-1.20635662744764,-2.224691487897415,0.09323583180987204,-12210.0,1.240870196742729,-0.5523717518409321,0.8738574040219378
2018-12-31,78117,220596,2104675,2019-01-03,45.15,46.92,0.11722080136402391,0.10464620630861043,0.14748508098891744,1907.0,-1.1887713319188096,-2.069000073024164,0.10237659963436929,-9506.0,1.1079011089122117,-0.8688596295696827,0.8409506398537477
2019-01-08,59699,217512,2120930,2019-01-11,49.58,51.44,0.04199066874028001,0.04062986003110436,0.02546656298600314,-18418.0,-1.3586119050965757,-2.080212272606561,0.062157221206581355,-3084.0,1.0647623894856058,-0.9667636168152008,0.8263254113345521
2019-01-15,96462,210463,2103777,2019-01-18,51.8,53.6,-0.0013059701492537101,0.031529850746268684,0.03694029850746272,36763.0,-1.0196039242227448,-1.7097175660100508,0.15539305301645337,-7049.0,0.9661616004978806,-1.1907733842180055,0.8043875685557587
2019-01-22,125231,209628,2048817,2019-01-25,52.59,53.53,0.03287875957407049,-0.014571268447599484,0.06501027461236686,28769.0,-0.7543121743176978,-1.4279854869519137,0.2413162705667276,-835.0,0.9544816942977457,-1.184641670682792,0.7989031078610603
2019-01-29,153642,187269,2042018,2019-02-01,53.07,55.29,-0.04593959124615665,0.005245071441490223,0.00850063302586368,28411.0,-0.49232170170647427,-1.1657392873508545,0.3546617915904936,-22359.0,0.6417259784548532,-1.8349907108215104,0.720292504570384
2019-02-05,148005,173604,2057061,2019-02-08,53.69,52.75,0.05364928909952593,0.08075829383886246,0.05725118483412328,-5637.0,-0.5443029869167614,-1.1643499532905581,0.340036563071298,-13665.0,0.4505811662095326,-2.1355764453051873,0.6636197440585009
2019-02-12,136383,151831,2077398,2019-02-15,53.14,55.58,0.02572867938107226,0.0032385750269880997,0.05271680460597339,-11622.0,-0.651474620181611,-1.2062851272354136,0.2851919561243144,-21773.0,0.14602236657415998,-2.5785512338741383,0.5722120658135283
2019-02-19,143449,170518,2019218,2019-02-22,56.12,57.01,-0.02192597789861428,-0.021750570075425246,0.03262585511313798,7066.0,-0.5863158901308945,-1.1083885036318883,0.3053016453382084,18687.0,0.4074144709596929,-1.9126509229036077,0.6453382084095064
2019-02-26,147914,179757,2025884,2019-03-01,55.4,55.76,0.00017934002869446353,0.04931850789096126,0.07944763271162114,4465.0,-0.5451421384076495,-1.0350248976723084,0.33638025594149906,9239.0,0.5366487863884903,-1.5759928588104044,0.6983546617915904
2019-03-05,176067,172734,2067851,2019-03-08,56.55,55.77,0.04913035682266442,0.055585440200824676,0.13143266989420832,28153.0,-0.28553079859476793,-0.7839624977158512,0.44972577696526506,-7023.0,0.43841168310280526,-1.6839582022854027,0.6563071297989032
2019-03-12,183808,178457,2012864,2019-03-15,56.89,58.51,0.006152794394120642,0.028713040505896403,0.09143736113484868,7741.0,-0.21414759319955196,-0.6929746153414238,0.47714808043875684,5723.0,0.518464501286484,-1.4650062175791534,0.6855575868372943
2019-03-19,238665,176081,1962559,2019-03-22,59.12,58.87,0.02242228639374888,0.0718532359436046,0.08748089009682358,54857.0,0.29171321268668543,-0.23062556798428707,0.6398537477148081,-2376.0,0.48522922328466317,-1.4616937662840055,0.680073126142596
2019-03-26,267051,181568,1968511,2019-03-29,59.87,60.19,0.04834690147865106,0.060973583651769525,0.051503572021930566,28386.0,0.5534731491740387,0.029956211988312043,0.716636197440585,5487.0,0.5619808943267469,-1.2675203134625237,0.7093235831809872
2019-04-02,285702,195659,1975009,2019-04-05,62.53,63.1,0.01204437400950864,0.014580031695720974,-0.017749603803486558,18651.0,0.7254623190262766,0.2095006585210822,0.753199268738574,14091.0,0.759084556920879,-0.8735395790385411,0.7586837294332724
2019-04-09,320058,196604,2021814,2019-04-12,64.05,63.86,0.0025054807391167166,-0.008925775133103664,-0.03460695270905101,34356.0,1.04227428189387,0.5221219502910294,0.8062157221206582,945.0,0.7723031333988758,-0.8173796357324259,0.7605118829981719
2019-04-16,320048,195210,2092151,2019-04-19,64.01,64.02,-0.011402686660418548,-0.03186504217432051,-0.019525148391127622,-10.0,1.0421820674443218,0.5506317809757261,0.8043875685557587,-1394.0,0.7528039846048783,-0.8239737375161262,0.753199268738574
2019-04-23,330396,216963,2139213,2019-04-26,66.24,63.29,-0.02069837257070628,-0.025912466424395597,-0.07726339074103339,10348.0,1.1376055798367382,0.66778922634372,0.8244972577696527,21753.0,1.0570830260079123,-0.2095542860112186,0.8244972577696527
2019-04-30,315998,208105,2144648,2019-05-03,63.83,61.98,-0.005324298160697016,0.012746047111971803,-0.13697967086156815,-14398.0,1.0048352153773246,0.5638453695057689,0.8007312614259597,-8858.0,0.9331781049051644,-0.4240153275067737,0.7952468007312614
2019-05-07,281128,213208,2133539,2019-05-10,61.41,61.65,0.018167072181670907,-0.052716950527169515,-0.1248986212489861,-34870.0,0.6832834298029568,0.276189723483118,0.7422303473491774,5103.0,1.0045584178863478,-0.25063347245410333,0.8153564899451554
2019-05-14,264539,223269,2153657,2019-05-17,61.82,62.77,-0.0696192448621954,-0.14784132547395257,-0.16409112633423617,-16589.0,0.5303088794475456,0.1461988623771071,0.7129798903107861,10061.0,1.14529079666426,0.06593196157231279,0.8446069469835467
2019-05-21,238734,239664,2085029,2019-05-24,63.02,58.4,-0.08407534246575332,-0.07619863013698625,-0.017979452054794454,-25805.0,0.2923494923885676,-0.07307047745058587,0.6416819012797075,16395.0,1.3746226076237942,0.5858828389102267,0.8884826325411335
2019-05-28,201307,237631,2102854,2019-05-31,58.91,53.49,0.008599738268835422,-0.019068984856982718,0.08805384183959619,-37427.0,-0.05278152793525992,-0.4056968479185458,0.5246800731261426,-2033.0,1.3461851833065794,0.6046516272433744,0.8848263254113345
2019-06-04,170376,229792,2078407,2019-06-07,53.5,53.95,-0.027432808155699817,0.06302131603336414,0.057645968489342,-30931.0,-0.338010041832615,-0.6725170508386978,0.4296160877513711,-7839.0,1.236533944141481,0.4198598597398248,0.8720292504570384
2019-06-11,118401,233254,2057046,2019-06-14,53.3,52.47,0.09300552696779119,0.10920526014865639,0.1433199923765962,-51975.0,-0.8172946433590782,-1.115309413514458,0.22486288848263253,3462.0,1.2849600941592858,0.6447821933063504,0.8775137111517367
2019-06-18,152679,210408,2003618,2019-06-21,53.86,57.35,0.01482127288578905,-0.0050566695727986,-0.03365300784655623,34278.0,-0.5012019531979602,-0.7706641905748488,0.3510054844606947,-22846.0,0.9653922653589495,-0.18010416613454633,0.8025594149908593
2019-06-25,161211,217592,2004961,2019-06-28,57.63,58.2,-0.019587628865979423,0.030756013745704358,-0.03711340206185576,8532.0,-0.4225245848434863,-0.6619790276867618,0.3857404021937843,7184.0,1.06588142241496,0.1373475152039655,0.8281535648994516
2019-07-02,173609,219201,2031169,2019-07-05,56.0,57.06,0.05134945671223279,-0.02874167542937256,-0.02436032246757802,12398.0,-0.308197110293701,-0.5165284513106493,0.4405850091407678,1609.0,1.088387972206597,0.20971171989588436,0.8336380255941499
2019-07-09,177037,213112,1999766,2019-07-12,57.57,59.99,-0.07617936322720453,-0.06584430738456415,-0.09301550258376401,3428.0,-0.27658599698859826,-0.4530275644873748,0.453382084095064,-6089.0,1.0032155783711227,-0.03374931122683256,0.8135283363802559
2019-07-16,219643,204119,2089629,2019-07-19,57.44,55.42,0.011187297004691343,0.004511006856730448,-0.010645976181883898,42606.0,0.11630288675621152,0.006049211356547398,0.5758683729433273,-8993.0,0.8774222892000895,-0.3826118854900918,0.7787934186471663
2019-07-23,178724,219127,2056492,2019-07-26,56.58,56.04,-0.006602426837972852,-0.029086366880799464,-0.03497501784439683,-40919.0,-0.2610294193498269,-0.3848439003788189,0.4625228519195612,15008.0,1.0873528667469445,0.25497092520148545,0.8318098720292505
2019-07-30,180620,206671,2069072,2019-08-02,58.04,55.67,-0.022633375246991272,-0.015088916831327515,-0.010777797736662542,1896.0,-0.24354555971549932,-0.3336468310486885,0.46983546617915906,-12456.0,0.9131194396464897,-0.25273565062297615,0.7842778793418648
2019-08-06,178649,196992,2070210,2019-08-09,53.6,54.41,0.007719169270354653,-0.006065061569564434,0.03749310788458016,-1971.0,-0.2617210277214379,-0.3235884653750842,0.4606946983546618,-9679.0,0.7777304431062438,-0.6362172278724513,0.7641681901279708
2019-08-13,210389,171755,2059135,2019-08-16,57.05,54.83,-0.013678643078606556,0.004377165785154125,-0.001276673354003277,31740.0,0.030967635144361787,0.062139675002735144,0.5539305301645339,-25237.0,0.4247175176298328,-1.6290777602564184,0.6508226691042047
2019-08-20,220432,194203,2002847,2019-08-23,56.18,54.08,0.018306213017751594,0.04382396449704151,0.07100591715976345,10043.0,0.12357860682555985,0.20657260258562005,0.5795246800731262,22448.0,0.7387181576066318,-0.6764813868541165,0.7513711151736746
2019-08-27,193681,197969,2003007,2019-08-30,54.99,55.07,0.025059015798075235,-0.005629199201016899,0.01597966224804792,-26751.0,-0.12310426716067228,-0.0729596674571552,0.5027422303473492,3766.0,0.7913966327559825,-0.525900113726554,0.7659963436928702
2019-09-03,179596,204561,2082415,2019-09-06,53.91,56.45,-0.029937998228520946,0.026040744021257778,-0.06395039858281659,-14085.0,-0.252988319349229,-0.20748380807229858,0.4643510054844607,6592.0,0.8836049461347717,-0.26587560843732333,0.7806215722120659
2019-09-10,220488,207717,2080994,2019-09-13,57.37,54.76,0.05770635500365229,0.021731190650109644,0.0,40892.0,0.12409500774302944,0.3582408040411813,0.5813528336380256,3156.0,0.9277507951977964,-0.14356852819123436,0.7925045703839122
2019-09-17,226814,200291,2073041,2019-09-20,59.26,57.92,-0.03401243093922646,-0.08770718232044195,-0.07199585635359118,6326.0,0.18242986852718346,0.481220419229642,0.6124314442413162,-7426.0,0.8238765635304892,-0.454531360105616,0.7696526508226691
2019-09-24,208712,215450,2048088,2019-09-27,57.22,55.95,-0.05558534405719395,-0.021268990169794555,0.010187667560321634,-18102.0,0.01550327195513853,0.2775455177283556,0.5447897623400365,15159.0,1.0359193157315003,0.19573430459570224,0.8208409506398537
2019-10-01,141223,248096,2085676,2019-10-04,53.6,52.84,0.036336109008326956,0.01722180166540488,0.060560181680545,-67489.0,-0.6068428266003106,-0.6487020838876709,0.30347349177330896,32646.0,1.4925686783777308,1.5232747197584908,0.9122486288848263
2019-10-08,97063,258022,2105717,2019-10-11,52.64,54.76,-0.018444119795471114,0.03214024835646456,0.041271000730460194,-44160.0,-1.0140618358049016,-1.2537609782336436,0.15722120658135283,9926.0,1.6314126890873577,1.8604060720918918,0.9323583180987203
2019-10-15,90462,266422,2136717,2019-10-18,52.81,53.75,0.05153488372093018,0.04260465116279066,0.07051162790697663,-6601.0,-1.0749325939516294,-1.2974934955618915,0.12614259597806216,8400.0,1.7489111466695526,2.117842450985205,0.9414990859232175
2019-10-22,99852,266320,2081290,2019-10-25,54.21,56.52,-0.008492569002123251,0.008846426043878308,0.020523708421797515,9390.0,-0.988343225825925,-1.1180948361597163,0.17184643510054845,-102.0,1.747484379684626,2.0749604674128386,0.9396709323583181
2019-10-29,111453,271894,2045914,2019-11-01,55.34,56.04,0.017487508922198414,0.02676659528907921,0.03711634546752318,11601.0,-0.8813652429051265,-0.9206303099547798,0.21023765996343693,5574.0,1.8254529990373825,2.197220883478795,0.9542961608775137
2019-11-05,130202,275938,2083893,2019-11-08,57.04,57.02,0.009119607155384069,0.011574886004910523,0.03823219922834098,18749.0,-0.7084723714473169,-0.6432496546255402,0.25411334552102377,4044.0,1.882020113616239,2.2695435567937188,0.9561243144424132
2019-11-12,163519,261078,2151499,2019-11-15,56.67,57.54,0.0024330900243310083,0.010079944386513606,0.04466458116093164,33317.0,-0.40124148988777536,-0.17159365126052653,0.40219378427787933,-14860.0,1.6741597469886895,1.6928633166441442,0.9341864716636198
2019-11-19,138070,291905,2123596,2019-11-22,54.93,57.68,0.007628294036061023,0.026352288488210807,0.04767683772538134,-25449.0,-0.6359180425428396,-0.5410369502765504,0.2906764168190128,30827.0,2.105365098403728,2.5824601803109157,0.9817184643510055
2019-11-26,209187,261749,2187168,2019-11-29,58.25,58.12,0.018582243633860962,0.0342395044735031,0.06262904335856856,71117.0,0.01988345830867523,0.4656801874915436,0.5484460694698354,-30156.0,1.6835456356836482,1.5103471720313468,0.9360146252285192
2019-12-03,151189,276846,2163757,2019-12-06,56.15,59.2,0.015371621621621534,0.020777027027026884,0.06418918918918903,-57998.0,-0.5149419061806333,-0.3916491027932793,0.3473491773308958,15097.0,1.8947211373644097,1.903787495859069,0.9597806215722121
2019-12-10,241017,254522,2229813,2019-12-13,59.22,60.11,0.005323573448677399,0.027449675594742873,-0.01813342205955737,89828.0,0.3134020512204082,0.8875915851617527,0.6508226691042047,-22324.0,1.5824549984281098,1.1585198708208857,0.923217550274223
2019-12-17,285329,251048,2166584,2019-12-20,60.88,60.43,0.022008935958960807,0.042528545424458164,-0.031110375641237864,44312.0,0.7220227200581308,1.4875836193325485,0.7513711151736746,-3474.0,1.533860993470902,1.0399660517188698,0.9140767824497258
2019-12-24,293720,256357,2114661,2019-12-27,61.17,61.76,0.020077720207253957,-0.0443652849740932,-0.1241904145077719,8391.0,0.7993998646739761,1.5529457203911041,0.7678244972577697,5309.0,1.6081228162451726,1.1746569294158957,0.9287020109689214
2019-12-31,300778,254079,2145567,2020-01-03,61.14,63.0,-0.0631746031746031,-0.07063492063492072,-0.18126984126984125,7058.0,0.8644848231650539,1.5969530208147709,0.7861060329067642,-2278.0,1.5762583535818107,1.072803469022816,0.9213893967093236
2020-01-07,310527,256745,2244930,2020-01-10,62.7,59.02,-0.007963402236530137,-0.08353100643849543,-0.14706879024059638,9749.0,0.9543846900295367,1.6896920924786445,0.7970749542961609,2666.0,1.6135501259525407,1.1168614833764021,0.9305301645338209
2020-01-14,237049,293263,2215893,2020-01-17,58.34,58.55,-0.07617421007685732,-0.11904355251921428,-0.11135781383432952,-73478.0,0.2768113576397058,0.5544320970634641,0.6361974405850092,36518.0,2.1243606823795163,2.0713037765532802,0.9835466179159049
2020-01-21,243696,276872,2146832,2020-01-24,58.25,54.09,-0.046404141246071506,-0.06932889628397121,-0.013496025143279744,6647.0,0.33810630225435523,0.6275244121013245,0.6544789762340036,-16391.0,1.8950848230664499,1.5294284868839467,0.9616087751371115
2020-01-28,178459,283303,2172019,2020-01-31,53.33,51.58,-0.024040325707638477,0.008724311748739888,-0.13086467623109732,-65237.0,-0.2634731022628526,-0.39339012713400817,0.4570383912248629,6431.0,1.9850410826749136,1.6297662438677805,0.9707495429616088
2020-02-04,126709,270665,2271741,2020-02-07,49.59,50.34,0.03357171235597933,0.05999205403257846,-0.18275725069527216,-51750.0,-0.7406828786744826,-1.1853518661277473,0.24314442413162707,-12638.0,1.808261855660178,1.2351512517600316,0.946983546617916
2020-02-11,112393,284376,2213522,2020-02-14,50.0,52.03,0.02556217566788388,-0.13838170286373253,-0.39035172016144537,-14316.0,-0.8726970846476013,-1.3877474973094674,0.21389396709323583,13711.0,2.0000501118398772,1.5727603292479497,0.9725776965265083
2020-02-18,105323,306441,2138168,2020-02-21,52.1,53.36,-0.1598575712143928,-0.2290104947526237,-0.6349325337331334,-7070.0,-0.937892700478137,-1.4653530741882035,0.19378427787934185,22065.0,2.308693381667393,2.084411642981798,0.9945155393053017
2020-02-25,134431,297035,2179833,2020-02-28,49.78,44.83,-0.08231095248717368,-0.29243809948695065,-0.654695516395271,29108.0,-0.669474880733408,-1.017061751187412,0.2760511882998172,-9406.0,2.1771230849985685,1.7431189627149222,0.9872029250457038
2020-03-03,110488,277881,2196089,2020-03-06,47.27,41.14,-0.22897423432182795,-0.5264948954788526,-0.31064657267865825,-23943.0,-0.8902639372865222,-1.3371770399633982,0.20475319926873858,-19154.0,1.90919862588793,1.178990868227942,0.9634369287020109
2020-03-10,146784,240613,2220972,2020-03-13,34.47,31.72,-0.3858764186633039,-0.5119798234552333,-0.27805800756620436,36296.0,-0.5555623712065894,-0.7836650661688129,0.3272394881170018,-37268.0,1.3878971357482588,0.11201803588768369,0.8921389396709324
2020-03-17,158167,282070,2154450,2020-03-20,26.96,19.48,-0.20533880903490764,0.45585215605749485,-0.06006160164271057,11383.0,-0.45059466328594044,-0.5926630141831605,0.3692870201096892,41457.0,1.9677939876512414,1.2543757612807866,0.9689213893967094
2020-03-24,165060,270953,2141284,2020-03-27,21.03,15.48,0.8320413436692506,0.4793281653746768,0.032945736434108586,6893.0,-0.3870312432124068,-0.46573731614356784,0.40950639853747717,-11117.0,1.8122903742058531,0.9003587913089485,0.9488117001828154
2020-03-31,166202,268906,2340672,2020-04-03,20.51,28.36,-0.19252468265162204,-0.3543723554301834,-0.30465444287729204,1142.0,-0.3765003530740091,-0.4211978217849705,0.41316270566727603,-2047.0,1.7836571191260018,0.8072098172589964,0.9451553930530164
2020-04-07,180323,304572,2342227,2020-04-10,23.54,22.9,-0.2004366812227074,-0.30174672489082965,0.07991266375545858,14121.0,-0.24628432886707913,-0.17338267658699505,0.4680073126142596,35666.0,2.2825499748553546,1.7841887136847185,0.9908592321755028
2020-04-14,195355,315314,2353955,2020-04-17,20.15,18.31,-0.12670671764063346,0.07700709994538513,0.6078645548880395,15032.0,-0.10766756830631348,0.10410135544122438,0.506398537477148,10742.0,2.4328081214443946,1.9921340903596343,0.9981718464351006
2020-04-21,247478,339702,2276638,2020-04-24,8.91,15.99,0.23327079424640385,0.5465916197623515,1.0944340212632895,52123.0,0.3729818070734621,1.0269497136776564,0.6636197440585009,24388.0,2.7739453099580342,2.4811287631988144,1.0
2020-04-28,318366,271022,2261202,2020-05-01,12.4,19.72,0.254056795131846,0.49290060851927,0.8037525354969575,70888.0,1.0266715970303244,2.2338468601672044,0.8025594149908593,-68680.0,1.8132555401074213,0.5828148645170899,0.9506398537477148
2020-05-05,328601,202011,2243871,2020-05-08,24.56,24.73,0.1904569348968863,0.35422563687828545,0.5968459361099878,10235.0,1.121053086142847,2.3218079501018503,0.8153564899451554,-69011.0,0.8479357715116054,-1.2983303263801416,0.773308957952468
2020-05-12,351685,189334,2248020,2020-05-15,25.76,29.44,0.13756793478260865,0.2082201086956521,0.2309782608695652,23084.0,1.3339209214797756,2.541014636040373,0.8756855575868373,-12677.0,0.6706110159438096,-1.5935089337151427,0.7312614259597806
2020-05-19,360183,183420,2158749,2020-05-22,32.3,33.49,0.062108091967751466,0.17915795759928344,0.1860256793072559,8498.0,1.412284760705786,2.4870748941873693,0.8957952468007313,-5914.0,0.5878865066412975,-1.6756182562648636,0.7129798903107861
2020-05-26,374810,167764,2135678,2020-05-29,34.7,35.57,0.11020522912566766,0.018836097835254417,0.08321619342142261,14627.0,1.5471668360598518,2.4884612084902584,0.926873857404022,-15656.0,0.36889176236667326,-1.9697245295574923,0.6252285191956124
2020-06-02,394131,174199,2127664,2020-06-05,36.88,39.49,-0.08229931628260323,0.005824259306153268,0.027348695872372764,19321.0,1.7253343740318152,2.5258432522399676,0.9542961608775137,6435.0,0.45890397362160473,-1.7318112239597439,0.6709323583180987
2020-06-09,397549,170360,2126629,2020-06-12,38.98,36.24,0.0960264900662251,0.06318984547461359,0.11920529801324498,3418.0,1.7568532728873698,2.3835684247824243,0.9579524680073126,-3839.0,0.4052043809242183,-1.7429267524881376,0.643510054844607
2020-06-16,373061,173211,2076990,2020-06-19,38.26,39.72,-0.029959718026183246,0.02139979859013086,0.02089627391742188,-24488.0,1.531038528833882,1.9578288490321132,0.9213893967093236,2851.0,0.4450839169440799,-1.6254319995364002,0.659963436928702
2020-06-23,370088,190795,2003477,2020-06-26,40.4,38.53,0.05294575655333511,0.05268621853101485,0.07007526602647274,-2973.0,1.5036231729832197,1.8183382539889223,0.9140767824497258,17584.0,0.6910473548161413,-1.1942256754112155,0.7367458866544789
2020-06-30,374867,168959,2008618,2020-07-03,39.27,40.57,-0.00024648755237854925,-0.0004929751047573205,-0.011584914961794368,4779.0,1.5476924584222762,1.7752562741223517,0.9287020109689214,-21836.0,0.3856073167489022,-1.6321006544455552,0.6343692870201096
2020-07-07,361008,174309,1972049,2020-07-10,40.59,40.56,-0.0002465483234714849,0.016518737672583717,0.014792899408283988,-13859.0,1.4198924527935075,1.5447835577696298,0.8976234003656307,5350.0,0.4604426438994668,-1.4699476012414079,0.6727605118829981
2020-07-14,359989,179762,2019705,2020-07-17,40.3,40.55,0.01676942046855734,-0.011097410604192226,0.036991368680641123,-1019.0,1.410495800384552,1.471487477107217,0.8939670932358318,5453.0,0.536718725946575,-1.3253989640128605,0.70018281535649
2020-07-21,370122,178754,1956768,2020-07-24,41.76,41.23,-0.027407227746786167,-0.001697792869269965,0.02643706039291782,10133.0,1.5039367021116834,1.5098302579132719,0.9159049360146252,-1008.0,0.5226189110367117,-1.3106801484666133,0.6892138939670932
2020-07-28,351776,180793,1992556,2020-07-31,40.89,40.1,0.026433915211969916,0.0486284289276806,0.07132169576059844,-18346.0,1.3347600729706637,1.263739178268231,0.8775137111517367,2039.0,0.5511402628236277,-1.2434702060511313,0.7038391224862889
2020-08-04,362193,174073,2032921,2020-08-07,41.67,41.16,0.021622934888241074,0.02818270165208947,-0.0357142857142857,10417.0,1.4308198650649622,1.3165500718516454,0.8994515539305301,-6720.0,0.4571414967578718,-1.3619694159546458,0.6691042047531993
2020-08-11,347996,172939,2060880,2020-08-14,41.53,42.05,0.00642092746730083,0.021640903686088064,-0.11224732461355524,-14197.0,1.2999030110414664,1.129531120824087,0.870201096892139,-1134.0,0.44127920498427553,-1.3871191924937967,0.6581352833638026
2020-08-18,336736,173959,2044952,2020-08-21,42.89,42.32,0.01512287334593565,-0.06214555765595464,-0.029064272211720144,-11260.0,1.1960695408502595,0.9831566252943427,0.8446069469835467,1020.0,0.45554687483354206,-1.3450309333849388,0.6672760511882998
2020-08-25,331785,168914,2052448,2020-08-28,43.17,42.96,-0.07611731843575431,-0.13105214152700195,-0.06750465549348228,-4951.0,1.150414166878975,0.9011523404069409,0.8318098720292505,-5045.0,0.38497786072614043,-1.4194852755995313,0.6325411334552102
2020-09-01,329588,161327,2064137,2020-09-04,42.76,39.69,-0.05946082136558328,0.03527336860670216,-0.07029478458049887,-2197.0,1.1301546523132484,0.8474974685761003,0.8208409506398537,-7587.0,0.27885157528850796,-1.5289299451127372,0.6124314442413162
2020-09-08,261119,188247,2046660,2020-09-11,36.87,37.33,0.10072327886418453,0.07313152960085723,0.08331100991159923,-68469.0,0.4987715377020814,0.15654027247824662,0.70018281535649,26920.0,0.6554061560162088,-0.974257532423343,0.7276051188299817
2020-09-15,291866,157878,2108987,2020-09-18,38.29,41.09,-0.025066926259430522,-0.10197128255049903,-0.0094913604283281,30747.0,0.7823033057277506,0.4502162717712556,0.7623400365630713,-30369.0,0.2306072681217234,-1.5365678457683891,0.5959780621572212
2020-09-22,323216,149553,2028620,2020-09-25,39.55,40.06,-0.07888167748377439,0.00948577134298545,-0.008237643534698136,31350.0,1.0713956050611728,0.7377563938063968,0.8080438756855576,-8325.0,0.11415790391079808,-1.6333449061098937,0.5594149908592322
2020-09-29,302458,159453,2078331,2020-10-02,39.03,36.9,0.09593495934959351,0.10298102981029822,-0.03414634146341455,-20758.0,0.8799768506891417,0.5053733163358758,0.793418647166362,9900.0,0.25263822891838494,-1.385307361645203,0.6014625228519196
2020-10-06,306695,164841,2111762,2020-10-09,40.52,40.44,0.006429277942631151,-0.017556874381800203,-0.08580613254203762,4237.0,0.9190481129626891,0.5184752055730925,0.7952468007312614,5388.0,0.32800509671039285,-1.2342382971767254,0.6197440585009141
2020-10-13,298039,174758,2059382,2020-10-16,40.03,40.7,-0.023832923832924013,-0.12432432432432439,-0.018918918918918948,-8656.0,0.8392272854338182,0.3998681538908112,0.7806215722120659,9917.0,0.4667232162154675,-1.011581583169741,0.6745886654478976
2020-10-20,337537,152811,2008815,2020-10-23,41.37,39.73,-0.10294487792600038,-0.06946891517744769,0.05688396677573637,39498.0,1.2034559182590656,0.7846397833405155,0.8464351005484461,-21947.0,0.1597305199587494,-1.356929313277501,0.5758683729433273
2020-10-27,300339,171751,2011744,2020-10-30,39.34,35.64,0.03731762065095401,0.12037037037037024,0.2789001122334456,-37198.0,0.8604366088298906,0.3546246487830067,0.7842778793418648,18940.0,0.4246615659833651,-0.9747161722758593,0.6489945155393053
2020-11-03,263439,179021,2013491,2020-11-06,37.44,36.97,0.08006491750067624,0.13578577224776844,0.250473356775764,-36900.0,0.5201652899972501,-0.08293312953628569,0.7020109689213894,7270.0,0.5263536834384314,-0.8105959855888588,0.6928702010968921
2020-11-10,294341,169197,2053450,2020-11-13,41.18,39.93,0.05159028299524171,0.14149762083646378,0.16679188580015025,30902.0,0.8051263819909156,0.2411700769443023,0.7714808043875686,-9824.0,0.38893643971373104,-0.9526592060551761,0.6361974405850092
2020-11-17,299828,180983,2083804,2020-11-20,41.24,41.99,0.08549654679685625,0.10097642295784692,0.16789711836151455,5487.0,0.8557244504579806,0.2747463230600051,0.7824497257769653,11786.0,0.5537979660308441,-0.7087987752931375,0.7074954296160878
2020-11-24,330102,192537,2083018,2020-11-27,44.71,45.58,0.014260640631855948,0.022158841597191836,0.057042562527424234,30274.0,1.1348944750200227,0.6041156086131257,0.8226691042047533,11554.0,0.7154142968528298,-0.4750001429872891,0.7422303473491774
2020-12-01,338534,178631,2122605,2020-12-04,44.54,46.23,0.0077871512005192045,0.06078304131516332,0.04585766818083514,8432.0,1.2126496988790154,0.6729745206109973,0.850091407678245,-13906.0,0.5208983979078295,-0.7000054977254251,0.6873857404021938
2020-12-08,339362,175267,2131913,2020-12-11,45.64,46.59,0.052586391929598575,0.0341274951706374,0.11912427559562122,828.0,1.2202850553016014,0.6590087935982594,0.8519195612431444,-3364.0,0.4738430632284838,-0.7336377213825676,0.676416819012797
2020-12-15,345617,168187,2154618,2020-12-18,47.58,49.04,-0.01753670473083191,-0.014070146818923268,0.06545676998368677,6255.0,1.2779651934939638,0.7162831157106297,0.8665447897623401,-7080.0,0.3748086489806338,-0.8328124562335848,0.6270566727605119
2020-12-21,335769,189933,2120797,2020-12-24,47.79,48.18,0.0035284350352844385,0.05085097550850981,0.10004151100041514,-9848.0,1.1871524035789542,0.587613249778796,0.8409506398537477,21746.0,0.6789897750023494,-0.4108198866962413,0.7330895795246801
2020-12-29,332363,179368,2121502,2021-01-01,47.85,48.35,0.07838676318510851,0.08066184074457072,0.0788004136504652,-3406.0,1.1557441620628575,0.5386630278033817,0.8336380255941499,-10565.0,0.5312074887695054,-0.5811340849245559,0.6946983546617916
2021-01-05,331199,187450,2169541,2021-01-08,49.78,52.14,0.0021097046413502962,0.00268507863444567,0.08937476026083613,-1164.0,1.145010400135454,0.5192258488988255,0.8281535648994516,8082.0,0.6442577904575172,-0.4088467602990665,0.7221206581352834
2021-01-12,348044,179673,2234696,2021-01-15,53.08,52.25,0.0005741626794257826,-0.0017224880382775698,0.13875598086124397,16845.0,1.3003456403992975,0.6919325562830148,0.8720292504570384,-7777.0,0.5354738018126685,-0.5244571549078971,0.696526508226691
2021-01-19,344709,163875,2217037,2021-01-22,52.87,52.28,-0.002295332823259444,0.08645753634276954,0.1308339709257842,-3335.0,1.2695921214749923,0.6290739521469827,0.8610603290676416,-15798.0,0.3144927740884404,-0.7930701693530768,0.6179159049360147
2021-01-26,336241,168371,2316660,2021-01-29,52.61,52.16,0.08895705521472386,0.14072085889570563,0.18002300613496924,-8468.0,1.1915049255976267,0.501186290536696,0.8427787934186471,4496.0,0.37738242471814853,-0.6760939806890529,0.6288848263254113
2021-02-02,345233,153941,2389677,2021-02-05,54.77,56.8,0.04753521126760574,0.04084507042253516,0.16338028169014085,8992.0,1.274424158631315,0.579869820108531,0.8647166361974405,-14430.0,0.175536860085878,-0.9238191111574704,0.5850091407678245
2021-02-09,369481,144777,2446808,2021-02-12,58.34,59.5,-0.006386554621848783,0.03445378151260492,0.10235294117647054,24248.0,1.4980257558956476,0.8597105312419745,0.9122486288848263,-9164.0,0.04735163802835011,-1.069645436849259,0.5429616087751371
2021-02-16,378972,135741,2507620,2021-02-19,60.07,59.12,0.04110284167794309,0.11772665764546697,0.03907307171853858,9491.0,1.5855464899617882,0.9718919456140254,0.9378427787934186,-9036.0,-0.079043131342211,-1.2268234575642594,0.5027422303473492
2021-02-23,364230,147610,2460204,2021-02-26,61.66,61.55,0.0735987002437044,0.06563769293257526,-0.010073111291632797,-14742.0,1.4496039484379186,0.7467908700420104,0.906764168190128,11869.0,0.08697939163910703,-0.954957756986495,0.5521023765996343
2021-03-02,363391,155628,2491831,2021-03-05,59.7,66.08,-0.00741525423728806,-0.07036924939467315,-0.07067191283292984,-839.0,1.4418671561208296,0.7253410772182493,0.903107861060329,8018.0,0.1991344669836355,-0.7525525093107209,0.5923217550274223
2021-03-09,364146,173292,2494636,2021-03-12,64.02,65.59,-0.06342430248513498,-0.07104741576459828,-0.09605122732123805,755.0,1.4488293470617142,0.7222821559508076,0.9049360146252285,17664.0,0.44621693778505106,-0.33372087903577013,0.6617915904936015
2021-03-16,362433,163009,2523179,2021-03-19,64.82,61.43,-0.008139345596614,-0.0003255738238646666,0.0281621357642845,-1713.0,1.4330330118541177,0.6775499280289403,0.9012797074954296,-10283.0,0.3023792426281808,-0.5368677233376993,0.6160877513711152
2021-03-23,353364,169691,2321767,2021-03-26,57.75,60.93,0.007877892663712416,-0.026916133267684272,0.020515345478417935,-9069.0,1.3494037275589086,0.48480187468151464,0.8811700182815356,6682.0,0.39584646805249346,-0.34710737026390265,0.6380255941499086
2021-03-30,355918,175392,2327016,2021-04-02,60.55,61.41,-0.03452206481029141,0.02849698746132545,0.03403354502524025,2554.0,1.3729552979735038,0.5223209071008666,0.886654478976234,5701.0,0.4755915521805998,-0.1705735855830982,0.6782449725776966
2021-04-06,334393,177332,2340357,2021-04-09,59.34,59.29,0.06527238994771456,0.048743464327879904,0.09563164108618638,-21525.0,1.17446369532113,-0.05201513263246889,0.8391224862888482,1940.0,0.5027281007174401,-0.06469774549329836,0.6819012797074955
2021-04-13,343591,149087,2301831,2021-04-16,60.2,63.16,-0.015516149461684559,0.005383153894870318,0.03419886003799877,9198.0,1.2592825460155104,0.1381779353913085,0.8592321755027422,-28245.0,0.10763953709730964,-0.9204324714783764,0.5557586837294333
2021-04-20,337741,162242,2346793,2021-04-23,62.61,62.18,0.021228690897394653,0.04470890961724017,0.022997748472177504,-5850.0,1.2053370930298477,-0.10938180103174404,0.8482632541133455,13155.0,0.29165051441799705,-0.5663821578185823,0.6142595978062158
2021-04-27,344937,144774,2353470,2021-04-30,63.03,63.5,0.02299212598425182,0.02866141732283456,0.04425196850393709,7196.0,1.27169461092469,0.12076795809401386,0.8628884826325411,-17468.0,0.047309674293499325,-1.8977234545610953,0.5411334552102377
2021-05-04,355316,144697,2419641,2021-05-07,65.72,64.96,0.005541871921182162,-0.020782019704433385,0.07096674876847286,10379.0,1.3674039881107056,0.4612657497787035,0.8848263254113345,-77.0,0.04623260509899587,-1.8597773053142543,0.5393053016453382
2021-05-11,331020,165541,2444466,2021-05-14,65.31,65.32,-0.026178812002449425,0.015156154317207626,0.0869565217391306,-24296.0,1.1433597614885422,-0.36356912279342,0.8263254113345521,20844.0,0.3377966348422424,-0.26558975259467593,0.6215722120658135
2021-05-18,314834,161113,2458804,2021-05-21,65.49,63.61,0.042446156264738244,0.09369595975475553,0.12623801289105496,-16186.0,0.9941014534499211,-0.8887297038490732,0.7989031078610603,-4428.0,0.2758581622024854,-0.5776131070835439,0.6106032906764168
2021-05-25,326274,149216,2426045,2021-05-28,66.27,66.31,0.04916302216860191,0.07072839692354083,0.11913738500980231,11440.0,1.0995947837329945,-0.4686834754751169,0.8117001828153565,-11897.0,0.10944397769589335,-1.4410095168536359,0.5575868372943327
2021-06-01,346046,145251,2507073,2021-06-04,67.8,69.57,0.020554836854966396,0.02975420439844778,0.08336926836280023,19772.0,1.2819211933795789,0.2602781735292708,0.8683729433272395,-3965.0,0.053981908134773965,-1.6565024779484891,0.5447897623400365
2021-06-08,371409,139090,2511533,2021-06-11,70.11,71.0,0.00901408450704233,0.045211267605633765,0.0501408450704226,25363.0,1.515804701768529,1.2300314023807088,0.9177330895795247,-6161.0,-0.032197615337119234,-1.9866610533010711,0.5155393053016454
2021-06-15,382611,141345,2474859,2021-06-18,72.06,71.64,0.03587381351200447,0.05206588498045783,0.0016750418760469454,11202.0,1.6191033281523566,1.6234842752780774,0.9414990859232175,2255.0,-0.0006548746409466723,-1.7329100841299587,0.5283363802559415
2021-06-22,374397,151764,2348317,2021-06-25,73.15,74.21,0.015631316534159945,0.004716345505996644,-0.026546287562323134,-8214.0,1.5433583792935137,1.3131230577238304,0.923217550274223,10419.0,0.1450851764958258,-0.980201356556505,0.5703839122486288
2021-06-29,356103,166387,2369631,2021-07-02,73.14,75.37,-0.010746981557648971,-0.047897041263102014,-0.01910574499137585,-18294.0,1.3746612652901444,0.6642834829375306,0.8884826325411335,14623.0,0.3496304080701635,0.052242763808473716,0.623400365630713
2021-07-06,325879,171472,2413946,2021-07-09,73.62,74.56,-0.037553648068669454,-0.03111587982832631,-0.08449570815450635,-30224.0,1.0959523129758428,-0.4360749643446227,0.8098720292504571,5085.0,0.4207589386422422,0.41487871014124333,0.6471663619744058
2021-07-13,328943,170153,2413536,2021-07-16,75.24,71.76,0.006688963210702115,0.03023968784838349,-0.047380156075808366,3064.0,1.1242068203173932,-0.30112621709354187,0.8171846435100548,-1319.0,0.4023088832195142,0.3378250480784334,0.6398537477148081
2021-07-20,280351,168389,2243475,2021-07-23,67.32,72.24,0.023394241417497463,-0.05509413067552593,-0.13828903654485047,-48592.0,0.6761183670730663,-2.009960039762477,0.7404021937842779,-1764.0,0.37763420712725326,0.22839734145840496,0.6307129798903108
2021-07-27,277610,172154,2326985,2021-07-30,71.68,73.93,-0.07669417016096314,-0.07534153929392673,-0.06884891113215208,-2741.0,0.6508423864519208,-1.984233265775839,0.7294332723948812,3765.0,0.4302986943649871,0.5155283831506302,0.6526508226691042
2021-08-03,260240,170287,2313202,2021-08-06,70.64,68.26,0.0014649868151186407,-0.08804570758863173,0.015821857603281586,-17370.0,0.49066588758679974,-2.404538782957221,0.6946983546617916,-1867.0,0.40418326337618254,0.3865695250597937,0.6416819012797075
2021-08-10,247542,152871,2194794,2021-08-13,68.33,68.36,-0.08937975424224687,0.00702165008777067,0.021357519016968807,-12698.0,0.37357197955057025,-2.5858594025846524,0.6654478976234004,-17416.0,0.16056979465576507,-0.8477383172324037,0.5776965265082267
2021-08-17,249175,155148,2135698,2021-08-20,66.5,62.25,0.10586345381526119,0.11389558232931729,0.15807228915662663,1633.0,0.38863059916178166,-2.345156862134502,0.6691042047531993,2277.0,0.19242026940751006,-0.6569041577812377,0.5886654478976234
2021-08-24,240128,134184,2042879,2021-08-27,67.5,68.84,0.007263219058686765,0.014235909355025944,0.07757117954677528,-9047.0,0.30520418665557847,-2.411124917495623,0.6489945155393053,-20964.0,-0.10082230972976784,-2.040285225736081,0.4954296160877514
2021-08-31,238944,117584,2074185,2021-09-03,68.43,69.34,0.006922411306605092,0.039659648110758505,0.0961926737813672,-1184.0,0.29428599582907855,-2.271293663047596,0.643510054844607,-16600.0,-0.3330216425707721,-2.8712284812118543,0.4460694698354662
2021-09-07,235457,113701,2107706,2021-09-10,68.49,69.82,0.03251217416213126,0.062446290461186216,0.1393583500429676,-3487.0,0.2621308172716418,-2.290942084997827,0.6307129798903108,-3883.0,-0.38733670337930337,-2.850274571282342,0.4369287020109689
2021-09-14,258231,96833,2145165,2021-09-17,70.53,72.09,0.028991538354834256,0.05437647385212929,0.14287695935636013,22774.0,0.4721400046725782,-1.6520933064288015,0.6910420475319927,-16868.0,-0.6232847965336443,-3.3491734313061214,0.3546617915904936
2021-09-21,245810,110168,2101558,2021-09-24,70.51,74.18,0.02466972229711506,0.07239148018333763,0.139525478565651,-12421.0,0.3576004368888322,-1.8617890242787272,0.659963436928702,13335.0,-0.4367559951219099,-2.45240048393896,0.42230347349177333
2021-09-28,257917,115897,2175199,2021-10-01,75.44,76.01,0.046572819365872764,0.08393632416787256,0.09853966583344298,12107.0,0.4692444709567666,-1.5136885147881378,0.6892138939670932,5729.0,-0.3566192494685296,-2.036687008766708,0.4424131627056673
2021-10-05,278106,120201,2230794,2021-10-08,79.17,79.55,0.035700817096165904,0.06260213702074169,0.021370207416719023,20189.0,0.6554162231495085,-1.008891906734392,0.7330895795246801,4304.0,-0.2964152778692716,-1.737699745097239,0.4515539305301645
2021-10-12,294148,110628,2231227,2021-10-15,80.75,82.39,0.025974025974025983,0.013472508799611704,-0.01844884087874732,16042.0,0.8033466431146364,-0.6263672959750606,0.7696526508226691,-9573.0,-0.43032155577812303,-2.0481236746688944,0.42413162705667273
2021-10-19,301474,128120,2205089,2021-10-22,83.19,84.53,-0.012185023068733036,-0.03880279190819824,-0.09960960605702118,7326.0,0.8709029488536046,-0.43641660685004935,0.7897623400365631,17492.0,-0.18564500577481904,-1.2262898356539975,0.4826325411334552
2021-10-26,291608,132110,2144359,2021-10-29,85.64,83.5,-0.026946107784431184,-0.03149700598802385,-0.062035928143712615,-9866.0,0.7799241729294086,-0.664414350468543,0.7605118829981719,3990.0,-0.12983323842327643,-1.0113980904393578,0.489945155393053
2021-11-02,277817,141476,2121461,2021-11-05,83.91,81.25,-0.004676923076923023,-0.06326153846153848,-0.1828923076923077,-13791.0,0.6527512255575673,-1.0042035214528113,0.7312614259597806,9366.0,0.0011775417808708914,-0.5734561494659972,0.5301645338208409
2021-11-09,296233,125079,2081385,2021-11-12,84.12,80.87,-0.05885989860269569,-0.0315320885371585,-0.1132682082354397,18416.0,0.8225733558454239,-0.5672147783061022,0.7769652650822669,-16397.0,-0.228182245001897,-1.2461886832960227,0.4753199268738574
2021-11-16,271747,144038,2057633,2021-11-19,80.76,76.11,0.029036920247010878,-0.12770989357508866,-0.0680593877282879,-24486.0,0.5967770546818457,-1.1255646120553406,0.7239488117001828,18959.0,0.03701457134344034,-0.3919664760124962,0.5374771480804388
2021-11-23,268340,139317,2028573,2021-11-26,78.32,78.32,-0.15232379979570987,-0.08439734422880485,-0.056562819203268555,-3407.0,0.565359591720794,-1.162839129573035,0.7184643510054844,-4721.0,-0.029022359400076587,-0.5712519075884654,0.5191956124314442
2021-11-30,233706,153528,2033286,2021-12-03,66.14,66.39,0.08013255008284359,0.0683837927398705,0.13465883416177138,-34634.0,0.2459840671557623,-1.859281307818883,0.6252285191956124,14211.0,0.16975985258808673,0.09860204985078755,0.583180987202925
2021-12-07,226493,140739,1972536,2021-12-10,71.94,71.71,-0.01087714405243323,0.030400223120903735,0.10165946172081997,-7213.0,0.17946978469668814,-1.9062232967914858,0.6106032906764168,-12789.0,-0.00913154908080502,-0.46569977355500514,0.526508226691042
2021-12-14,211854,135283,1953397,2021-12-17,70.57,70.93,0.04173128436486673,0.062032990272099076,0.18172846468349046,-14639.0,0.04447705200316445,-2.083847815886174,0.5630712979890311,-5456.0,-0.085449594862764,-0.6918261380746121,0.5009140767824497
2021-12-21,216913,123342,1892701,2021-12-24,71.1,73.89,0.01948842874543244,0.06915685478413858,0.15252402219515493,5059.0,0.09112834202956901,-1.867856968720108,0.5740402193784278,-11941.0,-0.2524792474805009,-1.214352694748053,0.4625228519195612
2021-12-28,233873,104556,1867339,2021-12-31,76.01,75.33,0.04871896986592339,0.11270410195141367,0.16381255807779116,16960.0,0.24752404846321624,-1.4584133450036876,0.6270566727605119,-18786.0,-0.5152561551161097,-2.0016036474974994,0.3930530164533821
2022-01-04,233355,99470,1887131,2022-01-07,77.0,79.0,0.06101265822784807,0.07797468354430381,0.16797468354430367,-518.0,0.24274733997662254,-1.4064101462743912,0.6215722120658135,-5086.0,-0.5863986735998052,-2.136150622123479,0.36380255941499084
2022-01-11,258654,101851,1966615,2022-01-14,81.17,83.82,0.015986638033882228,0.04593175853018394,0.11071343354807928,25299.0,0.4760406758884646,-0.8790677869070268,0.6928702010968921,2381.0,-0.5530934560398998,-1.9313125362370223,0.37477148080438755
2022-01-18,279511,106270,2059564,2022-01-21,85.42,85.16,0.029473931423203537,0.08348990136214174,0.07162987317989677,20857.0,0.6683723533110224,-0.4504045807813421,0.7367458866544789,4419.0,-0.4912808746046951,-1.6469995428164317,0.4113345521023766
2022-01-25,263854,109561,2095994,2022-01-28,86.61,87.67,0.05246948785217276,0.06193680848636918,0.04573970571461161,-15657.0,0.5239921896534979,-0.7286893369582359,0.7074954296160878,3291.0,-0.44524665747338515,-1.4376410175925207,0.42047531992687387
2022-02-01,269135,99769,2093735,2022-02-04,88.22,92.27,0.008995339763736787,-0.010946136339004986,0.2546873306600195,5281.0,0.5726906404598713,-0.5991829598864932,0.720292504570384,-9792.0,-0.5822162880263438,-1.7737636968964694,0.3656307129798903
2022-02-08,260644,102739,2170681,2022-02-11,89.32,93.1,-0.019763694951664745,-0.015252416756176057,0.1741138560687434,-8491.0,0.49439135134854467,-0.7344411867137038,0.696526508226691,2970.0,-0.5406721905240678,-1.5717769122652363,0.3802559414990859
2022-02-15,253455,94638,2122758,2022-02-18,92.07,91.26,0.00460223537146609,0.2685733070348453,0.14716195485426242,-7189.0,0.42809838356838603,-0.8455021789920606,0.6782449725776966,-8101.0,-0.6539882625328012,-1.8180253531147648,0.34552102376599636
2022-02-22,233237,105804,2058132,2022-02-25,92.11,91.68,0.26276178010471196,0.19229930191972078,0.2674520069808026,-20218.0,0.24165920947195446,-1.2101987601041446,0.6197440585009141,11166.0,-0.49779924141818355,-1.3097525422488143,0.4076782449725777
2022-03-01,244277,124386,2028476,2022-03-04,103.66,115.77,-0.05580029368575623,-0.09570700526906795,-0.14209207912239785,11040.0,0.3434639617731022,-0.949891956719561,0.6563071297989032,18582.0,-0.23787586775242806,-0.5423570336099077,0.4680073126142596
2022-03-08,234837,126828,1896974,2022-03-11,123.64,109.31,-0.04226511755557594,0.063031744579636,-0.10026530052145277,-9440.0,0.25641352139965706,-1.1053572313876479,0.6288848263254113,2442.0,-0.20371738758388996,-0.41613840511425565,0.4789762340036563
2022-03-15,223651,118164,1850794,2022-03-18,96.42,104.69,0.10994364313688032,-0.051294297449613224,0.02053682300124171,-11186.0,0.15326243813510645,-1.2926011983356702,0.5996343692870201,-8664.0,-0.32490865383295386,-0.7392796657820955,0.44789762340036565
2022-03-22,216624,123345,1788211,2022-03-25,111.03,116.2,-0.14526678141135985,-0.15361445783132532,-0.11480206540447502,-7027.0,0.08846334443762774,-1.386693021357976,0.5722120658135283,5181.0,-0.25243728374565005,-0.4978311376695031,0.4643510054844607
2022-03-29,212034,106697,1795929,2022-04-01,104.25,99.32,-0.009766411598872371,0.07571486105517522,0.05306081353201786,-4590.0,0.04613691209503099,-1.4298803323978333,0.5648994515539305,-16648.0,-0.48530803634426684,-1.1557633222613348,0.41316270566727603
2022-04-05,205595,102999,1823366,2022-04-08,101.98,98.35,0.08632435180477893,0.045856634468734114,0.11560752414844955,-6439.0,-0.013239971969017036,-1.4993410438778352,0.5338208409506399,-3698.0,-0.5370353335036665,-1.2750201113879118,0.3820840950639854
2022-04-12,207317,97461,1783725,2022-04-15,100.52,106.84,-0.037251965555971545,-0.021059528266566874,0.0344440284537626,1722.0,0.002639356243172853,-1.4076602411296468,0.5411334552102377,-5538.0,-0.6145003880382136,-1.4481612394213712,0.3619744058500914
2022-04-19,206784,100913,1740300,2022-04-22,102.54,102.86,0.016818977250631972,0.06669259187244791,0.09498347268131435,-533.0,-0.002275673917743065,-1.3644024526229919,0.5393053016453382,3452.0,-0.5662141171365782,-1.252945953507682,0.3711151736745887
2022-04-26,220951,95112,1733586,2022-04-29,102.62,104.59,0.049048666220479875,0.05669758103069111,0.09914905822736397,14167.0,0.12836453675710838,-1.0320471221095957,0.5850091407678245,-5801.0,-0.6473579924263774,-1.4348947887885966,0.3473491773308958
2022-05-03,224526,97175,1751564,2022-05-06,102.53,109.72,0.007291286912139983,0.026522056142909145,0.08430550492161859,3575.0,0.16133120247056879,-0.9258843058725602,0.6014625228519196,2063.0,-0.6185009307606549,-1.2937868280334532,0.360146252285192
2022-05-10,222101,88702,1736594,2022-05-13,99.74,110.52,0.01909156713716964,0.04017372421281218,0.09238146941730019,-2425.0,0.13896919845514458,-0.9426185054184318,0.5904936014625228,-8473.0,-0.7370205058908856,-1.58062696635947,0.3126142595978062
2022-05-17,263848,61789,1730665,2022-05-20,112.31,112.63,0.020687205895409733,0.05629050874544972,-0.027257391458758717,41747.0,0.523936860983769,-0.008370283815515474,0.7056672760511883,-26913.0,-1.113477171237268,-2.4970489556338453,0.1316270566727605
2022-05-24,257659,77102,1711863,2022-05-27,112.55,114.96,0.03488169798190688,0.05019137091162151,-0.051235212247738304,-6189.0,0.46686533815842457,-0.11829518674222655,0.6873857404021938,15313.0,-0.8992802806472501,-1.7951628387330012,0.2376599634369287
2022-05-31,265707,67269,1787928,2022-06-03,114.38,118.97,0.014793645456837812,-0.07909557031184333,-0.0728755148356729,8048.0,0.5410795271547685,0.10149551117229812,0.7148080438756855,-9833.0,-1.0368234155765028,-2.041795359615321,0.16819012797074953
2022-06-07,263481,64775,1790618,2022-06-10,119.55,120.73,-0.09252050028990311,-0.0965791435434441,-0.11554708854468654,-2226.0,0.5205525906853523,0.10500867927542934,0.7038391224862889,-2494.0,-1.071709267149121,-2.005409705081474,0.1480804387568556
2022-06-14,249840,53106,1715674,2022-06-17,118.92,109.56,-0.004472435195326807,0.006754289886820031,-0.09100036509675058,-13641.0,0.39476286005673306,-0.1912932876972031,0.6727605118829981,-11669.0,-1.2349342078070535,-2.253898881437365,0.08409506398537477
2022-06-21,216353,73149,1658636,2022-06-24,110.49,109.07,0.011277161455945706,-0.020995690840744374,-0.10415329604840928,-33487.0,0.08596433285487311,-1.1500072711943896,0.5703839122486288,20043.0,-0.9545744952689663,-1.501898598021035,0.20475319926873858
2022-06-28,225749,73943,1651566,2022-07-01,113.66,110.3,-0.031912964641885755,-0.09709882139619219,-0.08150498640072523,9396.0,0.17260902965030644,-0.8667467157980633,0.6069469835466179,794.0,-0.9434680934451255,-1.4250966886070913,0.21023765996343693
2022-07-05,191702,88821,1637862,2022-07-08,101.55,106.78,-0.06733470687394638,-0.08494100018730111,-0.14056939501779364,-34047.0,-0.1413535067262494,-1.9927319041411449,0.4936014625228519,14878.0,-0.7353559444084712,-0.8893314603729353,0.3162705667276051
2022-07-12,200495,67833,1612803,2022-07-15,97.69,99.59,-0.01887739732904925,0.017270810322321584,-0.047494728386384244,8793.0,-0.060269341238568974,-1.6895580197302598,0.5210237659963437,-20988.0,-1.0289342334245553,-1.5785066420035239,0.17184643510054845
2022-07-19,211412,59679,1577616,2022-07-22,106.12,97.71,0.036843721215842784,-0.06079214000614064,-0.042574966738307185,10917.0,0.040401173333136614,-1.2372720567086464,0.5612431444241316,-8154.0,-1.142991664748986,-1.8078823542723632,0.10968921389396709
2022-07-26,200176,59084,1597451,2022-07-29,97.74,101.31,-0.09416641989931895,-0.06366597571809296,-0.07580692922712473,-11236.0,-0.06321098217915468,-1.5817167008053774,0.5191956124314442,-595.0,-1.1513144721610582,-1.7843726584844357,0.10420475319926874
2022-08-02,178543,75209,1606910,2022-08-05,97.14,91.77,0.03367113435763325,0.01939631687915444,-0.04881769641495026,-21633.0,-0.2626985008866482,-2.211625359475132,0.45886654478976235,16125.0,-0.9257593973380946,-1.1747078709511998,0.22851919561243145
2022-08-09,149917,60734,1570131,2022-08-12,93.18,94.86,-0.013809825005270948,-0.01296647691334607,-0.08001265022137893,-28626.0,-0.5266715841631568,-2.8811852716018334,0.34552102376599636,-14475.0,-1.128234417993127,-1.6640757386495855,0.12614259597806216
2022-08-16,135318,79622,1557349,2022-08-19,89.23,93.55,0.00085515766969535,-0.06691608765366108,-0.08530197755211122,-14599.0,-0.661295459058488,-2.981776452519603,0.27787934186471663,18888.0,-0.8640307433725916,-0.9150830953140711,0.25045703839122485
2022-08-23,160327,85893,1503506,2022-08-26,96.46,93.63,-0.0677133397415357,-0.0679269464915091,-0.1555057139805618,25009.0,-0.43067634218354195,-2.1100886751136496,0.3820840950639854,6271.0,-0.7763125496228362,-0.6390641163656579,0.2943327239488117
2022-08-30,147655,81534,1470207,2022-09-02,92.08,87.29,-0.00022912131973895633,-0.019704433497537144,-0.08454576698361793,-12672.0,-0.5475304926509463,-2.2869074597492594,0.33455210237659966,-4359.0,-0.8372858563610253,-0.782999346930764,0.2595978062157221
2022-09-06,145210,69268,1480320,2022-09-09,87.35,87.27,-0.019479775409648292,-0.0939612696230091,0.06646041022115279,-2445.0,-0.5700769255654669,-2.1941143910096,0.3162705667276051,-12266.0,-1.0088615802542638,-1.220294493280217,0.18281535648994515
2022-09-13,158348,68709,1498059,2022-09-16,87.84,85.57,-0.07596120135561524,-0.06614467687273573,0.0061937594951502195,13138.0,-0.44892558174911906,-1.766953804377056,0.3711151736745887,-559.0,-1.0166808228481266,-1.2037678081138168,0.17915904936014626
2022-09-20,165028,74850,1481545,2022-09-23,84.69,79.07,0.01062349816618191,0.1770583027696977,0.08094093840900474,6680.0,-0.38732632945096085,-1.5315775302961452,0.4076782449725777,6141.0,-0.9307810576085718,-0.9337762561103148,0.22120658135283364
2022-09-27,139167,86913,1504991,2022-09-30,78.91,79.91,0.1646852709297959,0.07746214491302705,0.09936178200475543,-25861.0,-0.6258021174274084,-2.0183780652801526,0.2961608775137112,12063.0,-0.7620448797735697,-0.45078952979871617,0.30347349177330896
2022-10-04,158876,83123,1495538,2022-10-07,86.87,93.07,-0.07488986784140972,-0.08165896636939929,-0.005264854410658604,19709.0,-0.44405665881297723,-1.4990494122100897,0.37842778793418647,-3790.0,-0.8150590648017267,-0.5710409709980024,0.27056672760511885
2022-10-11,177489,81731,1499498,2022-10-14,89.75,86.1,-0.007317073170731603,0.020325203252032464,0.035307781649245085,18613.0,-0.2724179038690223,-1.0384538046294425,0.45521023765996343,-1392.0,-0.8345302377724905,-0.6025528041672084,0.26142595978062155
2022-10-18,147979,103566,1454431,2022-10-21,83.29,85.47,0.027846027846027743,0.08318708318708312,-0.0631800631800632,-29510.0,-0.5445427444855866,-1.6631684125903656,0.3382084095063985,21835.0,-0.5291041876168683,0.25995644221450426,0.3875685557586837
2022-10-25,153683,95396,1436942,2022-10-28,86.12,87.85,0.0538417757541263,0.014684120660216404,-0.1297666476949345,5704.0,-0.4919436224633269,-1.4783310493351747,0.35648994515539306,-8170.0,-0.6433854255271698,-0.03192796933543056,0.3491773308957952
2022-11-01,169413,85396,1459052,2022-11-04,88.36,92.58,-0.037157053359256786,-0.13512637718729748,-0.1373946856772521,15730.0,-0.346890293324101,-1.0705307533934552,0.42413162705667273,-10000.0,-0.7832645416964494,-0.3990110844066809,0.28884826325411334
2022-11-08,185656,89134,1446658,2022-11-11,88.8,89.14,-0.10175005609154153,-0.142360332061925,-0.2029391967691273,16243.0,-0.1971063629230555,-0.6578021771526672,0.48080438756855576,3738.0,-0.7309777280723727,-0.2204570192631096,0.31992687385740404
2022-11-15,166291,111976,1469437,2022-11-18,86.87,80.07,-0.04521044086424364,-0.0026227051330085516,-0.07343574372424122,-19365.0,-0.37567964447303065,-1.0918416183179342,0.41681901279707495,22842.0,-0.41146585091850413,0.7851855879291836,0.43144424131627057
2022-11-22,147163,105312,1405565,2022-11-25,80.83,76.45,0.044604316546762446,-0.0706344015696534,0.04081098757357737,-19128.0,-0.5520674435687148,-1.5030915169143055,0.33089579524680074,-6664.0,-0.5046812939337121,0.5449259496721296,0.40219378427787933
2022-11-29,139797,99942,1412121,2022-12-02,77.96,79.86,-0.11031805659904836,-0.07099924868519913,0.0037565740045077956,-7366.0,-0.6199926071058756,-1.6043394830157793,0.2979890310786106,-5370.0,-0.5797963793166153,0.3780727140508328,0.36745886654478976
2022-12-06,144081,87639,1436728,2022-12-09,74.21,71.05,0.04419422941590434,0.11991555242786767,0.038282899366643086,4284.0,-0.5804879369194519,-1.4363497715899882,0.3071297989031079,-12303.0,-0.75188965593968,-0.17765623162838362,0.3071297989031079
2022-12-13,144483,85076,1450482,2022-12-16,72.96,74.19,0.07251651165925321,0.08046906591184788,0.07696455047850126,402.0,-0.5767809160476166,-1.3706101649698677,0.3126142595978062,-2563.0,-0.7877406734138664,-0.2733914488398224,0.2851919561243144
2022-12-20,162672,75519,1395622,2022-12-23,75.92,79.57,0.007414854844790764,-0.07289179338946838,0.021364835993464837,18189.0,-0.4090520537645029,-0.9172093867169123,0.396709323583181,-9557.0,-0.921423144736847,-0.7596706583150261,0.23217550274223034
2022-12-27,169002,78616,1413545,2022-12-30,79.45,80.16,-0.07971556886227549,-0.0032435129740517876,-0.005364271457085734,6330.0,-0.3506803072005296,-0.7423340590830055,0.42230347349177333,3097.0,-0.8781025824592211,-0.5625787401299107,0.2449725776965265
2023-01-03,138840,88767,1459936,2023-01-06,76.87,73.77,0.08309610952961921,0.10166734444896308,-0.005015588992815401,-30162.0,-0.6288175299276326,-1.3768095574542152,0.2943327239488117,10151.0,-0.7361112916357853,0.013959360287630652,0.31444241316270566
2023-01-10,129332,75904,1557092,2023-01-13,75.11,79.9,0.01714643304130159,-0.0021276595744681437,-0.0020025031289112594,-9508.0,-0.7164950285580052,-1.5282938764672884,0.2522851919561243,-12863.0,-0.9160377987643298,-0.677324934889256,0.2340036563071298
2023-01-17,158815,80403,1613466,2023-01-20,80.25,81.27,-0.01894918173987936,-0.09683770148886417,-0.061031130798572586,29483.0,-0.4446191669552209,-0.8324896877185599,0.376599634369287,4499.0,-0.8531061843997708,-0.4014543300298628,0.25594149908592323
2023-01-24,163010,86789,1660450,2023-01-27,79.86,79.73,-0.07939295121033485,0.00012542330364961884,-0.04439984949203568,4195.0,-0.40593520536977573,-0.70455029857106,0.40036563071297987,6386.0,-0.7637793808140688,-0.016825050892624063,0.3016453382084095
2023-01-31,157426,86394,1726378,2023-02-03,78.95,73.4,0.0863760217983649,0.039645776566757496,0.08474114441416902,-5584.0,-0.45742775399745766,-0.8078003267961761,0.36745886654478976,-395.0,-0.7693046059027554,-0.024845924913170083,0.2979890310786106
2023-02-07,146006,78145,1791955,2023-02-10,77.17,79.74,-0.04301479809380482,-0.04451968898921488,-0.0400050163029847,-11420.0,-0.5627366553814348,-1.0523366588175356,0.3235831809872029,-8249.0,-0.8846908888307942,-0.47543380096534815,0.24314442413162707
2023-02-14,163779,63762,1821601,2023-02-17,79.08,76.31,-0.0015725330887171873,0.043375704363779244,-0.12711309133796356,17773.0,-0.3988439141995237,-0.580434471364641,0.4040219378427788,-14383.0,-1.085879021617069,-1.2571361014913736,0.14442413162705667
2023-02-21,134036,85635,1756029,2023-02-24,76.28,76.19,0.04501903136894625,0.004725029531434499,-0.09148182176138597,-29743.0,-0.6731173514905596,-1.2861750290298002,0.2742230347349177,21873.0,-0.7799214308200036,0.015289086584248745,0.2906764168190128
2023-02-28,139954,75360,1750212,2023-03-03,76.88,79.62,-0.038558151218286985,-0.16340115548857082,-0.049485054006531026,5918.0,-0.6185448402479697,-1.0969368114581055,0.29981718464351004,-10275.0,-0.9236472226839385,-0.551814965986064,0.2303473491773309
2023-03-07,146937,59964,1755027,2023-03-10,80.39,76.55,-0.12984977139124754,-0.09575440888308295,0.05421293272370997,6983.0,-0.5541514901285028,-0.883121742744471,0.3290676416819013,-15396.0,-1.1390051099381615,-1.4797891940009247,0.11517367458866545
2023-03-14,96286,79933,1767660,2023-03-17,71.18,66.61,0.03918330580993845,0.13616574087974787,0.2397537907221139,-50651.0,-1.021226898534792,-2.0676709740224335,0.15173674588665448,19969.0,-0.859680502859727,-0.16627116800651262,0.25411334552102377
2023-03-21,52147,102194,1791902,2023-03-24,69.4,69.22,0.09332562843108949,0.16584802080323602,0.12481941635365512,-44139.0,-1.428252257395332,-2.863875612463931,0.05301645338208409,22261.0,-0.5482956023552935,1.440413858247916,0.376599634369287
2023-03-28,97927,83142,1785807,2023-03-31,73.12,75.68,0.06633192389006326,0.09117336152219857,0.014534883720930258,45780.0,-1.0060945073639422,-1.710090921148961,0.16087751371115175,-19052.0,-0.8147932944810051,0.11735779534413109,0.27239488117001825
2023-04-04,166263,59864,1858446,2023-04-07,80.7,80.7,0.023296158612143625,-0.03519206939281294,-0.11623296158612151,68336.0,-0.37593784493176546,-0.14029012362788318,0.4149908592321755,-23278.0,-1.1404039010998543,-1.5367927644182078,0.113345521023766
2023-04-11,188294,47338,1875140,2023-04-14,81.54,82.58,-0.05715669653669164,-0.07023492371034146,-0.15209493824170506,22031.0,-0.17278019113225587,0.373271796572443,0.489945155393053,-12526.0,-1.3156164820134941,-2.296496613235738,0.056672760511883
2023-04-18,191741,52834,1913192,2023-04-21,80.85,77.86,-0.013871050603647572,-0.08399691754431038,-0.0807860262008735,3447.0,-0.14099387037301164,0.46098888503472907,0.49725776965265084,5496.0,-1.238738919766858,-1.8213071999298067,0.08226691042047532
2023-04-25,174090,62348,1826195,2023-04-28,77.05,76.78,-0.07111226882000532,-0.08804376139619696,-0.05769731700963798,-17651.0,-0.30376159527043545,0.07573897593276954,0.44424131627056673,9514.0,-1.1056579286434052,-1.1113257628883384,0.13711151736745886
2023-05-02,131831,83014,1908299,2023-05-05,71.71,71.32,-0.018227706113292164,0.00350532809871007,0.006169377453729918,-42259.0,-0.6934506376159247,-0.8765279995417246,0.26691042047531993,20666.0,-0.8165837471679719,0.36253976056018333,0.2687385740402194
2023-05-09,147256,69372,1885886,2023-05-12,73.68,70.02,0.022136532419308796,0.03327620679805765,0.0019994287346472017,15425.0,-0.5512098491879172,-0.4858871816040324,0.3327239488117002,-13642.0,-1.0074068374461032,-0.5846222133635643,0.1846435100548446
2023-05-16,131670,59799,1856570,2023-05-19,70.85,71.57,0.010898421126170232,0.0026547436076569397,0.0033533603465141226,-15586.0,-0.6949352902536498,-0.8359236153659737,0.263254113345521,-9573.0,-1.1413131153549547,-1.2616816780418167,0.11151736745886655
2023-05-23,119658,73461,1847901,2023-05-26,72.87,72.35,-0.008154803040773873,-0.030269523151347566,-0.04754664823773325,-12012.0,-0.8057032870508768,-1.117257331796472,0.2303473491773309,13662.0,-0.9502102668444847,-0.2836121095227085,0.20840950639853748
2023-05-30,78440,84151,1920740,2023-06-02,69.45,71.76,-0.022296544035674604,0.000696767001114873,-0.015328874024526318,-41218.0,-1.1857928051984046,-2.16154582453855,0.10603290676416818,10690.0,-0.8006794916595248,0.4553450954785854,0.27787934186471663
2023-06-06,81354,91088,1951628,2023-06-09,71.71,70.16,0.02351767388825543,-0.017816419612314727,0.05344925883694418,2914.0,-1.1589215146000764,-2.0710995943317543,0.11882998171846434,6937.0,-0.7036453487728955,0.9145883100716042,0.33089579524680074
2023-06-13,71044,84030,1886782,2023-06-16,69.39,71.81,-0.04038434758390208,-0.016014482662581875,0.05055006266536677,-10310.0,-1.2539946120842098,-2.306391452332963,0.08226691042047532,-7058.0,-0.8023720289651731,0.3799363800877249,0.2760511882998172
2023-06-20,91742,74735,1846816,2023-06-23,70.94,68.91,0.02539544333188215,0.07255840951966341,0.11827020751705142,20698.0,-1.0631291444094675,-1.6584259512534971,0.13345521023765997,-9295.0,-0.9323896674445186,-0.3072639685182043,0.21937842778793418
2023-06-27,56220,82168,1865745,2023-06-30,67.68,70.66,0.045994905179733925,0.06764789131050097,0.13996603453155965,-35522.0,-1.390693312094374,-2.5384185626029176,0.054844606946983544,7433.0,-0.828417520395893,0.22924687944450528,0.26691042047531993
2023-07-03,78028,63401,1816043,2023-07-06,69.71,71.76,0.07107023411371238,0.054208472686733566,0.136566332218506,21808.0,-1.189592040519788,-1.8293682985795054,0.10054844606946983,-18767.0,-1.0909286577107802,-1.1113899522640631,0.14076782449725778
2023-07-11,122303,51130,1796348,2023-07-14,74.87,75.44,0.021474019088016938,0.06773594909862135,0.10246553552492044,44275.0,-0.7813125651453935,-0.5729084299275143,0.2340036563071298,-12271.0,-1.2625743211621032,-1.9249738205498894,0.07312614259597806
2023-07-18,161921,44178,1768189,2023-07-21,75.76,77.06,0.045289384894886986,0.07396833636127687,0.05437321567609654,39618.0,-0.4159773589255683,0.5962211160253541,0.39488117001828155,-6952.0,-1.3598182827229863,-2.308240424283602,0.04021937842778794
2023-07-25,182850,42346,1743598,2023-07-28,79.76,80.55,0.02743637492240847,0.03252638112973316,-0.0009931719428926122,20929.0,-0.22298173746626387,1.2376081737338211,0.4753199268738574,-1832.0,-1.3854441368051984,-2.318895208365071,0.03473491773308958
2023-08-01,198935,42924,1752072,2023-08-04,81.37,82.76,0.00495408409859821,-0.018245529241179392,0.03334944417593033,16085.0,-0.07465479536807898,1.6772247931290776,0.5137111517367459,578.0,-1.377359123890614,-2.1379026460590382,0.03656307129798903
2023-08-08,205375,50553,1703711,2023-08-11,82.94,83.17,-0.023085247084285165,-0.03246362871227615,0.05218227726343638,6440.0,-0.01526868985907614,1.7778140978812451,0.5319926873857403,7629.0,-1.2706453461650706,-1.6207891361385254,0.06946983546617916
2023-08-15,173842,68266,1702766,2023-08-18,81.06,81.25,-0.009600000000000053,0.05255384615384617,0.11790769230769227,-31533.0,-0.30604851361922936,0.8562867340390072,0.4424131627056673,17713.0,-1.0228774676944254,-0.5129250509219175,0.17550274223034734
2023-08-22,144208,90163,1623347,2023-08-25,80.25,80.47,0.06275630669814825,0.08748601963464653,0.1184292282838324,-29634.0,-0.5793168134101906,0.030014184492637822,0.31078610603290674,21897.0,-0.7165841670185539,0.8274326121048429,0.3272394881170018
2023-08-29,171765,69140,1658521,2023-09-01,81.14,85.52,0.023269410664172208,0.062090739008419105,0.06138914873713741,27557.0,-0.3252014547903782,0.7904244805765257,0.4351005484460695,-21023.0,-1.0106520329412305,-0.44741088130045586,0.1809872029250457
2023-09-05,232918,66404,1703130,2023-09-08,86.74,87.51,0.03793852131184994,0.028453890983887398,-0.053479602331162224,61153.0,0.23871756853136877,2.3257625011680747,0.6160877513711152,-2736.0,-1.0489229591251454,-0.6106480136308395,0.16087751371115175
2023-09-12,264030,62841,1791696,2023-09-15,88.87,90.83,-0.009137950016514296,-0.0006605746999890361,-0.034790267532753494,31112.0,0.5256151639655452,2.84462469143944,0.7093235831809872,-3563.0,-1.0987618882162598,-0.8181023763074089,0.13893967093235832
2023-09-19,281620,46806,1692990,2023-09-22,91.16,90.0,0.008555555555555427,-0.07966666666666666,-0.009777777777777774,17590.0,0.6878203807207254,2.938907445995231,0.7440585009140768,-16035.0,-1.3230580509936998,-1.7108075483379608,0.05301645338208409
2023-09-26,301660,48395,1750559,2023-09-29,91.43,90.77,-0.08747383496750027,-0.034152252947008854,-0.05210972788366186,20040.0,0.8726181376152,3.00841947922192,0.7915904936014625,1589.0,-1.3008312594344011,-1.5425140383978064,0.062157221206581355
2023-10-03,293235,56325,1787495,2023-10-06,89.26,82.83,0.05843293492695878,0.07593866956416773,-0.01979958952070504,-8425.0,0.7949274638708912,2.595903665447035,0.7659963436928702,7930.0,-1.1899071203121625,-1.0436886891228252,0.09506398537477148
2023-10-10,254544,67430,1753314,2023-10-13,85.89,87.67,0.016539295083837224,-0.0185924489563134,-0.12923462986198242,-38691.0,0.4381405371241786,1.7846553056844718,0.6837294332723949,11105.0,-1.0345713618061774,-0.38943107642320524,0.170018281535649
2023-10-17,203144,103244,1654168,2023-10-20,86.66,89.12,-0.034560143626570894,-0.08898114901256737,-0.141943447037702,-51400.0,-0.03584173355326641,0.8218968363746897,0.5301645338208409,35814.0,-0.5336082951575192,1.6716581570301996,0.38391224862888484
2023-10-24,195976,104789,1628044,2023-10-27,84.58,86.04,-0.05636913063691318,-0.11273826127382613,-0.13028823802882383,-7168.0,-0.10194105098937392,0.6741733010812092,0.5100548446069469,1545.0,-0.5119969717093654,1.7237642053294266,0.396709323583181
2023-10-31,136064,126194,1671255,2023-11-03,81.64,81.19,-0.059736420741470564,-0.058135238329843575,-0.09225274048528143,-59912.0,-0.6544162611221966,-0.3954632238856507,0.28153564899451555,21405.0,-0.2125857235490223,2.6897873204601055,0.47714808043875684
2023-11-07,111309,124661,1688562,2023-11-10,77.96,76.34,0.0017029080429655785,-0.019779931883678326,-0.07165313073094048,-24755.0,-0.8826931309786198,-0.8127795542064594,0.20840950639853748,-1533.0,-0.23402919205777287,2.4321357321291797,0.46983546617915906
2023-11-14,99563,116171,1639133,2023-11-17,78.9,76.47,-0.021446318817837096,-0.036223355564273474,-0.07087746828821762,-11746.0,-0.9910082234178663,-0.991300964739564,0.170018281535649,-8490.0,-0.35278656168549133,1.989976167984936,0.44424131627056673
2023-11-21,84929,122395,1553677,2023-11-24,78.35,74.83,-0.01510089536282233,-0.05291995189095278,-0.020579981290925975,-14634.0,-1.125954848886616,-1.2127468458685946,0.12248628884826325,6224.0,-0.26572579978173166,2.215272564627406,0.45886654478976235
2023-11-28,78316,104855,1563737,2023-12-01,76.09,73.7,-0.03839891451831745,-0.03595658073270025,-0.02455902306648583,-6613.0,-1.1869362643728016,-1.2873483215703663,0.10420475319926874,-17540.0,-0.5110737695426482,1.3609349209192325,0.39853747714808047
2023-12-05,62777,106213,1650437,2023-12-08,71.95,70.87,0.0025398617186396244,0.03414702977282347,0.04416537321856917,-15539.0,-1.330228297525658,-1.4950346934462664,0.06398537477148081,1358.0,-0.49207818556686,1.3858855077682757,0.40950639853747717
2023-12-12,45912,105687,1650245,2023-12-15,68.27,71.05,0.03152709359605921,0.011822660098522286,0.026600985221674867,-16865.0,-1.4857479666885978,-1.697850204800734,0.04204753199268738,-526.0,-0.4994358270773641,1.3213877487359653,0.4040219378427788
2023-12-19,87328,95415,1579670,2023-12-22,73.23,73.29,-0.019102196752626588,0.00968754263883187,0.0054577705007503585,41416.0,-1.103832602440017,-0.985814788897004,0.12431444241316271,-10272.0,-0.6431196552064482,0.8233973976343228,0.3510054844606947
2023-12-26,107403,91881,1554682,2023-12-29,75.84,71.89,0.029350396439004056,0.014605647517039966,0.09125052163026859,20075.0,-0.9187120949721237,-0.6385105077529857,0.20109689213893966,-3534.0,-0.6925529348606716,0.6467553425999555,0.33638025594149906
2024-01-02,66563,97166,1586914,2024-01-05,70.62,74.0,-0.0143243243243244,-0.004189189189189202,-0.017297297297297343,-40840.0,-1.2953159069267317,-1.2579655361937305,0.0712979890310786,5285.0,-0.6186268219652074,0.8765848643362105,0.3583180987202925
2024-01-09,90956,78726,1598167,2024-01-12,72.43,72.94,0.010282423910063176,0.0755415409925968,0.059226761721963284,24393.0,-1.0703772001439513,-0.8514932223823587,0.12979890310786105,-18440.0,-0.876563912181359,0.03511543855403569,0.24680073126142596
2024-01-16,72473,89561,1610493,2024-01-19,72.63,73.69,0.06459492468448924,-0.013163251458813918,0.08087935947889813,-18483.0,-1.2408171672437804,-1.1051904980774603,0.08592321755027423,10835.0,-0.7250048898119446,0.5188068429610213,0.3235831809872029
2024-01-23,121750,62268,1649542,2024-01-26,74.72,78.45,-0.07304015296367117,-0.01516889738687055,-0.01083492670490771,49277.0,-0.7864120242054057,-0.320774430396849,0.23217550274223034,-27293.0,-1.1067769615727594,-0.6962778203482143,0.13528336380255943
2024-01-30,137515,59149,1747660,2024-02-02,78.3,72.72,0.062431243124312585,0.09529702970297049,0.11248624862486256,15765.0,-0.6410359444927614,-0.06784899571320673,0.28884826325411334,-3119.0,-1.1504052579059578,-0.8096717402712854,0.10603290676416818
2024-02-06,77073,84765,1808220,2024-02-09,73.21,77.26,0.03093450685995336,0.004400724825265101,0.022003624126326615,-60442.0,-1.1983985204516354,-0.9849301702527578,0.09689213893967093,25616.0,-0.792090913926731,0.33738409124382146,0.2797074954296161
2024-02-13,100188,70884,1715857,2024-02-16,78.28,79.65,-0.025737602008788607,0.015693659761456313,0.028750784682987973,23115.0,-0.9852448203211075,-0.6056940407014322,0.17550274223034734,-13881.0,-0.9862571150813081,-0.2937869547347297,0.19012797074954296
2024-02-20,123396,68505,1662234,2024-02-23,78.72,77.6,0.04252577319587636,0.017525773195876226,0.045103092783505216,23208.0,-0.7712335258097817,-0.24295576014766485,0.23583180987202926,-2379.0,-1.0195343568179798,-0.3861657171421643,0.1773308957952468
2024-02-27,166538,58252,1658921,2024-03-01,79.8,80.9,-0.023980222496909898,0.01285537700865258,0.03782447466007399,43142.0,-0.37340194756919154,0.41625991339990515,0.4186471663619744,-10253.0,-1.1629524146263421,-0.8280436295265465,0.10054844606946983
2024-03-05,174585,63927,1642519,2024-03-08,79.11,78.96,0.037740628166160084,0.027102330293819588,0.11056231003039518,8047.0,-0.2991969800178024,0.5309923784676457,0.4460694698354662,5675.0,-1.083571016200276,-0.5786075660243651,0.14625228519195613
2024-03-12,160593,73195,1718985,2024-03-15,78.51,81.94,-0.01025140346595077,0.0246521845252623,0.05516231388821091,-13992.0,-0.42822343782556144,0.29735246605077004,0.38391224862888484,9268.0,-0.9539310513345876,-0.1567586359650028,0.20658135283363802
2024-03-19,205684,72073,1713716,2024-03-22,84.39,81.1,0.0352651048088779,0.08125770653514186,0.0331689272503084,45091.0,-0.012419263368038582,0.9586703012380849,0.5356489945155393,-1122.0,-0.9696254881687808,-0.18343341273528882,0.19926873857404023
2024-03-26,205794,72233,1775565,2024-03-29,82.41,83.96,0.044425917103382506,0.029776083849452073,0.01691281562648883,110.0,-0.01140490442300903,0.9249408295522799,0.5374771480804388,160.0,-0.9673874223100724,-0.1667448992873022,0.20109689213893966
2024-04-02,215843,85054,1757685,2024-04-05,85.95,87.69,-0.014026684912760934,-0.04447485460143674,-0.09168662333219291,10049.0,0.08126139592791792,1.0558486336471256,0.5685557586837294,12821.0,-0.7880484074694388,0.39594096501886167,0.283363802559415
2024-04-09,222132,75005,1762094,2024-04-12,86.04,86.46,-0.0308813324080498,-0.012491325468424685,-0.07691417996761496,6289.0,0.13925506324874382,1.1327320066416444,0.5923217550274223,-10049.0,-0.928612931307948,-0.08874132320733806,0.22486288848263253
2024-04-16,185786,104676,1799606,2024-04-19,86.21,83.79,0.018976011457214392,-0.04940923737916214,-0.025420694593627058,-36346.0,-0.19590757507892964,0.579738439179488,0.4826325411334552,29671.0,-0.5135776057220783,1.2400533118951034,0.39488117001828155
2024-04-23,161402,103434,1765266,2024-04-26,84.17,85.38,-0.06711173576950091,-0.06523776059967201,-0.08081517919887549,-24384.0,-0.4207632888571168,0.2107100741795397,0.3875685557586837,-1242.0,-0.5309505919503028,1.1370931117381624,0.3857404021937843
2024-04-30,158705,106756,1794542,2024-05-03,83.49,79.65,0.002008788449466392,0.02523540489642162,-0.02109227871939745,-2697.0,-0.44563352590025046,0.16154394348870718,0.37477148080438755,3322.0,-0.4844827495588681,1.2497368662107544,0.4149908592321755
2024-05-07,104519,110925,1836765,2024-05-10,79.97,79.81,0.02318005262498435,-0.01666457837363733,-0.04109760681618846,-54186.0,-0.9453067422218075,-0.6532109972997142,0.1882998171846435,4169.0,-0.4261671460278954,1.3786196576025838,0.42778793418647165
2024-05-14,119232,83811,1787763,2024-05-17,79.62,81.66,-0.03894195444526072,-0.04518736223365172,-0.027553269654665646,14713.0,-0.8096316226016277,-0.4245988445745983,0.22851919561243145,-27114.0,-0.8054353816092803,0.15216367215326723,0.2742230347349177
2024-05-21,161547,57753,1784152,2024-05-24,80.66,78.48,-0.006498470948012258,-0.02484709480122327,0.04115698267074408,42315.0,-0.41942617933866877,0.20813690032630613,0.3912248628884826,-26058.0,-1.1699323825231893,-0.9945211904609996,0.09872029250457039
2024-05-28,196185,47741,1833461,2024-05-31,80.9,77.97,-0.018468641785302053,0.018468641785301942,0.062331666025394306,34638.0,-0.10001376899381777,0.7064211776048346,0.5118829981718465,-10012.0,-1.309979353631872,-1.3824031229517415,0.05850091407678245
2024-06-04,145312,65393,1814253,2024-06-07,74.27,76.53,0.03763230105840831,0.06768587482033173,0.10335816019861488,-50873.0,-0.5691363381800758,-0.09447135374685924,0.3180987202925046,17652.0,-1.0630647377698597,-0.5899556022364932,0.15173674588665448
2024-06-11,186682,46802,1755642,2024-06-14,78.88,79.41,0.028963606598665148,0.04306762372497164,0.05137891953154505,41370.0,-0.18764516039941623,0.5197419694079366,0.48628884826325414,-18591.0,-1.3231140026401673,-1.3455060729779722,0.051188299817184646
2024-06-18,180634,66215,1677538,2024-06-21,82.67,81.71,0.01370701260555629,0.033410843226043374,-0.0034267531513888505,-6048.0,-0.24341645948613191,0.4008936924868892,0.4716636197440585,19413.0,-1.0515666744207448,-0.5055998117091532,0.15722120658135283
2024-06-25,224638,46607,1680601,2024-06-28,81.97,82.83,0.019437401907521412,0.007968127490039834,-0.051309911867680746,44004.0,0.162364004305508,1.061143042536894,0.603290676416819,-19608.0,-1.3258416454054684,-1.293183132760802,0.04570383912248629
2024-07-02,233203,46743,1721585,2024-07-05,84.09,84.44,-0.011250592136428317,-0.035646612979630454,-0.11191378493604931,8565.0,0.2413456803434908,1.154740729881664,0.6179159049360147,136.0,-1.3239392894255662,-1.2583181949480082,0.04936014625228519
2024-07-09,240012,43882,1767729,2024-07-12,82.78,83.49,-0.024673613606419842,-0.05880943825607854,-0.062402682956042566,6809.0,0.30413449904082,1.2148743412826237,0.6471663619744058,-2861.0,-1.363958704561597,-1.3617450423321782,0.038391224862888484
2024-07-16,248501,39100,1831212,2024-07-19,81.92,81.43,-0.03499938597568475,-0.07908633181874014,-0.04150804371853134,8489.0,0.38241534526223697,1.3015233469155645,0.6672760511882998,-4782.0,-1.4308488979137466,-1.5459260363904976,0.029250457038391225
2024-07-23,225041,50957,1809094,2024-07-26,78.24,78.58,-0.04568592517179948,-0.0038177653346906926,-0.035123441079155104,-23460.0,0.16608024662229806,0.9140927246688415,0.6051188299817185,11857.0,-1.2649942298718317,-1.0756251401510812,0.0712979890310786
2024-07-30,199250,46243,1787630,2024-08-02,76.17,74.99,0.04387251633551159,0.04080544072543013,-0.006267502333644481,-25791.0,-0.07175004020731254,0.5126643260586404,0.5155393053016454,-4714.0,-1.3309332452340301,-1.2777339419383629,0.043875685557586835
2024-08-06,172634,49708,1828846,2024-08-09,74.6,78.28,-0.0029381706693919485,-0.03142565150740939,-0.12391415431783348,-26616.0,-0.3171880191246448,0.10871651645150321,0.4369287020109689,3465.0,-1.2824651314813749,-1.1324079962249056,0.06764168190127971
2024-08-13,191765,39778,1790876,2024-08-16,79.81,78.05,-0.02857142857142858,-0.04522741832158872,-0.10839205637411908,19131.0,-0.1407725556940961,0.4014780687283572,0.4990859232175503,-9930.0,-1.4213650938374696,-1.489923300114406,0.03290676416819013
2024-08-20,169913,52375,1742632,2024-08-23,75.27,75.82,-0.017145871801635404,-0.09548931680295436,-0.04088630968082296,-21852.0,-0.34227957084669397,0.053113206203961205,0.42778793418647165,12597.0,-1.2451593711990279,-0.9434072610943578,0.08043875685557587
2024-08-27,179969,46730,1742613,2024-08-30,76.5,74.52,-0.07971014492753625,-0.06615673644659137,-0.07783145464304886,10056.0,-0.2495487203810833,0.2075432511525707,0.46617915904936014,-5645.0,-1.3241211322765862,-1.1399279546326595,0.04753199268738574
2024-09-03,115268,61767,1727524,2024-09-06,71.28,68.58,0.014727325750947928,0.06036745406824151,0.09259259259259278,-64701.0,-0.8461854304025107,-0.7703676254927224,0.21755027422303475,15037.0,-1.1137849052928404,-0.5357548280416835,0.12979890310786105
2024-09-10,95833,44181,1802465,2024-09-13,66.73,69.59,0.044977726684868546,-0.01250179623509129,0.09369162235953432,-19435.0,-1.0254042130993228,-1.0386076652823488,0.1480804387568556,-17586.0,-1.3597763189881356,-1.207091472974091,0.04204753199268738
2024-09-17,130773,14555,1812275,2024-09-20,72.16,72.72,-0.05500550055005504,0.03039053905390543,-0.04042904290429039,34940.0,-0.7032069263781181,-0.45278921474810135,0.2577696526508227,-29626.0,-1.7741821885512437,-2.2552251008320066,0.005484460694698354
2024-09-24,159082,-485,1780393,2024-09-27,72.34,68.72,0.09036670547147851,0.10753783469150169,0.04802095459837008,28309.0,-0.44215704115228555,0.06200366031800489,0.3802559414990859,-15040.0,-1.98456037926984,-2.6184252288870202,0.0018281535648994515
2024-10-01,136929,22679,1771336,2024-10-04,70.41,74.93,0.015748031496062964,-0.06873081542773263,-0.0683304417456293,-22153.0,-0.6464397112362824,-0.2886685642506123,0.2870201096892139,23164.0,-1.6605443945753207,-1.7269724684747998,0.007312614259597806
2024-10-08,131063,59574,1707072,2024-10-11,74.26,76.11,-0.08316909735908551,-0.05373801077387996,-0.0712127184338458,-5866.0,-0.700532707341222,-0.3658641115610123,0.26142595978062155,36895.0,-1.1444603954687635,-0.446059318151048,0.10786106032906764
2024-10-15,118546,65857,1689760,2024-10-18,71.22,69.78,0.032100888506735314,0.00042992261392948983,-0.035110346804241965,-12517.0,-0.8159575338406301,-0.5786292616649675,0.226691042047532,6283.0,-1.056574346779605,-0.20669686304118262,0.15539305301645337
2024-10-22,101946,71785,1648928,2024-10-25,72.84,72.02,-0.03068592057761721,-0.018467092474312663,-0.0047209108580947845,-16600.0,-0.9690335200905442,-0.8649501271626988,0.1809872029250457,5928.0,-0.973654006714456,0.02245274347038752,0.19378427787934185
2024-10-29,91633,60244,1751736,2024-11-01,67.48,69.81,0.012605643890559959,-0.03552499641885121,-0.022203122761781935,-10313.0,-1.064134281909542,-1.0370273871906266,0.1316270566727605,-11541.0,-1.1350884946854216,-0.3534683275100674,0.1206581352833638
2024-11-05,146651,49437,1746717,2024-11-08,72.26,70.69,-0.047531475456217276,0.014004809732635515,-0.029848634884707903,55018.0,-0.5567888233855797,0.0021744382658647823,0.32541133455210236,-10807.0,-1.2862558555295622,-0.722384960835268,0.06581352833638025
2024-11-12,133663,53243,1792299,2024-11-15,68.43,67.33,0.06460715877023637,0.013812564978464392,0.06252784791326316,-12988.0,-0.6765569504587052,-0.2618026286878181,0.27239488117001825,3806.0,-1.2330178639155345,-0.5480779023370548,0.08592321755027423
2024-11-19,104941,88924,1768651,2024-11-22,69.75,71.68,-0.0477120535714286,-0.043247767857143016,-0.02748325892857162,-28722.0,-0.9414152924508761,-0.8312968550416712,0.19012797074954296,35681.0,-0.7339151895119276,0.9114937074008295,0.3180987202925046
2024-11-26,106409,93998,1740661,2024-11-29,69.05,68.26,0.004687957808379606,0.048051567535892126,0.04424260181658357,1468.0,-0.9278782112572089,-0.8226364692850056,0.19926873857404023,5074.0,-0.6629405259676351,1.140135596681835,0.3436928702010969
2024-12-03,114821,86643,1780843,2024-12-06,70.15,68.58,0.043161271507728305,0.016477107028288085,0.0883639545056869,8412.0,-0.8503074162973127,-0.6927939194650214,0.21572212065813529,-7355.0,-0.7658216159101403,0.8691397364821778,0.29981718464351004
2024-12-10,104968,85144,1808227,2024-12-13,68.85,71.54,-0.025580095051719542,-0.0036343304445066726,0.08009505171931774,-9853.0,-0.941166313437096,-0.9479476835067144,0.19195612431444242,-1499.0,-0.7867894954239153,0.8402754682638693,0.2870201096892139
2024-12-17,164387,65603,1827905,2024-12-20,70.31,69.71,0.02252187634485736,0.07072156075168556,0.1269545258929854,59419.0,-0.3932372756669967,0.2692174098917211,0.40585009140767825,-19541.0,-1.0601272763303047,0.025158987586112416,0.15356489945155394
2024-12-24,186914,60113,1829252,2024-12-27,70.87,71.28,0.047138047138047146,0.08403479236812572,0.051767676767676685,22527.0,-0.18550578516989935,0.7187638649482089,0.48811700182815354,-5490.0,-1.1369209111072394,-0.19060598047033966,0.11882998171846434
2024-12-31,203048,51276,1872970,2025-01-03,72.44,74.64,0.03523579849946401,0.052518756698821,-0.024115755627009627,16134.0,-0.03672699226892857,1.0320784928941045,0.5283363802559415,-8837.0,-1.2605320860660316,-0.5528189075498054,0.07495429616087751
2025-01-07,253879,25688,1958411,2025-01-10,74.99,77.27,0.01669470687200736,-0.029765756438462465,-0.07700271774297918,50831.0,0.4320082762292272,2.030895631983301,0.680073126142596,-25588.0,-1.6184547685199846,-1.624751469800148,0.010968921389396709
2025-01-14,236242,70049,1896350,2025-01-17,78.2,78.56,-0.045697556008146734,-0.07281059063136452,-0.09559572301425667,-17637.0,0.2693696515611709,1.6003331919234027,0.6325411334552102,44361.0,-0.997937021281443,0.3535416168122963,0.18647166361974407
2025-01-21,247445,51402,1867000,2025-01-24,76.79,74.97,-0.028411364545818274,-0.04868614112311598,-0.05668934240362811,11203.0,0.37267749938995326,1.7487837412437806,0.6617915904936015,-18647.0,-1.2587696092022989,-0.46951033452308016,0.07678244972577697
2025-01-28,191531,72595,1782462,2025-01-31,74.15,72.84,-0.020867655134541585,-0.024574409665019337,-0.03940142778693034,-55914.0,-0.1429303738135226,0.5468465369543378,0.49177330895795246,21193.0,-0.9623237983047443,0.4632014841252402,0.20292504570383912
2025-02-04,144136,86177,1765342,2025-02-07,73.04,71.32,-0.0037857543466067733,-0.00841278743690399,-0.056505888951205674,-47395.0,-0.5799807574469371,-0.4971799291644247,0.30895795246800734,13582.0,-0.7723399827236287,1.0651968485144419,0.2961608775137112
2025-02-11,130304,89700,1788275,2025-02-14,73.67,71.05,-0.004644616467276541,-0.015200562983814225,-0.05095003518648822,-13832.0,-0.7075317840619259,-0.8235536929758899,0.25594149908592323,3523.0,-0.7230605700971915,1.1905849852028902,0.32541133455210236
2025-02-18,105892,91702,1752594,2025-02-21,72.21,70.72,-0.010605203619909465,-0.048501131221719396,-0.031108597285067874,-24412.0,-0.9326456982988478,-1.3449864734400179,0.1956124314442413,2002.0,-0.6950567710401018,1.2405672695331647,0.3327239488117002
2025-02-25,68773,102425,1768799,2025-02-28,69.15,69.97,-0.03830212948406453,-0.03630127197370292,-0.003287123052736929,-37119.0,-1.2749365135765927,-2.031064784501134,0.07861060329067641,10723.0,-0.5450643947717831,1.62462446236487,0.37842778793418647
2025-03-04,98649,56192,1816244,2025-03-07,68.47,67.29,0.0020805468866103016,0.018279090503789508,-0.07237330955565469,29876.0,-0.9994366241065664,-1.3474490336746816,0.16819012797074953,-46233.0,-1.1917675125572138,-0.3171005288526897,0.09323583180987204
2025-03-11,107744,56382,1793310,2025-03-14,66.52,67.43,0.01616491176034396,0.03425774877650878,-0.08186267240100864,9095.0,-0.9155675822425321,-1.1242493212281497,0.20292504570383912,190.0,-1.1891098093499974,-0.29569755286967064,0.09689213893967093
2025-03-18,92263,74560,1768386,2025-03-21,67.49,68.52,0.017805020431990615,-0.08902510215995318,-0.05035026269702281,-15481.0,-1.0583247715880093,-1.3799133717587948,0.13893967093235832,18178.0,-0.934837551977481,0.46771745122769276,0.21755027422303475
2025-03-25,93243,87315,1783978,2025-03-28,69.48,69.74,-0.10496128477201028,-0.11227416117006017,-0.08445655291081144,980.0,-1.0492877555322915,-1.3049556110778808,0.14076782449725778,12755.0,-0.7564217393035647,0.9842637679418541,0.3053016453382084
2025-04-01,101417,66268,1836468,2025-04-04,71.61,62.42,-0.008170458186478768,0.042454341557192965,-0.044056392181992976,8174.0,-0.9739116644716409,-1.0985962098921462,0.17915904936014626,-21047.0,-1.0508253151050477,0.12160538331403391,0.1590493601462523
2025-04-08,48539,91056,1991545,2025-04-11,60.04,61.91,0.05104183492166037,0.03133581004684216,0.007430140526570872,-52878.0,-1.4615232307923012,-2.039048337792803,0.04753199268738574,24788.0,-0.7040929619446372,1.1393743598666164,0.3290676416819013
2025-04-15,79913,66457,1918217,2025-04-18,61.74,65.07,-0.018749039495927322,-0.08298755186721984,-0.018902720147533247,31374.0,-1.1722096167799634,-1.3663191031014028,0.11151736745886655,-24599.0,-1.0481815998094481,0.15026496592239375,0.16270566727605118
2025-04-22,131735,39220,1860519,2025-04-25,64.6,63.85,-0.06546593578700077,-0.023179326546593604,-0.015035238841033638,51822.0,-0.6943358963315869,-0.35737038232850654,0.26508226691042047,-27237.0,-1.4291703485197154,-0.9845072311766293,0.031078610603290677
2025-04-29,140031,37178,1896516,2025-05-02,61.84,59.67,0.04524886877828038,0.06988436400201103,0.029998324115971142,8296.0,-0.6178347889864491,-0.1908672248813044,0.3016453382084095,-2042.0,-1.4577336640414822,-1.0449778043198865,0.02376599634369287
2025-05-06,128575,46853,1982266,2025-05-09,60.42,62.37,0.023569023569023573,0.008337341670675125,0.0469777136443803,-11456.0,-0.7234756623887995,-0.42254148985294454,0.25045703839122485,9675.0,-1.322400619147704,-0.5822381202032535,0.054844606946983544
2025-05-13,118096,67205,1948099,2025-05-16,65.04,63.84,-0.014880952380952439,-0.037280701754386025,0.15664160401002514,-10479.0,-0.8201071840702965,-0.6246733108720646,0.2230347349177331,20352.0,-1.0377186419199862,0.40160400931667833,0.1663619744058501
2025-05-20,111879,74541,1873273,2025-05-23,63.97,62.89,-0.022738114167594192,0.038320877723008406,0.20400699634282082,-6217.0,-0.8774369073543757,-0.7230344543508667,0.21206581352833637,7336.0,-0.9351033222982026,0.7338848862155241,0.21572212065813529
2025-05-27,103947,61747,1943708,2025-05-30,61.61,61.46,0.06247966156849971,0.20143182557761152,0.08460787504067668,-7932.0,-0.9505814087359612,-0.842413900469948,0.1846435100548446,-12794.0,-1.114064663525179,0.11131670971560807,0.12797074954296161
2025-06-03,144631,23326,2010313,2025-06-06,64.1,65.3,0.13078101071975512,0.15957120980091877,0.04333843797856041,40684.0,-0.5754161421943041,-0.05823813286618163,0.31444241316270566,-38421.0,-1.6514942157591683,-1.643133997051524,0.009140767824497258
2025-06-10,161577,30364,2017212,2025-06-13,65.66,73.84,0.025460455037919827,-0.09723726977248115,-0.05701516793066097,16946.0,-0.41914953599002436,0.27892434104230646,0.3930530164533821,7038.0,-1.5530472937992292,-1.28329839393285,0.014625228519195612
2025-06-17,170605,60443,1938664,2025-06-20,75.62,75.72,-0.11965134706814584,-0.10023771790808245,-0.09495509772847333,9028.0,-0.3358983309379626,0.45839895484191284,0.43327239488117003,30079.0,-1.132304900273653,0.10397377322791057,0.12248628884826325
2025-06-24,161487,71482,1961998,2025-06-27,65.45,66.66,0.022052205220522092,0.044554455445544594,-0.0042004200420042714,-9118.0,-0.4199794660359576,0.3117867512073127,0.38939670932358317,11039.0,-0.9778923439343852,0.5894146683610745,0.19195612431444242
2025-07-01,174633,60060,1989440,2025-07-04,66.64,68.13,0.022016732716864773,0.005871128724497465,0.003816233670923319,13146.0,-0.29875435065997136,0.610894229883854,0.44789762340036565,-11422.0,-1.1376622704229364,0.05268888678974375,0.1170018281535649
2025-07-08,145697,63677,1991225,2025-07-11,69.55,69.63,-0.015797788309636518,-0.04667528364210827,-0.0673560247019962,-28936.0,-0.5655860818724723,0.06081631534904457,0.3217550274223035,3617.0,-1.087067994104508,0.20278533870749219,0.1425959780621572
2025-07-15,91769,70658,2069099,2025-07-18,67.76,68.53,-0.03137312126076175,-0.002042900919305368,-0.06931270976214798,-53928.0,-1.0628801653956874,-1.0586946237537729,0.13528336380255943,6981.0,-0.9894183831067338,0.5010466389117431,0.1882998171846435
2025-07-22,98237,55094,2013304,2025-07-25,67.56,66.38,0.03028020488098826,-0.02169328110876767,-0.03464899065983729,6468.0,-1.0032358594279498,-0.8869664983814058,0.16453382084095064,-15564.0,-1.2071262395126008,-0.22814144786773702,0.09140767824497258
2025-07-29,97387,58636,2028873,2025-08-01,70.27,68.39,-0.050445971633279796,-0.06740751571867232,-0.05892674367597606,-850.0,-1.0110740876395419,-0.8723672338091988,0.1590493601462523,3542.0,-1.1575810565654419,-0.07431773111091551,0.10237659963436929
2025-08-05,81337,60492,2036424,2025-08-08,66.2,64.94,-0.01786264243917457,-0.013242993532491476,-0.041884816753926635,-16050.0,-1.1590782791643082,-1.1920217898420742,0.1170018281535649,1856.0,-1.1316194926044236,0.002906345277251963,0.12431444241316271
2025-08-12,48865,67877,2010959,2025-08-15,64.22,63.78,0.00470366886171214,0.009093759799310153,-0.011915961116337415,-32472.0,-1.4585170397370317,-1.8381271480762689,0.04936014625228519,7385.0,-1.0283187653134105,0.3269449462555537,0.1736745886654479
2025-08-19,27445,92764,1922821,2025-08-22,63.38,64.08,0.004369538077403368,-0.029026217228464435,-0.016541822721597876,-21420.0,-1.6560403906691499,-2.1665724742493677,0.03656307129798903,24887.0,-0.6802016089029242,1.440450786690125,0.34186471663619744
2025-08-26,24621,84851,1912554,2025-08-29,63.6,64.36,-0.03325046612802984,-0.020820385332504632,0.03325046612802973,-2824.0,-1.682081751221545,-2.09365318208836,0.031078610603290677,-7913.0,-0.7908879535276753,1.0329304123281822,0.28153564899451555
2025-09-02,27323,75105,1987861,2025-09-05,65.95,62.22,0.012857602057216422,0.012857602057216422,-0.009161041465766684,2702.0,-1.6571654069536372,-1.9285983051384745,0.03473491773308958,-9746.0,-0.9272141401462551,0.5692707512124375,0.226691042047532
2025-09-09,10002,71842,1957115,2025-09-12,62.97,63.02,0.0,0.05522056490003169,-0.05188828943192647,-17321.0,-1.8168900550159723,-2.145713252104249,0.021937842778793418,-3263.0,-0.9728566957522912,0.3968398948033319,0.1956124314442413
2025-09-16,36799,61910,1962620,2025-09-19,64.89,63.02,0.05522056490003169,-0.021739130434782705,-0.07489685814027303,26797.0,-1.569782994561819,-1.5588510410717658,0.04021937842778794,-9932.0,-1.1117846339316197,-0.11069517483690923,0.13345521023765997
2025-09-23,26483,76475,1936690,2025-09-26,63.76,66.5,-0.07293233082706774,-0.10150375939849621,-0.06360902255639089,-10316.0,-1.6649114207156812,-1.6660324352130045,0.03290676416819013,14565.0,-0.9080507012310639,0.5860394082974688,0.23583180987202926
2025-09-30,14053,89247,2006358,2025-10-03,63.17,61.65,-0.03081914030819133,-0.054339010543390076,0.0016220600162206722,-12430.0,-1.7795339815040205,-1.793284608509617,0.025594149908592323,12772.0,-0.7293970940596599,1.2586048208053382,0.3217550274223035
2025-10-07,-17481,91790,2036074,2025-10-10,62.52,59.75,-0.024267782426778295,0.042175732217573314,0.013221757322175787,-31534.0,-2.0703230267091284,-2.1926545918247258,0.009140767824497258,2543.0,-0.693825834817812,1.3449435432360073,0.33455210237659966
2025-10-14,-18766,79757,2066590,2025-10-17,59.52,58.3,0.0680960548885079,0.05917667238421953,0.044082332761578025,-1285.0,-2.0821725834760647,-2.0762503703995914,0.007312614259597806,-12033.0,-0.8621423753043063,0.6594402615606261,0.2522851919561243
2025-10-21,-38154,77954,1997649,2025-10-24,58.66,62.27,-0.008350730688935326,-0.027782238638188628,-0.05476152240244103,-19388.0,-2.2609579582600006,-2.229308647080007,0.0018281535648994515,-1803.0,-0.8873625799496274,0.5518308181327122,0.2413162705667276
2025-10-28,-8600,74201,1891657,2025-10-31,60.97,61.75,-0.019595141700404883,-0.014251012145748976,-0.05133603238866402,29554.0,-1.9884273740654244,-1.6965137994954218,0.014625228519195612,-3753.0,-0.9398592122479581,0.33034746193932696,0.21206581352833637
2025-11-04,7737,67170,1924327,2025-11-07,61.38,60.54,0.005450941526263575,-0.027750247770069403,-0.005120581433762816,16337.0,-1.8377766278386263,-1.390874312530902,0.02010968921389397,-7031.0,-1.0382082188265787,-0.07719468803310027,0.16453382084095064
2025-11-10,-11646,72030,1913442,2025-11-13,60.94,59.54,0.008901578770574403,-0.01226066509909296,-0.029895868323815966,-19383.0,-2.016515895397788,-1.5967337590773865,0.012797074954296161,4860.0,-0.9702269683683087,0.1748494682810828,0.19744058500914077
2025-11-18,-12671,81847,1868023,2025-11-21,61.51,58.86,-0.004757050628610315,0.023275569147128694,-0.034998301053347,-1025.0,-2.025967876476473,-1.5418240099103577,0.010968921389396709,9817.0,-0.8329076400249268,0.7389235356491768,0.263254113345521
2025-11-25,-37010,92027,1890503,2025-11-28,58.25,58.58,0.028166609764424644,-0.0165585524069648,-0.03379993171730966,-24339.0,-2.2504086252316933,-1.7861373933524967,0.003656307129798903,10180.0,-0.6905106997646001,1.3206053020728812,0.3382084095063985
2025-12-02,-34768,85805,1914667,2025-12-05,58.81,60.23,-0.043499916984891196,-0.05694836460235764,-0.05014112568487461,2242.0,-2.229734145643,-1.6702585432469816,0.005484460694698354,-6222.0,-0.7775434858451259,0.9695229325589865,0.29250457038391225
2025-12-09,6878,51555,1867966,2025-12-12,58.4,57.61,-0.014060059017531712,-0.01753167852803328,0.023433431695886187,41646.0,-1.8456978490548117,-1.0827144362308514,0.018281535648994516,-34250.0,-1.2566294587249087,-0.9379306079574075,0.07861060329067641
2025-12-16,74,54822,1916438,2025-12-19,55.44,56.8,-0.0035211267605632646,0.007218309859154948,0.045774647887323994,-6804.0,-1.9084405605273669,-1.1267198249761923,0.016453382084095063,3267.0,-1.2109309514724051,-0.7369184560544301,0.08957952468007313
2025-12-23,11360,53538,1863543,2025-12-26,58.55,56.6,0.0107773851590105,0.041696113074204844,0.07243816254416968,11286.0,-1.8043673327673349,-0.9434959809873966,0.02376599634369287,-1284.0,-1.2288914299885407,-0.7987533817463783,0.08775137111517367
2025-12-30,15743,48848,1898257,2026-01-02,57.79,57.21,0.030589057857018043,0.03828002097535399,0.1274252753015206,4383.0,-1.7639497395303847,-0.8536129962840242,0.027422303473491772,-4690.0,-1.2944947354719327,-1.0570439128205935,0.06398537477148081
2026-01-06,24528,32824,1968879,2026-01-09,56.97,58.96,0.00746268656716409,0.029511533242876586,0.08158073270013566,8785.0,-1.6829393456023427,-0.7128486651261364,0.029250457038391225,-16024.0,-1.5186370312215864,-1.9967123023114062,0.02010968921389397
2026-01-13,47570,10558,2018789,2026-01-16,60.85,59.4,0.021885521885522063,0.08585858585858586,0.06144781144781142,23042.0,-1.4704588109535162,-0.35561946305884795,0.04570383912248629,-22266.0,-1.8300918712841046,-2.921576227132512,0.003656307129798903
2026-01-20,47500,31292,1964359,2026-01-23,60.3,60.7,0.06260296540362442,0.050576606260296586,0.09868204283360771,-70.0,-1.471104312100353,-0.3215529402179711,0.043875685557586835,20734.0,-1.5400665118187202,-1.7761266971518948,0.016453382084095063
2026-01-27,59047,37935,2035649,2026-01-30,62.04,64.5,-0.011317829457364259,-0.022480620155038822,0.038139534883720794,11547.0,-1.3646242872071146,-0.10142539852829519,0.0603290676416819,6643.0,-1.4471448149474677,-1.3802193999582795,0.025594149908592323
2026-02-03,76760,47805,2091314,2026-02-06,62.62,63.77,-0.011290575505723766,0.045789556217657124,0.4233965814646383,17713.0,-1.2012848327224923,0.21641543221563553,0.09506398537477148,9870.0,-1.3090841272883886,-0.8544297926324264,0.0603290676416819
2026-02-10,79146,38668,2070538,2026-02-13,64.2,63.05,0.057731958762886615,0.06201427438540841,0.5619349722442508,2386.0,-1.179282465060306,0.27625366953412334,0.10968921389396709,-9137.0,-1.4368916757322594,-1.2613292551516098,0.027422303473491772
2026-02-17,63785,77558,2087493,2026-02-20,62.53,66.69,0.004048582995951344,0.3610736242315189,0.48013195381616436,-15361.0,-1.3209330810112054,0.02894252257793377,0.06581352833638025,38890.0,-0.8929017929499309,0.7048581656000348,0.23948811700182815
2026-02-24,67700,105012,2102705,2026-02-27,65.62,66.96,0.3555854241338112,0.4707287933094386,0.5122461170848269,3915.0,-1.284831124013108,0.09622965953893794,0.07495429616087751,27454.0,-0.5088776674187905,2.0828603540667574,0.40036563071297987
2026-03-03,68385,103765,2073033,2026-03-06,74.48,90.77,0.08493995813594801,0.08747383496750016,0.24743858102897454,685.0,-1.2785144342190604,0.11832944323029346,0.07678244972577697,-1247.0,-0.5263205932050996,1.9050211528998031,0.3912248628884826
2026-03-10,92122,135893,2051321,2026-03-13,83.71,98.48,0.0023354995938260625,0.028229082047116272,-0.0014216084484158786,23737.0,-1.0596249953266381,0.5326379792008513,0.13711151736745886,32128.0,-0.07691696877643794,3.0692521092835565,0.5045703839122486
2026-03-17,96371,122317,2081576,2026-03-20,96.01,98.71,0.0258332489109514,0.14709755850471096,-0.1296727788471279,4249.0,-1.020443075713633,0.6039736440146278,0.15356489945155394,-13576.0,-0.266816856887852,2.3044881809324176,0.4570383912248629
2026-03-24,94336,139284,2002065,2026-03-27,93.18,101.26,0.11821054710645851,-0.028836658107841195,-0.02804661268022912,-2035.0,-1.0392087161966796,0.5684832871381349,0.1425959780621572,16967.0,-0.029483960483435212,2.759131445585915,0.5173674588665448
2026-03-31,73347,140141,2030970,2026-04-03,102.86,113.23,-0.13150225205334276,-0.24127881303541465,-0.06932791662986848,-20989.0,-1.232757624353273,0.21762904826901505,0.08957952468007313,857.0,-0.017496320227727943,2.556075744318974,0.5210237659963437
2026-04-07,78700,123453,2037857,2026-04-10,114.58,98.34,-0.12639821029082776,0.0008135041692087785,0.005389465121008685,5353.0,-1.183395229510153,0.299949206172045,0.10786106032906764,-16688.0,-0.25092658929102185,1.873499765744788,0.46617915904936014
2026-04-14,98368,108173,2094492,2026-04-17,93.07,85.91,0.14561750669305096,0.22663252240717036,0.26865324176463745,19668.0,-1.002027850138869,0.6315932604657999,0.1663619744058501,-15280.0,-0.46466187879768117,1.2875005451453305,0.4186471663619744
2026-04-21,99887,92415,1984747,2026-04-24,93.64,98.42,0.0707173338752285,0.004572241414346756,0.01960983539930905,1519.0,-0.9880204752525065,0.6749949755039908,0.1736745886654479,-15758.0,-0.6850833900572321,0.712652614164333,0.340036563071298
2026-04-28,80331,111580,2017038,2026-05-01,103.45,105.38,-0.06177642816473705,0.03425697475801859,-0.13494021635984055,-19556.0,-1.168355052788851,0.3611675206299447,0.11517367458866545,19165.0,-0.4170050639188076,1.3255748388248694,0.4296160877513711
2026-05-05,70791,107995,2067827,2026-05-08,105.66,98.87,0.10235662991807404,0.01496915141094357,-0.04602002629715796,-9540.0,-1.2563276376577777,0.21503508125392715,0.08043875685557587,-3585.0,-0.46715172706549435,1.1547963677135098,0.41681901279707495
2026-05-12,72801,97076,2081927,2026-05-15,105.78,108.99,-0.07927332782824115,-0.16359299018258555,-0.18689788053949896,2010.0,-1.2377925332986013,0.26957453984110674,0.08775137111517367,-10919.0,-0.6198857340107309,0.7543608271307342,0.35648994515539306
2026-05-19,98219,74361,2002950,2026-05-22,112.09,100.35,-0.0915794718485301,-0.06008968609865473,-0.19930244145490783,25418.0,-1.0034018454371365,0.7384785165829072,0.16270566727605118,-22715.0,-0.9376211463892495,-0.02557536898978553,0.21389396709323583
2026-05-26,79924,81074,2003795,2026-05-29,97.63,91.16,0.034664326458973216,-0.027863097849934126,,-18295.0,-1.1721081808854605,0.4158387805214758,0.113345521023766,6713.0,-0.8437202957048121,0.19251914499469838,0.2577696526508227
2026-06-02,90765,65109,2025180,2026-06-05,97.47,94.32,-0.060432569974554595,-0.1481128074639525,,10841.0,-1.0721384961303209,0.6472029393845965,0.12797074954296161,-15965.0,-1.067037304669067,-0.39642820516893773,0.14990859232175502
2026-06-09,94725,35576,2006635,2026-06-12,91.9,88.62,-0.09331979237192523,,,3960.0,-1.035621574109257,0.7710004835337653,0.14625228519195613,-29533.0,-1.4801422984518007,-1.4559309965159226,0.021937842778793418
2026-06-16,96228,28255,2007709,2026-06-19,79.8,80.35,,,,1503.0,-1.0217617423421714,0.8653459340816685,0.14990859232175502,-7321.0,-1.5825477993993304,-1.6542105417275597,0.012797074954296161
2026-06-23,82872,31761,1911877,2026-06-26,78.94,78.94,,,,-13356.0,-1.1449233611586684,0.654448884424187,0.1206581352833638,3506.0,-1.533506181270381,-1.473459787529321,0.018281535648994516
