period,release_date,crude,cushing,spr,gasoline,distillate,refutil,crude_wow,cushing_wow,gasoline_wow,distillate_wow,implied_balance,production,imports,runs,exports,crude_seasonal_wow,crude_z,days_supply,season,lag1_wow,lag1_balance,expected_seasonal,surprise_seasonal,expected_model,expected,surprise,surprise_z,surprise_std,vol_regime,wti_struct,wti_m1m2,product_alignment,rxn_wti,rxn_brent,rxn_panel_wti,rxn_panel_brent,rxn_brent_wti,rxn_wti_m1m2,rxn_crack_321_wti,rxn_ho_wti,rxn_gasoil_brent
2014-12-19,2014-12-24,354.733,28.798000000000002,690.963,226.097,123.84700000000001,93.5,,,,,4.83,9127.0,8292.0,16341.0,388.0,,,21.70815739550823,heating,,,,,,,,,,,,,n/a,,,,,,,,,
2014-12-26,2014-12-31,352.979,30.793,690.963,229.048,125.721,94.4,-1.754000000000019,1.9949999999999974,2.9509999999999934,1.8739999999999952,-4.081,9121.0,7061.0,16377.0,388.0,,,21.553336997008,heating,,4.83,,,,,,,,,,,mixed,,,,,,,,,
2015-01-02,2015-01-07,348.806,32.098,690.961,237.163,136.92600000000002,93.9,-4.173000000000002,1.3049999999999997,8.115000000000009,11.205000000000013,-5.74,9132.0,6856.0,16420.0,388.0,,,21.242752740560288,heating,-1.754000000000019,-4.081,,,,,,,,,,,mixed,,,,,,,,,
2015-01-09,2015-01-14,354.195,33.874,690.9590000000001,240.334,139.851,91.0,5.38900000000001,1.7760000000000034,3.1709999999999923,2.924999999999983,2.821,9192.0,7492.0,15893.0,388.0,,,22.286226640659407,heating,-4.173000000000002,-5.74,,,,,,,,,,,all-build,,,,,,,,,
2015-01-16,2015-01-21,364.266,36.783,690.958,240.922,136.579,85.5,10.071000000000026,2.908999999999999,0.5879999999999939,-3.2719999999999914,7.7490000000000006,9186.0,7218.0,14909.0,388.0,,,24.432624589174324,heating,5.38900000000001,2.821,,,,,,,,,,,mixed,,,,,,,,,
2015-01-23,2015-01-28,373.14,38.868,690.957,238.335,132.687,88.0,8.873999999999967,2.085000000000001,-2.586999999999989,-3.891999999999996,6.139,9213.0,7422.0,15256.0,502.0,,,24.45857367593078,heating,10.071000000000026,7.7490000000000006,,,,,,,,,,,mixed,,,,,,,,,
2015-01-30,2015-02-04,379.473,41.384,690.957,240.67000000000002,134.475,89.9,6.333000000000027,2.5159999999999982,2.335000000000008,1.7879999999999825,3.626,9177.0,7387.0,15544.0,502.0,,,24.412828100874936,heating,8.873999999999967,6.139,,,,,,,,,,,all-build,,,,,,,,,
2015-02-06,2015-02-11,383.8,42.598,690.956,242.647,131.223,90.0,4.326999999999998,1.2139999999999986,1.9769999999999754,-3.251999999999981,3.122,9226.0,7286.0,15564.0,502.0,,,24.659470573117453,heating,6.333000000000027,3.626,,,,,,,,,,,mixed,,,,,,,,,
2015-02-13,2015-02-18,391.516,46.261,690.955,243.132,127.409,88.7,7.716000000000008,3.663000000000004,0.48500000000001364,-3.814000000000007,3.087,9280.0,7105.0,15442.0,502.0,,,25.35396969304494,heating,4.326999999999998,3.122,,,,,,,,,,,mixed,,,,,,,,,
2015-02-20,2015-02-25,399.943,48.68,690.955,240.014,124.69800000000001,87.4,8.426999999999964,2.418999999999997,-3.117999999999995,-2.7109999999999985,5.901,9285.0,7279.0,15243.0,478.0,,,26.237814078593452,heating,7.716000000000008,3.087,,,,,,,,,,,mixed,,,,,,,,,
2015-02-27,2015-03-04,410.246,49.216,690.955,240.06,122.976,86.6,10.302999999999997,0.5360000000000014,0.04599999999999227,-1.7220000000000084,7.707,9324.0,7368.0,15113.0,478.0,,,27.14523919804142,heating,8.426999999999964,5.901,,,,,,,,,,,mixed,,,,,,,,,
2015-03-06,2015-03-11,415.425,51.538000000000004,690.953,239.87300000000002,125.503,87.8,5.1790000000000305,2.3220000000000027,-0.1869999999999834,2.527000000000001,2.6670000000000003,9366.0,6793.0,15300.0,478.0,,,27.151960784313726,heating,10.302999999999997,7.707,,,,,,,,,,,mixed,,,,,,,,,
2015-03-13,2015-03-18,425.047,54.403,690.953,235.4,125.883,88.1,9.622000000000014,2.864999999999995,-4.473000000000013,0.37999999999999545,7.007000000000001,9419.0,7496.0,15436.0,478.0,,,27.536084477844003,heating,5.1790000000000305,2.6670000000000003,,,,,,,,,,,mixed,,,,,,,,,
2015-03-20,2015-03-25,433.217,56.314,690.952,233.386,125.849,89.0,8.169999999999959,1.9110000000000014,-2.01400000000001,-0.033999999999991815,5.4670000000000005,9422.0,7392.0,15530.0,503.0,,,27.89549259497746,heating,9.622000000000014,7.007000000000001,,,,,,,,,,,mixed,,,,,,,,,
2015-03-27,2015-04-01,437.983,58.943,690.952,229.12800000000001,127.174,89.4,4.7660000000000196,2.628999999999998,-4.257999999999981,1.3250000000000028,3.521,9386.0,7348.0,15728.0,503.0,,,27.847342319430314,heating,8.169999999999959,5.4670000000000005,,,,,,,,,,,mixed,,,,,,,,,
2015-04-03,2015-04-08,449.66200000000003,60.175000000000004,690.952,229.945,126.924,90.1,11.67900000000003,1.2320000000000064,0.8169999999999789,-0.25,8.323,9404.0,8217.0,15929.0,503.0,,,28.229141816812106,driving,4.7660000000000196,3.521,,,,,,,,,,,mixed,,,,,,,,,
2015-04-10,2015-04-15,450.956,61.462,690.95,227.87300000000002,128.941,92.3,1.2939999999999827,1.286999999999999,-2.0719999999999743,2.016999999999996,-1.281,9384.0,7148.0,16212.0,503.0,,,27.816185541574143,driving,11.67900000000003,8.323,,,,,,,,,,,mixed,,,,,,,,,
2015-04-17,2015-04-22,456.271,62.2,690.95,225.738,129.336,91.2,5.314999999999998,0.7379999999999995,-2.1350000000000193,0.39500000000001023,4.522,9366.0,7765.0,15982.0,503.0,,,28.54905518708547,driving,1.2939999999999827,-1.281,,,,,,,,,,,mixed,,,,,,,,,
2015-04-24,2015-04-29,458.181,61.686,690.948,227.451,129.27,91.3,1.9099999999999682,-0.5140000000000029,1.7129999999999939,-0.0660000000000025,1.764,9373.0,7446.0,16100.0,467.0,,,28.45844720496894,driving,5.314999999999998,4.522,,,,,,,,,,,mixed,,,,,,,,,
2015-05-01,2015-05-06,454.079,61.674,690.948,227.852,130.773,93.0,-4.101999999999975,-0.012000000000000455,0.40100000000001046,1.502999999999986,-6.328,9369.0,6541.0,16347.0,467.0,,,27.777512693460572,driving,1.9099999999999682,1.764,,,,,,,,,,,mixed,,,,,,,,,
2015-05-08,2015-05-13,451.88800000000003,60.684000000000005,690.947,226.71,128.27,91.2,-2.190999999999974,-0.9899999999999949,-1.141999999999996,-2.502999999999986,-1.26,9374.0,6881.0,15968.0,467.0,,,28.299599198396795,driving,-4.101999999999975,-6.328,,,,,,,,,,,all-draw,,,,,,,,,
2015-05-15,2015-05-20,449.214,60.443,691.26,223.936,127.724,92.4,-2.674000000000035,-0.24100000000000676,-2.774000000000001,-0.5460000000000065,-1.5330000000000001,9262.0,7199.0,16213.0,467.0,,,27.707025226669955,driving,-2.190999999999974,-1.26,,,,,,,,,,,all-draw,,,,,,,,,
2015-05-22,2015-05-27,446.41200000000003,60.01,691.847,220.627,128.839,93.6,-2.801999999999964,-0.43299999999999983,-3.3089999999999975,1.1149999999999949,-4.4030000000000005,9566.0,6696.0,16450.0,441.0,,,27.137507598784197,driving,-2.674000000000035,-1.5330000000000001,,,,,,,,,,,mixed,,,,,,,,,
2015-05-29,2015-06-03,444.464,59.027,692.346,220.293,132.612,93.2,-1.948000000000036,-0.982999999999997,-0.3340000000000032,3.772999999999996,0.777,9586.0,7373.0,16407.0,441.0,,,27.08990065216066,driving,-2.801999999999964,-4.4030000000000005,,,,,,,,,,,mixed,,,,,,,,,
2015-06-05,2015-06-10,438.447,58.003,692.345,217.354,133.477,94.6,-6.016999999999996,-1.024000000000001,-2.938999999999993,0.8650000000000091,-5.488,9610.0,6623.0,16576.0,441.0,,,26.450711872586872,driving,-1.948000000000036,0.777,,,,,,,,,,,mixed,,,,,,,,,
2015-06-12,2015-06-17,435.771,58.115,692.944,217.814,133.591,93.1,-2.6759999999999877,0.11200000000000188,0.45999999999997954,0.11400000000000432,-0.46900000000000003,9589.0,7067.0,16282.0,441.0,,,26.76397248495271,driving,-6.016999999999996,-5.488,,,,,,,,,,,mixed,,,,,,,,,
2015-06-19,2015-06-24,430.837,56.245000000000005,693.294,218.494,135.428,94.0,-4.934000000000026,-1.8699999999999974,0.6800000000000068,1.836999999999989,-5.138,9604.0,6765.0,16532.0,571.0,,,26.06079119283813,driving,-2.6759999999999877,-0.46900000000000003,,,,,,,,,,,mixed,,,,,,,,,
2015-06-26,2015-07-01,433.223,56.368,693.692,216.737,135.82,95.0,2.386000000000024,0.12299999999999756,-1.757000000000005,0.3919999999999959,0.042,9595.0,7513.0,16531.0,571.0,,,26.20670255882887,driving,-4.934000000000026,-5.138,,,,,,,,,,,mixed,,,,,,,,,
2015-07-03,2015-07-08,433.714,56.667,694.2230000000001,217.952,137.461,94.7,0.49099999999998545,0.2989999999999995,1.2150000000000034,1.6410000000000196,-1.729,9604.0,7316.0,16596.0,571.0,,,26.133646661846228,driving,2.386000000000024,0.042,,,,,,,,,,,all-build,,,,,,,,,
2015-07-10,2015-07-15,429.368,57.105000000000004,694.6220000000001,218.01,141.28,95.3,-4.346000000000004,0.4380000000000024,0.057999999999992724,3.8189999999999884,-3.36,9562.0,7354.0,16825.0,571.0,,,25.51964338781575,driving,0.49099999999998545,-1.729,,,,,,,,,,,mixed,,,,,,,,,
2015-07-17,2015-07-22,431.836,57.918,695.135,216.285,141.51500000000001,95.5,2.4680000000000177,0.8129999999999953,-1.7249999999999943,0.23500000000001364,0.406,9558.0,7941.0,16870.0,571.0,,,25.597866034380555,driving,-4.346000000000004,-3.36,,,,,,,,,,,mixed,,,,,,,,,
2015-07-24,2015-07-29,427.633,57.706,695.134,215.922,144.103,95.1,-4.203000000000031,-0.2119999999999962,-0.36299999999999955,2.587999999999994,-2.625,9413.0,7545.0,16762.0,571.0,,,25.512051067891658,driving,2.4680000000000177,0.406,,,,,,,,,,,mixed,,,,,,,,,
2015-07-31,2015-08-05,423.226,57.164,695.134,216.733,144.812,96.1,-4.406999999999982,-0.5420000000000016,0.811000000000007,0.7090000000000032,-7.042,9465.0,7180.0,17075.0,576.0,,,24.786295754026355,driving,-4.203000000000031,-2.625,,,,,,,,,,,mixed,,,,,,,,,
2015-08-07,2015-08-12,421.822,57.113,695.134,215.482,147.806,96.1,-1.4039999999999964,-0.05100000000000193,-1.2510000000000048,2.9939999999999998,-4.4590000000000005,9395.0,7573.0,17029.0,576.0,,,24.77080274825298,driving,-4.406999999999982,-7.042,,,,,,,,,,,mixed,,,,,,,,,
2015-08-14,2015-08-19,424.442,57.439,695.133,212.774,148.4,95.1,2.6200000000000045,0.3260000000000005,-2.7079999999999984,0.5939999999999941,0.245,9348.0,8038.0,16775.0,576.0,,,25.3020566318927,driving,-1.4039999999999964,-4.4590000000000005,,,,,,,,,,,mixed,,,,,,,,,
2015-08-21,2015-08-26,418.99,57.695,695.133,214.434,149.836,94.5,-5.451999999999998,0.2560000000000002,1.6599999999999966,1.436000000000007,-4.1930000000000005,9337.0,7199.0,16658.0,477.0,,,25.1524792892304,driving,2.6200000000000045,0.245,,,,,,,,,,,mixed,,,,,,,,,
2015-08-28,2015-09-02,423.657,57.307,695.133,214.163,149.951,92.8,4.666999999999973,-0.3879999999999981,-0.2709999999999866,0.11499999999998067,1.449,9218.0,7855.0,16389.0,477.0,,,25.8500823723229,driving,-5.451999999999998,-4.1930000000000005,,,,,,,,,,,mixed,,,,,,,,,
2015-09-04,2015-09-09,426.062,56.410000000000004,695.13,214.547,150.903,90.9,2.4050000000000296,-0.8969999999999985,0.38399999999998613,0.9519999999999982,0.049,9135.0,7459.0,16110.0,477.0,,,26.44705152079454,shoulder,4.666999999999973,1.449,,,,,,,,,,,all-build,,,,,,,,,
2015-09-11,2015-09-16,423.958,54.504,695.13,217.387,153.963,93.1,-2.103999999999985,-1.906000000000006,2.8400000000000034,3.0600000000000023,-4.788,9117.0,7189.0,16513.0,477.0,,,25.67419608793072,shoulder,2.4050000000000296,0.049,,,,,,,,,,,mixed,,,,,,,,,
2015-09-18,2015-09-23,422.033,54.042,695.13,218.756,151.875,90.9,-1.9250000000000114,-0.4619999999999962,1.3689999999999998,-2.087999999999994,-2.576,9136.0,7176.0,16203.0,477.0,,,26.046596309325434,shoulder,-2.103999999999985,-4.788,,,,,,,,,,,mixed,,,,,,,,,
2015-09-25,2015-09-30,425.988,52.974000000000004,695.128,222.01,151.608,89.8,3.954999999999984,-1.0679999999999978,3.2539999999999907,-0.2669999999999959,1.1340000000000001,9096.0,7554.0,15962.0,526.0,,,26.687633128680616,shoulder,-1.9250000000000114,-2.576,,,,,,,,,,,mixed,,,,,,,,,
2015-10-02,2015-10-07,429.028,53.072,695.128,223.92000000000002,149.15,87.5,3.0400000000000205,0.09799999999999898,1.910000000000025,-2.4579999999999984,1.085,9172.0,7068.0,15559.0,526.0,,,27.57426569830966,heating,3.954999999999984,1.1340000000000001,,,,,,,,,,,mixed,,,,,,,,,
2015-10-09,2015-10-14,436.59000000000003,54.197,695.128,221.302,147.63,86.0,7.562000000000012,1.125,-2.6180000000000234,-1.5200000000000102,4.3260000000000005,9096.0,7315.0,15267.0,526.0,,,28.596973865199452,heating,3.0400000000000205,1.085,,,,,,,,,,,mixed,,,,,,,,,
2015-10-16,2015-10-21,444.618,54.119,695.1270000000001,219.784,145.008,86.4,8.027999999999963,-0.07800000000000296,-1.5180000000000007,-2.6219999999999857,4.872,9096.0,7471.0,15345.0,526.0,,,28.974780058651024,heating,7.562000000000012,4.3260000000000005,,,,,,,,,,,mixed,,,,,,,,,
2015-10-23,2015-10-28,447.994,53.334,695.1270000000001,218.647,142.05700000000002,87.6,3.376000000000033,-0.7849999999999966,-1.1370000000000005,-2.9509999999999934,0.168,9112.0,7032.0,15616.0,504.0,,,28.688140368852462,heating,8.027999999999963,4.872,,,,,,,,,,,mixed,,,,,,,,,
2015-10-30,2015-11-04,450.841,53.122,695.1270000000001,215.347,140.757,88.7,2.84699999999998,-0.2120000000000033,-3.299999999999983,-1.3000000000000114,-0.266,9160.0,6943.0,15637.0,504.0,,,28.831681268785573,heating,3.376000000000033,0.168,,,,,,,,,,,mixed,,,,,,,,,
2015-11-06,2015-11-11,454.822,55.359,695.126,213.245,141.109,89.5,3.9809999999999945,2.237000000000002,-2.102000000000004,0.35200000000000387,0.833,9185.0,7377.0,15939.0,504.0,,,28.535165317774013,heating,2.84699999999998,-0.266,,,,,,,,,,,mixed,,,,,,,,,
2015-11-13,2015-11-18,455.074,56.854,695.126,214.254,140.318,90.3,0.25200000000000955,1.4949999999999974,1.0089999999999861,-0.7909999999999968,-3.0100000000000002,9182.0,6968.0,16076.0,504.0,,,28.30766359790993,heating,3.9809999999999945,0.833,,,,,,,,,,,mixed,,,,,,,,,
2015-11-20,2015-11-25,456.035,58.598,695.125,216.732,141.364,92.0,0.9610000000000127,1.7439999999999998,2.4780000000000086,1.0459999999999923,-2.289,9165.0,7333.0,16380.0,445.0,,,27.840964590964592,heating,0.25200000000000955,-3.0100000000000002,,,,,,,,,,,all-build,,,,,,,,,
2015-11-27,2015-12-02,457.212,59.026,695.125,216.86700000000002,144.415,94.5,1.176999999999964,0.4280000000000044,0.13500000000001933,3.0509999999999877,-2.093,9202.0,7747.0,16803.0,445.0,,,27.21014104624174,heating,0.9610000000000127,-2.289,,,,,,,,,,,all-build,,,,,,,,,
2015-12-04,2015-12-09,453.553,59.449,695.123,217.653,149.413,93.1,-3.658999999999992,0.4229999999999947,0.7859999999999729,4.998000000000019,0.616,9164.0,8021.0,16652.0,445.0,,,27.237148690847945,heating,1.176999999999964,-2.093,,,,,,,,,,,mixed,,,,,,,,,
2015-12-11,2015-12-16,458.354,60.056000000000004,695.123,219.38400000000001,151.976,91.9,4.800999999999988,0.6070000000000064,1.731000000000023,2.562999999999988,3.024,9176.0,8312.0,16611.0,445.0,,,27.593401962554932,heating,-3.658999999999992,0.616,,,,,,,,,,,all-build,,,,,,,,,
2015-12-18,2015-12-23,452.47700000000003,62.101,695.123,220.495,151.315,91.3,-5.876999999999953,2.0449999999999946,1.11099999999999,-0.6610000000000014,-3.241,9179.0,7326.0,16468.0,500.0,,,27.476135535584167,heating,4.800999999999988,3.024,,,,,,,,,,,mixed,,,,,,,,,
2015-12-25,2015-12-30,455.106,62.993,695.12,221.42000000000002,153.11,92.6,2.6289999999999623,0.892000000000003,0.9250000000000114,1.795000000000016,-0.616,9202.0,7892.0,16682.0,500.0,,,27.281261239659514,heating,-5.876999999999953,-3.241,,,,,,,,,,,all-build,,,,,,,,,
2016-01-01,2016-01-06,450.956,63.910000000000004,695.12,231.996,159.418,92.5,-4.149999999999977,0.9170000000000016,10.575999999999993,6.307999999999993,-2.716,9219.0,7510.0,16617.0,500.0,,,27.13823193115484,heating,2.6289999999999623,-0.616,,,,,,,,,,,mixed,,,,,,,,,
2016-01-08,2016-01-13,451.19,64.007,695.119,240.434,165.554,91.2,0.23399999999998045,0.09700000000000131,8.437999999999988,6.135999999999996,3.444,9227.0,8188.0,16423.0,500.0,,,27.473056079887957,heating,-4.149999999999977,-2.716,,,,,,,,,,,all-build,,,,,,,,,
2016-01-15,2016-01-20,455.169,64.19800000000001,695.118,244.997,164.529,90.6,3.978999999999985,0.1910000000000025,4.563000000000017,-1.0250000000000057,2.2680000000000002,9235.0,7779.0,16190.0,500.0,,,28.114206300185295,heating,0.23399999999998045,3.444,,,,,,,,,,,mixed,,,,,,,,,
2016-01-22,2016-01-27,463.552,63.427,695.118,248.461,160.472,87.4,8.383000000000038,-0.7710000000000079,3.4639999999999986,-4.056999999999988,5.5440000000000005,9221.0,7609.0,15639.0,399.0,,,29.640769870196305,heating,3.978999999999985,2.2680000000000002,,,,,,,,,,,mixed,,,,,,,,,
2016-01-29,2016-02-03,471.344,64.174,695.117,254.399,159.695,86.6,7.791999999999973,0.747000000000007,5.937999999999988,-0.7770000000000152,10.192,9214.0,8256.0,15615.0,399.0,,,30.185334614153057,heating,8.383000000000038,5.5440000000000005,,,,,,,,,,,mixed,,,,,,,,,
2016-02-05,2016-02-10,470.676,64.697,695.116,255.657,160.976,86.1,-0.6680000000000064,0.5229999999999961,1.2580000000000098,1.281000000000006,2.807,9186.0,7124.0,15510.0,399.0,,,30.346615087040618,heating,7.791999999999973,10.192,,,,,,,,,,,mixed,,,,,,,,,
2016-02-12,2016-02-17,472.82300000000004,64.733,695.116,258.693,162.375,88.3,2.147000000000048,0.036000000000001364,3.035999999999973,1.399000000000001,5.649,9135.0,7919.0,15848.0,399.0,,,29.83486875315497,heating,-0.6680000000000064,2.807,,,,,,,,,,,all-build,,,,,,,,,
2016-02-19,2016-02-24,476.325,65.066,695.115,256.457,160.715,87.3,3.5019999999999527,0.3329999999999984,-2.23599999999999,-1.6599999999999966,5.74,9102.0,7802.0,15685.0,399.0,,,30.368186165125916,heating,2.147000000000048,5.649,,,,,,,,,,,mixed,,,,,,,,,
2016-02-26,2016-03-02,486.699,66.256,695.115,254.989,163.597,88.3,10.374000000000024,1.1899999999999977,-1.4679999999999893,2.882000000000005,7.91,9077.0,8292.0,15852.0,387.0,,,30.702687358062075,heating,3.5019999999999527,5.74,,,,,,,,,,,mixed,,,,,,,,,
2016-03-04,2016-03-09,490.843,66.946,695.112,250.463,162.478,89.1,4.1440000000000055,0.6899999999999977,-4.5260000000000105,-1.1189999999999998,5.796,9078.0,8048.0,15911.0,387.0,,,30.84928665702973,heating,10.374000000000024,7.91,,,,,,,,,,,mixed,,,,,,,,,
2016-03-11,2016-03-16,492.16,67.491,695.114,249.716,161.343,89.0,1.3170000000000073,0.5450000000000017,-0.7469999999999857,-1.1350000000000193,2.646,9068.0,7693.0,15996.0,387.0,,,30.767691922980745,heating,4.1440000000000055,5.796,,,,,,,,,,,mixed,,,,,,,,,
2016-03-18,2016-03-23,501.517,66.233,695.114,245.074,162.26,88.4,9.356999999999971,-1.2579999999999956,-4.641999999999996,0.9170000000000016,8.505,9038.0,8384.0,15820.0,387.0,,,31.701453855878633,heating,1.3170000000000073,2.646,,,,,,,,,,,mixed,,,,,,,,,
2016-03-25,2016-03-30,503.81600000000003,65.961,695.112,242.56,161.185,90.4,2.299000000000035,-0.27200000000000557,-2.51400000000001,-1.0749999999999886,1.043,9022.0,7748.0,16234.0,387.0,,,31.034618701490697,heating,9.356999999999971,8.505,,,,,,,,,,,mixed,,,,,,,,,
2016-04-01,2016-04-06,498.598,66.318,695.112,243.99800000000002,162.984,91.4,-5.218000000000018,0.3569999999999993,1.4380000000000166,1.7990000000000066,-3.5700000000000003,9008.0,7254.0,16433.0,339.0,,,30.341264528692268,driving,2.299000000000035,1.043,,,,,,,,,,,mixed,,,,,,,,,
2016-04-08,2016-04-13,505.232,64.551,695.112,239.761,163.489,89.2,6.6340000000000146,-1.766999999999996,-4.237000000000023,0.5049999999999955,4.4590000000000005,8977.0,7940.0,15941.0,339.0,,,31.693871149865128,driving,-5.218000000000018,-3.5700000000000003,,,,,,,,,,,mixed,,,,,,,,,
2016-04-15,2016-04-20,507.312,64.303,695.112,239.651,159.935,89.4,2.079999999999984,-0.24800000000000466,-0.10999999999998522,-3.554000000000002,4.8790000000000004,8953.0,8187.0,16104.0,339.0,,,31.502235469448586,driving,6.6340000000000146,4.4590000000000005,,,,,,,,,,,mixed,,,,,,,,,
2016-04-22,2016-04-27,509.31100000000004,66.049,695.111,241.25900000000001,158.24,88.1,1.9990000000000236,1.7460000000000093,1.608000000000004,-1.6949999999999932,1.7570000000000001,8938.0,7550.0,15847.0,390.0,,,32.139269262320944,driving,2.079999999999984,4.8790000000000004,,,,,,,,,,,mixed,,,,,,,,,
2016-04-29,2016-05-04,512.095,66.292,695.1080000000001,241.79500000000002,156.979,89.7,2.783999999999992,0.242999999999995,0.5360000000000014,-1.2609999999999957,0.763,8825.0,7660.0,15986.0,390.0,,,32.033967221318655,driving,1.9990000000000236,1.7570000000000001,,,,,,,,,,,mixed,,,,,,,,,
2016-05-06,2016-05-11,508.487,67.812,695.107,240.564,155.332,89.1,-3.608000000000004,1.519999999999996,-1.231000000000023,-1.6470000000000198,-0.784,8802.0,7655.0,16179.0,390.0,,,31.428827492428454,driving,2.783999999999992,0.763,,,,,,,,,,,all-draw,,,,,,,,,
2016-05-13,2016-05-18,509.797,68.273,695.107,238.068,152.162,90.5,1.3100000000000023,0.4609999999999985,-2.495999999999981,-3.1699999999999875,-2.051,8791.0,7677.0,16371.0,390.0,,,31.140247999511335,driving,-3.608000000000004,-0.784,,,,,,,,,,,mixed,,,,,,,,,
2016-05-20,2016-05-25,505.571,67.624,695.106,240.11100000000002,150.87800000000001,89.7,-4.225999999999999,-0.6490000000000009,2.0430000000000064,-1.2839999999999918,-4.109,8767.0,7315.0,16279.0,390.0,,,31.056637385588797,driving,1.3100000000000023,-2.051,,,,,,,,,,,mixed,,,,,,,,,
2016-05-27,2016-06-01,504.205,66.92,695.106,238.619,149.623,89.8,-1.3660000000000423,-0.7039999999999935,-1.4920000000000186,-1.2550000000000239,-0.847,8735.0,7839.0,16206.0,489.0,,,31.112242379365668,driving,-4.225999999999999,-4.109,,,,,,,,,,,all-draw,,,,,,,,,
2016-06-03,2016-06-08,501.844,65.557,695.104,239.62900000000002,151.377,90.9,-2.36099999999999,-1.3629999999999995,1.0100000000000193,1.754000000000019,-3.192,8745.0,7705.0,16417.0,489.0,,,30.568556983614542,driving,-1.3660000000000423,-0.847,,,,,,,,,,,mixed,,,,,,,,,
2016-06-10,2016-06-15,500.911,66.461,695.104,237.00400000000002,152.163,90.2,-0.9329999999999927,0.9039999999999964,-2.625,0.7860000000000014,-3.2760000000000002,8716.0,7622.0,16317.0,489.0,,,30.698719127290556,driving,-2.36099999999999,-3.192,,,,,,,,,,,mixed,,,,,,,,,
2016-06-17,2016-06-22,499.994,65.181,695.104,237.631,152.314,91.3,-0.9169999999999732,-1.2800000000000011,0.6269999999999811,0.15099999999998204,0.854,8677.0,8439.0,16505.0,489.0,,,30.2934868221751,driving,-0.9329999999999927,-3.2760000000000002,,,,,,,,,,,mixed,,,,,,,,,
2016-06-24,2016-06-29,495.94100000000003,64.23,695.104,238.99800000000002,150.513,93.0,-4.052999999999997,-0.9509999999999934,1.3670000000000186,-1.8009999999999877,-7.812,8622.0,7555.0,16695.0,598.0,,,29.70595986822402,driving,-0.9169999999999732,0.854,,,,,,,,,,,mixed,,,,,,,,,
2016-07-01,2016-07-06,493.718,64.148,695.102,238.876,148.939,92.5,-2.223000000000013,-0.08200000000000784,-0.1220000000000141,-1.5740000000000123,-3.458,8428.0,8363.0,16687.0,598.0,,,29.586983879666807,driving,-4.052999999999997,-7.812,,,,,,,,,,,all-draw,,,,,,,,,
2016-07-08,2016-07-13,491.172,63.916000000000004,695.1,240.089,152.997,92.3,-2.5459999999999923,-0.2319999999999922,1.2129999999999939,4.058000000000021,-5.712,8485.0,7841.0,16544.0,598.0,,,29.68882978723404,driving,-2.223000000000013,-3.458,,,,,,,,,,,mixed,,,,,,,,,
2016-07-15,2016-07-20,488.83,64.105,695.099,241.0,152.78300000000002,93.2,-2.3420000000000414,0.18900000000000006,0.9110000000000014,-0.21399999999999864,-5.831,8494.0,8134.0,16863.0,598.0,,,28.988317618454605,driving,-2.5459999999999923,-5.712,,,,,,,,,,,mixed,,,,,,,,,
2016-07-22,2016-07-27,490.50100000000003,65.215,695.099,241.452,152.00300000000001,92.4,1.6710000000000491,1.1099999999999994,0.4519999999999982,-0.7800000000000011,-2.177,8515.0,8437.0,16586.0,677.0,,,29.57319426021946,driving,-2.3420000000000414,-5.831,,,,,,,,,,,mixed,,,,,,,,,
2016-07-29,2016-08-03,491.914,64.092,695.099,238.19,153.155,93.3,1.412999999999954,-1.1230000000000047,-3.2620000000000005,1.1519999999999868,-2.317,8460.0,8738.0,16852.0,677.0,,,29.190244481367195,driving,1.6710000000000491,-2.177,,,,,,,,,,,mixed,,,,,,,,,
2016-08-05,2016-08-10,492.969,65.255,695.096,235.383,151.196,92.2,1.0550000000000068,1.1629999999999967,-2.806999999999988,-1.9590000000000032,-2.975,8445.0,8404.0,16597.0,677.0,,,29.70229559558956,driving,1.412999999999954,-2.317,,,,,,,,,,,mixed,,,,,,,,,
2016-08-12,2016-08-17,490.461,64.531,695.096,232.659,153.135,93.5,-2.5079999999999814,-0.7239999999999895,-2.724000000000018,1.938999999999993,-5.264,8597.0,8193.0,16865.0,677.0,,,29.08158908983101,driving,1.0550000000000068,-2.975,,,,,,,,,,,mixed,,,,,,,,,
2016-08-19,2016-08-24,492.962,64.906,695.095,232.695,153.257,92.5,2.5009999999999764,0.375,0.036000000000001364,0.1220000000000141,-1.162,8548.0,8642.0,16679.0,677.0,,,29.55584867198273,driving,-2.5079999999999814,-5.264,,,,,,,,,,,all-build,,,,,,,,,
2016-08-26,2016-08-31,495.238,63.867000000000004,695.094,232.004,154.75300000000001,92.8,2.2760000000000105,-1.0390000000000015,-0.6910000000000025,1.4960000000000093,0.644,8488.0,8917.0,16615.0,698.0,,,29.806680710201622,driving,2.5009999999999764,-1.162,,,,,,,,,,,mixed,,,,,,,,,
2016-09-02,2016-09-07,480.725,63.433,695.093,227.793,158.135,93.7,-14.512999999999977,-0.4340000000000046,-4.210999999999984,3.3819999999999766,-13.328,8458.0,7069.0,16930.0,501.0,,,28.39486119314826,shoulder,2.2760000000000105,0.644,,,,,,,,,,,mixed,,,,,,,,,
2016-09-09,2016-09-14,480.166,62.188,695.093,228.36,162.754,92.9,-0.5590000000000259,-1.2449999999999974,0.5670000000000073,4.619,-4.151,8493.0,8062.0,16730.0,418.0,,,28.7008965929468,shoulder,-14.512999999999977,-13.328,,,,,,,,,,,mixed,,,,,,,,,
2016-09-16,2016-09-21,473.966,62.714,695.092,225.156,164.992,92.0,-6.199999999999989,0.5259999999999962,-3.2040000000000077,2.2379999999999995,-2.478,8512.0,8309.0,16587.0,588.0,,,28.5745463314644,shoulder,-0.5590000000000259,-4.151,,,,,,,,,,,mixed,,,,,,,,,
2016-09-23,2016-09-28,472.084,62.083,695.092,227.183,163.077,90.1,-1.882000000000005,-0.6310000000000002,2.026999999999987,-1.914999999999992,-3.563,8497.0,7835.0,16334.0,507.0,,,28.90192237051549,shoulder,-6.199999999999989,-2.478,,,,,,,,,,,mixed,,,,,,,,,
2016-09-30,2016-10-05,469.108,62.652,695.091,227.405,160.718,88.3,-2.975999999999999,0.5690000000000026,0.2220000000000084,-2.359000000000009,-2.065,8467.0,7710.0,16032.0,440.0,,,29.260728542914173,shoulder,-1.882000000000005,-3.563,,,,,,,,,,,mixed,,,,,,,,,
2016-10-07,2016-10-12,473.958,61.334,695.09,225.49800000000002,156.972,85.5,4.850000000000023,-1.3179999999999978,-1.9069999999999823,-3.745999999999981,1.946,8450.0,7861.0,15552.0,481.0,,,30.475694444444446,heating,-2.975999999999999,-2.065,,,,,,,,,,,mixed,,,,,,,,,
2016-10-14,2016-10-19,468.711,59.699,695.089,227.967,155.732,85.0,-5.247000000000014,-1.6350000000000051,2.468999999999994,-1.240000000000009,-3.0660000000000003,8464.0,6907.0,15370.0,439.0,,,30.495185426154848,heating,4.850000000000023,1.946,,,,,,,,,,,mixed,,,,,,,,,
2016-10-21,2016-10-26,468.158,58.362,695.089,226.011,152.37800000000001,85.6,-0.5529999999999973,-1.3369999999999962,-1.9560000000000173,-3.353999999999985,-3.129,8504.0,7016.0,15552.0,415.0,,,30.10275205761317,heating,-5.247000000000014,-3.0660000000000003,,,,,,,,,,,all-draw,,,,,,,,,
2016-10-28,2016-11-02,482.57800000000003,58.451,695.088,223.804,150.55,85.2,14.420000000000016,0.08899999999999864,-2.2069999999999936,-1.828000000000003,11.655,8522.0,8995.0,15448.0,404.0,,,31.23886587260487,heating,-0.5529999999999973,-3.129,,,,,,,,,,,mixed,,,,,,,,,
2016-11-04,2016-11-09,485.01,58.479,695.087,220.963,148.602,87.1,2.4319999999999595,0.027999999999998693,-2.841000000000008,-1.9480000000000075,-0.651,8692.0,7442.0,15817.0,410.0,,,30.663842700891443,heating,14.420000000000016,11.655,,,,,,,,,,,mixed,,,,,,,,,
2016-11-11,2016-11-16,490.284,59.17,695.087,221.709,148.912,89.2,5.274000000000001,0.6910000000000025,0.7460000000000093,0.3100000000000023,3.479,8681.0,8423.0,16126.0,481.0,,,30.403323824879074,heating,2.4319999999999595,-0.651,,,,,,,,,,,all-build,,,,,,,,,
2016-11-18,2016-11-23,489.029,59.083,695.086,224.026,149.239,90.8,-1.2549999999999955,-0.0870000000000033,2.3170000000000073,0.3269999999999982,-4.186,8690.0,7578.0,16397.0,469.0,,,29.824297127523323,heating,5.274000000000001,3.479,,,,,,,,,,,mixed,,,,,,,,,
2016-11-25,2016-11-30,488.145,61.502,695.085,226.12300000000002,154.196,89.8,-0.8840000000000146,2.419000000000004,2.0970000000000084,4.956999999999994,-3.5700000000000003,8699.0,7548.0,16283.0,474.0,,,29.97881225818338,heating,-1.2549999999999955,-4.186,,,,,,,,,,,mixed,,,,,,,,,
2016-12-02,2016-12-07,485.75600000000003,65.285,695.0840000000001,229.548,156.697,90.4,-2.388999999999953,3.782999999999994,3.424999999999983,2.5010000000000048,0.588,8697.0,8303.0,16417.0,499.0,,,29.58859718584394,heating,-0.8840000000000146,-3.5700000000000003,,,,,,,,,,,mixed,,,,,,,,,
2016-12-09,2016-12-14,483.193,66.508,695.0840000000001,230.04500000000002,155.935,90.5,-2.563000000000045,1.222999999999999,0.4970000000000141,-0.7620000000000005,-5.621,8796.0,7360.0,16474.0,485.0,,,29.33064222411072,heating,-2.388999999999953,0.588,,,,,,,,,,,mixed,,,,,,,,,
2016-12-16,2016-12-21,485.449,66.263,695.083,228.73600000000002,153.51500000000001,91.5,2.2560000000000286,-0.24499999999999034,-1.3089999999999975,-2.4199999999999875,0.294,8786.0,8471.0,16658.0,557.0,-5.876999999999953,1.6746603372073983,29.142093888822185,heating,-2.563000000000045,-5.621,-5.876999999999953,8.132999999999981,,-5.876999999999953,8.132999999999981,,,,,,mixed,,,,,,,,,
2016-12-23,2016-12-28,486.063,66.435,695.082,227.143,151.63400000000001,91.0,0.6139999999999759,0.17199999999999704,-1.5930000000000177,-1.8810000000000002,-1.7570000000000001,8766.0,8167.0,16557.0,627.0,0.4374999999999716,1.6062451653333587,29.356948722594673,heating,2.2560000000000286,0.294,0.4374999999999716,0.17650000000000432,,0.4374999999999716,0.17650000000000432,,,,,,mixed,,,,,,,,,
2016-12-30,2017-01-04,479.012,67.509,695.082,235.45000000000002,161.685,92.0,-7.050999999999988,1.073999999999998,8.307000000000016,10.050999999999988,-9.954,8770.0,7183.0,16689.0,686.0,,,28.70225897297621,heating,0.6139999999999759,-1.7570000000000001,,,,,,,,,,,mixed,,,,,,,,,
2017-01-06,2017-01-11,483.10900000000004,66.93,695.082,240.473,170.041,93.6,4.097000000000037,-0.5789999999999935,5.022999999999996,8.355999999999995,1.1480000000000001,8946.0,9052.0,17107.0,727.0,-4.1614999999999895,1.6295252080274114,28.24042789501374,heating,-7.050999999999988,-9.954,-4.1614999999999895,8.258500000000026,,-4.1614999999999895,8.258500000000026,,,,,,all-build,,,,,,,,,
2017-01-13,2017-01-18,485.456,65.656,695.081,246.424,169.073,90.7,2.34699999999998,-1.274000000000001,5.950999999999993,-0.9679999999999893,1.05,8944.0,8378.0,16468.0,704.0,2.8114999999999952,1.7065518841177385,29.478746660189458,heating,4.097000000000037,1.1480000000000001,2.8114999999999952,-0.46450000000001523,,2.8114999999999952,-0.46450000000001523,,,,,,mixed,,,,,,,,,
2017-01-20,2017-01-25,488.296,65.372,695.081,253.22,169.149,88.3,2.839999999999975,-0.284000000000006,6.795999999999992,0.0759999999999934,0.875,8961.0,7810.0,16047.0,599.0,7.025000000000006,1.7288428324697767,30.429114476226083,heating,2.34699999999998,1.05,7.025000000000006,-4.185000000000031,,7.025000000000006,-4.185000000000031,,,,,,all-build,,,,,,,,,
2017-01-27,2017-02-01,494.762,64.127,695.0790000000001,257.086,170.717,88.2,6.466000000000008,-1.2450000000000045,3.866000000000014,1.568000000000012,4.963,8915.0,8290.0,15947.0,549.0,8.628500000000003,1.6903950802990746,31.0253966263247,heating,2.839999999999975,0.875,8.628500000000003,-2.1624999999999943,,8.628500000000003,-2.1624999999999943,,,,,,all-build,,,,,,,,,
2017-02-03,2017-02-08,508.592,65.27,695.078,256.217,170.746,87.7,13.829999999999984,1.1430000000000007,-0.8690000000000282,0.028999999999996362,13.23,8978.0,9372.0,15893.0,567.0,7.0625,1.8108761197766432,32.00100673252375,heating,6.466000000000008,4.963,7.0625,6.767499999999984,,7.0625,6.767499999999984,,,,,,mixed,,,,,,,,,
2017-02-10,2017-02-15,518.119,64.568,695.078,259.063,170.05700000000002,85.4,9.527000000000044,-0.7019999999999982,2.8460000000000036,-0.688999999999993,6.888,8977.0,8491.0,15458.0,1026.0,1.829499999999996,2.092200377549612,33.51785483244922,heating,13.829999999999984,13.23,1.829499999999996,7.697500000000048,,1.829499999999996,7.697500000000048,,,,,,mixed,,,,,,,,,
2017-02-17,2017-02-22,518.683,63.04,695.078,256.435,165.133,84.3,0.5639999999999645,-1.5279999999999987,-2.627999999999986,-4.924000000000007,-1.365,9001.0,7286.0,15271.0,1211.0,4.931500000000028,2.12807015386129,33.96522821033331,heating,9.527000000000044,6.888,4.931500000000028,-4.367500000000064,,4.931500000000028,-4.367500000000064,,,,,,mixed,,,,,,,,,
2017-02-24,2017-03-01,520.184,63.535000000000004,695.076,255.889,164.208,86.0,1.5009999999999764,0.49500000000000455,-0.5459999999999923,-0.9250000000000114,1.6520000000000001,9032.0,7589.0,15664.0,721.0,5.964499999999958,2.1484119295121875,33.208886618998974,heating,0.5639999999999645,-1.365,5.964499999999958,-4.463499999999982,,5.964499999999958,-4.463499999999982,,,,,,mixed,,,,,,,,,
2017-03-03,2017-03-08,528.393,64.402,694.825,249.334,161.532,85.9,8.20900000000006,0.8669999999999973,-6.555000000000007,-2.6759999999999877,5.9430000000000005,9088.0,8150.0,15492.0,897.0,10.33850000000001,2.0907093246831394,34.1074748257165,heating,1.5009999999999764,1.6520000000000001,10.33850000000001,-2.1294999999999504,,10.33850000000001,-2.1294999999999504,,,,,,mixed,,,,,,,,,
2017-03-10,2017-03-15,528.1560000000001,66.532,694.009,246.279,157.303,85.1,-0.23699999999996635,2.1299999999999955,-3.055000000000007,-4.229000000000013,2.275,9109.0,7405.0,15472.0,717.0,4.661500000000018,1.9894985282028175,34.13624612202689,heating,8.20900000000006,5.9430000000000005,4.661500000000018,-4.898499999999984,,4.661500000000018,-4.898499999999984,,,,,,all-draw,,,,,,,,,
2017-03-17,2017-03-22,533.11,67.95100000000001,693.383,243.46800000000002,155.393,87.4,4.953999999999951,1.4190000000000111,-2.8109999999999786,-1.9099999999999966,7.595,9129.0,8307.0,15801.0,550.0,5.469500000000011,2.2203298913772285,33.739003860515155,heating,-0.23699999999996635,2.275,5.469500000000011,-0.5155000000000598,,5.469500000000011,-0.5155000000000598,,,,,,mixed,,,,,,,,,
2017-03-24,2017-03-29,533.977,67.731,692.659,239.721,152.91,89.3,0.8669999999999618,-0.22000000000001307,-3.747000000000014,-2.483000000000004,0.9450000000000001,9147.0,8224.0,16226.0,1010.0,8.763499999999965,1.9505124450951685,32.908726734869965,heating,4.953999999999951,7.595,8.763499999999965,-7.896500000000003,,8.763499999999965,-7.896500000000003,,,,,,mixed,,,,,,,,,
2017-03-31,2017-04-05,535.543,69.144,692.135,239.103,152.374,90.8,1.566000000000031,1.413000000000011,-0.617999999999995,-0.5360000000000014,0.315,9199.0,7850.0,16429.0,575.0,3.5325000000000273,1.963863108167636,32.597419197760054,heating,0.8669999999999618,0.9450000000000001,3.5325000000000273,-1.9664999999999964,,3.5325000000000273,-1.9664999999999964,,,,,,mixed,,,,,,,,,
2017-04-07,2017-04-12,533.3770000000001,69.42,691.51,236.13,150.221,91.0,-2.16599999999994,0.27599999999999625,-2.973000000000013,-2.1529999999999916,-1.911,9235.0,7878.0,16697.0,689.0,3.2305000000000064,2.4214075527219263,31.944481044499017,driving,1.566000000000031,0.315,3.2305000000000064,-5.396499999999946,,3.2305000000000064,-5.396499999999946,,,,,,all-draw,,,,,,,,,
2017-04-14,2017-04-19,532.343,68.642,691.311,237.672,148.266,92.9,-1.0340000000001055,-0.7780000000000058,1.5420000000000016,-1.9550000000000125,-3.087,9252.0,7810.0,16938.0,565.0,3.9639999999999986,1.9990050851204915,31.428917227535717,driving,-2.16599999999994,-1.911,3.9639999999999986,-4.998000000000104,,3.9639999999999986,-4.998000000000104,,,,,,mixed,,,,,,,,,
2017-04-21,2017-04-26,528.702,67.43900000000001,690.8100000000001,241.041,150.917,94.1,-3.6409999999999627,-1.2029999999999887,3.3689999999999998,2.6510000000000105,-1.82,9265.0,8912.0,17285.0,1152.0,3.697499999999991,1.8381497227718877,30.587330054960947,driving,-1.0340000000001055,-3.087,3.697499999999991,-7.338499999999954,,3.697499999999991,-7.338499999999954,,,,,,mixed,,,,,,,,,
2017-04-28,2017-05-03,527.772,66.711,689.338,241.232,150.355,93.3,-0.92999999999995,-0.7280000000000086,0.1910000000000025,-0.5620000000000118,-1.106,9293.0,8264.0,17177.0,538.0,1.954499999999996,1.7221200860551544,30.725505035803696,driving,-3.6409999999999627,-1.82,1.954499999999996,-2.884499999999946,,1.954499999999996,-2.884499999999946,,,,,,mixed,,,,,,,,,
2017-05-05,2017-05-10,522.525,66.273,688.787,241.082,148.768,91.5,-5.247000000000071,-0.4380000000000024,-0.15000000000000568,-1.586999999999989,-3.626,9314.0,7620.0,16759.0,693.0,-0.6589999999999918,1.359555984555984,31.178769616325553,driving,-0.92999999999995,-1.106,-0.6589999999999918,-4.588000000000079,,-0.6589999999999918,-4.588000000000079,,,,,,all-draw,,,,,,,,,
2017-05-12,2017-05-17,520.772,66.308,688.059,240.669,146.824,93.4,-1.752999999999929,0.0350000000000108,-0.4129999999999825,-1.9439999999999884,-2.191,9305.0,8590.0,17122.0,1086.0,-2.899499999999989,1.4341066096574164,30.415372035977107,driving,-5.247000000000071,-3.626,-2.899499999999989,1.14650000000006,,-2.899499999999989,1.14650000000006,,,,,,all-draw,,,,,,,,,
2017-05-19,2017-05-24,516.34,65.56700000000001,687.6610000000001,239.882,146.339,93.5,-4.432000000000016,-0.7409999999999997,-0.7870000000000061,-0.48500000000001364,-2.044,9320.0,8294.0,17281.0,625.0,-0.6820000000000164,1.216001188452207,29.87905792488861,driving,-1.752999999999929,-2.191,-0.6820000000000164,-3.75,,-0.6820000000000164,-3.75,,,,,,all-draw,,,,,,,,,
2017-05-26,2017-05-31,509.91200000000003,64.82000000000001,686.682,237.024,146.733,95.0,-6.427999999999997,-0.7469999999999999,-2.858000000000004,0.39400000000000546,-10.402000000000001,9342.0,7985.0,17510.0,1303.0,-3.5139999999999816,1.1467570445747903,29.12118789263278,driving,-4.432000000000016,-2.044,-3.5139999999999816,-2.9140000000000157,,-3.5139999999999816,-2.9140000000000157,,,,,,mixed,,,,,,,,,
2017-06-02,2017-06-07,513.207,63.376000000000005,685.0260000000001,240.348,151.088,94.1,3.294999999999959,-1.4440000000000026,3.3240000000000123,4.35499999999999,-0.875,9318.0,8341.0,17227.0,557.0,-1.657000000000039,1.3013675700105458,29.790851570209554,driving,-6.427999999999997,-10.402000000000001,-1.657000000000039,4.951999999999998,,-1.657000000000039,4.951999999999998,,,,,,all-build,,,,,,,,,
2017-06-09,2017-06-14,511.546,62.22,684.625,242.44400000000002,151.416,94.4,-1.6610000000000014,-1.156000000000006,2.0960000000000036,0.32800000000000296,-4.361,9330.0,8025.0,17256.0,722.0,-4.188999999999993,1.3060712652018243,29.644529439035697,driving,3.294999999999959,-0.875,-4.188999999999993,2.5279999999999916,,-4.188999999999993,2.5279999999999916,,,,,,mixed,,,,,,,,,
2017-06-16,2017-06-21,509.095,61.14,683.842,241.866,152.495,94.0,-2.450999999999965,-1.0799999999999983,-0.578000000000003,1.0790000000000077,-3.101,9350.0,7876.0,17152.0,517.0,-1.8044999999999902,1.2512741786920487,29.681378264925375,driving,-1.6610000000000014,-4.361,-1.8044999999999902,-0.6464999999999748,,-1.8044999999999902,-0.6464999999999748,,,,,,mixed,,,,,,,,,
2017-06-23,2017-06-28,509.213,60.843,682.436,240.972,152.272,92.5,0.117999999999995,-0.29699999999999704,-0.8940000000000055,-0.2230000000000132,-1.064,9250.0,8016.0,16890.0,528.0,-2.9254999999999995,1.2666107552380812,30.148786264061574,driving,-2.450999999999965,-3.101,-2.9254999999999995,3.0434999999999945,,-2.9254999999999995,3.0434999999999945,0.641589009051032,4.743690987633354,,,,mixed,,,,,,,,,
2017-06-30,2017-07-05,502.914,59.509,682.037,237.303,150.422,93.6,-6.299000000000035,-1.3340000000000032,-3.669000000000011,-1.8499999999999943,-5.803,9338.0,7742.0,17141.0,768.0,-0.8334999999999866,1.2223604069007297,29.339828481418817,driving,0.117999999999995,-1.064,-0.8334999999999866,-5.465500000000048,,-0.8334999999999866,-5.465500000000048,-1.158902759817552,4.716098873438261,,,,all-draw,,,,,,,,,
2017-07-07,2017-07-12,495.35,57.561,678.8870000000001,235.656,153.553,94.5,-7.5639999999999645,-1.9480000000000004,-1.6469999999999914,3.1310000000000002,-8.085,9397.0,7610.0,17244.0,918.0,-0.8660000000000139,1.0543963735750952,28.725933658083974,driving,-6.299000000000035,-5.803,-0.8660000000000139,-6.697999999999951,,-0.8660000000000139,-6.697999999999951,-1.4222213902224266,4.709534005076682,,,,mixed,,,,,,,,,
2017-07-14,2017-07-19,490.623,57.538000000000004,678.885,231.211,151.416,94.0,-4.727000000000032,-0.022999999999996135,-4.444999999999993,-2.1370000000000005,-2.954,9429.0,7996.0,17119.0,728.0,-3.445999999999998,0.9822341596013201,28.65955955371225,driving,-7.5639999999999645,-8.085,-3.445999999999998,-1.2810000000000343,,-3.445999999999998,-1.2810000000000343,-0.2700432809326978,4.743684033076515,,,,all-draw,,,,,,,,,
2017-07-21,2017-07-26,483.415,55.839,678.885,230.196,149.564,94.3,-7.20799999999997,-1.6990000000000052,-1.0150000000000148,-1.8520000000000039,-6.027,9410.0,8044.0,17285.0,1030.0,0.06299999999998818,0.8099799978945174,27.967312698871854,driving,-4.727000000000032,-2.954,0.06299999999998818,-7.270999999999958,,0.06299999999998818,-7.270999999999958,-1.5598993913638968,4.661198049216857,,,,all-draw,,,,,,,,,
2017-07-28,2017-08-02,481.88800000000003,55.800000000000004,678.884,227.679,149.41400000000002,95.4,-1.5269999999999868,-0.03899999999999437,-2.516999999999996,-0.14999999999997726,-2.989,9430.0,8253.0,17408.0,702.0,-1.2659999999999911,0.7259973277343007,27.68198529411765,driving,-7.20799999999997,-6.027,-1.2659999999999911,-0.2609999999999957,,-1.2659999999999911,-0.2609999999999957,-0.05540979961289396,4.7103581284069564,,,,all-draw,,,,,,,,,
2017-08-04,2017-08-09,475.437,56.369,678.883,231.103,147.685,96.3,-6.451000000000022,0.5689999999999955,3.4240000000000066,-1.7290000000000134,-7.672000000000001,9423.0,7762.0,17574.0,707.0,-1.497000000000014,0.520236431399954,27.053431205189483,driving,-1.5269999999999868,-2.989,-1.497000000000014,-4.954000000000008,,-1.497000000000014,-4.954000000000008,-1.068091708658277,4.638178500817274,,,,mixed,,,,,,,,,
2017-08-11,2017-08-16,466.492,57.047000000000004,678.883,231.125,148.387,96.1,-8.944999999999993,0.6780000000000044,0.02199999999999136,0.7019999999999982,-5.698,9502.0,8126.0,17565.0,877.0,-0.17449999999999477,0.2557100088549074,26.558041559920294,driving,-6.451000000000022,-7.672000000000001,-0.17449999999999477,-8.770499999999998,,-0.17449999999999477,-8.770499999999998,-1.903498946132775,4.607567562786677,,,,mixed,,,,,,,,,
2017-08-18,2017-08-23,463.165,56.544000000000004,678.883,229.90200000000002,148.415,95.4,-3.326999999999998,-0.5030000000000001,-1.2229999999999848,0.027999999999991587,-0.553,9528.0,8790.0,17461.0,936.0,0.056000000000011596,0.17308653569427013,26.525685814099994,driving,-8.944999999999993,-5.698,0.056000000000011596,-3.3830000000000098,,0.056000000000011596,-3.3830000000000098,-0.7188077606520481,4.70640438958423,,,,mixed,,,,,,,,,
2017-08-25,2017-08-30,457.773,57.233000000000004,678.88,229.937,149.163,96.6,-5.391999999999996,0.6890000000000001,0.03499999999999659,0.7480000000000189,-8.344,9530.0,7905.0,17725.0,902.0,-1.475500000000011,0.04858595144108652,25.826403385049364,driving,-3.326999999999998,-0.553,-1.475500000000011,-3.916499999999985,,-1.475500000000011,-3.916499999999985,-0.8430799409847021,4.645466947565594,,,,mixed,,,,,,,,,
2017-09-01,2017-09-06,462.353,58.03,678.6,226.738,147.767,79.7,4.579999999999984,0.796999999999997,-3.1990000000000123,-1.396000000000015,8.673,8781.0,7083.0,14472.0,153.0,3.471499999999992,0.08118076025761073,31.94810668877833,shoulder,-5.391999999999996,-8.344,3.471499999999992,1.1084999999999923,,3.471499999999992,1.1084999999999923,0.24134804663909076,4.592952026902588,,,,mixed,,,,,,,,,
2017-09-08,2017-09-13,468.241,59.053000000000004,677.0070000000001,218.31,144.552,77.7,5.887999999999977,1.0230000000000032,-8.427999999999997,-3.2150000000000034,6.867,9353.0,6480.0,14078.0,774.0,-6.053999999999974,0.543237656184255,33.260477340531324,shoulder,4.579999999999984,8.673,-6.053999999999974,11.94199999999995,,-6.053999999999974,11.94199999999995,2.6223592953615644,4.553914492618532,,,,mixed,,,,,,,,,
2017-09-15,2017-09-20,472.832,59.756,675.397,216.185,138.859,83.2,4.591000000000008,0.7029999999999959,-2.125,-5.692999999999984,5.446,9510.0,7368.0,15172.0,928.0,-1.3315000000000055,0.7390407059493308,31.16477722119694,shoulder,5.887999999999977,6.867,-1.3315000000000055,5.922500000000014,,-1.3315000000000055,5.922500000000014,1.1823330910244632,5.009163699265416,,,,mixed,,,,,,,,,
2017-09-22,2017-09-27,470.986,60.937000000000005,674.601,217.292,138.04500000000002,88.6,-1.8460000000000036,1.1810000000000045,1.1069999999999993,-0.813999999999993,-4.837,9547.0,7427.0,16174.0,1491.0,-4.0625,0.8852367473475432,29.119945591690367,shoulder,4.591000000000008,5.446,-4.0625,2.2164999999999964,,-4.0625,2.2164999999999964,0.436435758921853,5.078639764705616,,,,mixed,,,,,,,,,
2017-09-29,2017-10-04,464.963,62.462,673.649,218.936,135.439,88.1,-6.022999999999968,1.5249999999999986,1.6440000000000055,-2.606000000000023,-8.666,9561.0,7214.0,16029.0,1984.0,1.0364999999999895,0.6910360985768839,29.007611204691496,shoulder,-1.8460000000000036,-4.837,1.0364999999999895,-7.059499999999957,,1.0364999999999895,-7.059499999999957,-1.400212941992734,5.041733145212273,,,,mixed,,,,,,,,,
2017-10-06,2017-10-11,462.216,63.784,672.4490000000001,221.42600000000002,133.959,89.2,-2.747000000000014,1.3219999999999956,2.490000000000009,-1.4799999999999898,-3.017,9480.0,7617.0,16258.0,1270.0,0.03200000000001069,0.6560878243512989,28.430065198671425,heating,-6.022999999999968,-8.666,0.03200000000001069,-2.779000000000025,,0.03200000000001069,-2.779000000000025,-0.5486889169787991,5.064800680323207,,,,mixed,,,,,,,,,
2017-10-13,2017-10-18,456.485,63.986000000000004,671.691,222.334,134.487,84.5,-5.7309999999999945,0.2020000000000053,0.907999999999987,0.5279999999999916,-9.436,8406.0,7483.0,15439.0,1798.0,6.206000000000017,0.0648148148148155,29.567005635079994,heating,-2.747000000000014,-3.017,6.206000000000017,-11.937000000000012,,6.206000000000017,-11.937000000000012,-2.383440715866567,5.00830581626612,,,,mixed,,,,,,,,,
2017-10-20,2017-10-25,457.341,63.749,671.3770000000001,216.869,129.241,87.8,0.8559999999999945,-0.23700000000000188,-5.465000000000003,-5.245999999999981,-2.233,9507.0,8123.0,16025.0,1924.0,1.3904999999999745,0.056157390113313596,28.539219968798754,heating,-5.7309999999999945,-9.436,1.3904999999999745,-0.53449999999998,,1.3904999999999745,-0.53449999999998,-0.102617753646939,5.2086503651108105,,,,mixed,,,,,,,,,
2017-10-27,2017-11-01,454.906,63.839,670.587,212.84900000000002,128.921,88.1,-2.4350000000000023,0.0899999999999963,-4.019999999999982,-0.3200000000000216,-7.168,9553.0,7571.0,16015.0,2133.0,1.411500000000018,-0.31442174171791487,28.404995316890414,heating,0.8559999999999945,-2.233,1.411500000000018,-3.8465000000000202,,1.411500000000018,-3.8465000000000202,-0.746910477310023,5.14988089851555,,,,all-draw,,,,,,,,,
2017-11-03,2017-11-08,457.14300000000003,64.559,669.9060000000001,209.537,125.562,89.6,2.237000000000023,0.7199999999999989,-3.312000000000012,-3.3589999999999947,-1.239,9620.0,7377.0,16305.0,869.0,8.633499999999998,-0.6028610139584719,28.036982520699173,heating,-2.4350000000000023,-7.168,8.633499999999998,-6.396499999999975,,8.633499999999998,-6.396499999999975,-1.2534710269220517,5.103029796952576,,,,mixed,,,,,,,,,
2017-11-10,2017-11-15,458.997,63.055,669.2,210.431,124.763,91.0,1.853999999999985,-1.5039999999999978,0.8940000000000055,-0.7989999999999924,-1.575,9645.0,7898.0,16639.0,1129.0,3.206499999999977,-0.7234000265005954,27.58561211611275,heating,2.237000000000023,-1.239,3.206499999999977,-1.352499999999992,,3.206499999999977,-1.352499999999992,-0.26538759939172346,5.096319508145684,,,,mixed,,,,,,,,,
2017-11-17,2017-11-22,457.142,61.228,667.475,210.475,125.032,91.3,-1.8550000000000182,-1.8269999999999982,0.04399999999998272,0.26899999999999125,-6.2860000000000005,9658.0,7873.0,16838.0,1591.0,2.7630000000000052,-0.8825333712013625,27.149423922081006,heating,1.853999999999985,-1.575,2.7630000000000052,-4.618000000000023,,2.7630000000000052,-4.618000000000023,-0.9161214870121751,5.040816164088782,,,,mixed,,,,,,,,,
2017-11-24,2017-11-29,453.713,58.314,665.111,214.102,127.779,92.6,-3.4289999999999736,-2.9140000000000015,3.6270000000000095,2.747,-9.828,9682.0,7329.0,17003.0,1412.0,-0.14699999999999136,-1.1407528641571214,26.68429100746927,heating,-1.8550000000000182,-6.2860000000000005,-0.14699999999999136,-3.2819999999999823,,-0.14699999999999136,-3.2819999999999823,-0.6557100575735648,5.005261032818261,,,,mixed,,,,,,,,,
2017-12-01,2017-12-06,448.103,55.561,662.663,220.882,129.446,93.8,-5.610000000000014,-2.753,6.780000000000001,1.6670000000000016,-11.508000000000001,9707.0,7202.0,17195.0,1358.0,0.14649999999997476,-1.5889503119645674,26.060075603373075,heating,-3.4289999999999736,-9.828,0.14649999999997476,-5.756499999999988,,0.14649999999997476,-5.756499999999988,-1.1610712626030464,4.957921348509039,,,,mixed,,,,,,,,,
2017-12-08,2017-12-13,442.986,52.244,662.9110000000001,226.546,128.076,93.4,-5.117000000000019,-3.317,5.663999999999987,-1.3700000000000045,-6.265000000000001,9780.0,7363.0,16952.0,1086.0,-3.0239999999999725,-1.6562742601620948,26.131783860311465,heating,-5.610000000000014,-11.508000000000001,-3.0239999999999725,-2.093000000000046,,-3.0239999999999725,-2.093000000000046,-0.42370453234060773,4.939763066583212,,,,mixed,,,,,,,,,
2017-12-15,2017-12-20,436.491,52.998,663.294,227.78300000000002,128.845,94.1,-6.4950000000000045,0.7539999999999978,1.2370000000000232,0.7690000000000055,-9.086,9789.0,7834.0,17063.0,1858.0,1.1189999999999714,-2.760376826764365,25.58114047939987,heating,-5.117000000000019,-6.265000000000001,1.1189999999999714,-7.613999999999976,,1.1189999999999714,-7.613999999999976,-1.5569723506218842,4.890260252186752,,,,mixed,,,,,,,,,
2017-12-22,2017-12-27,431.882,51.414,663.392,228.374,129.935,95.7,-4.6089999999999804,-1.583999999999996,0.5909999999999798,1.0900000000000034,-6.027,9754.0,7993.0,17398.0,1210.0,-1.810499999999962,0.017938171922404902,24.82365789171169,heating,-6.4950000000000045,-9.086,-1.810499999999962,-2.7985000000000184,,-1.810499999999962,-2.7985000000000184,-0.5701840438607239,4.908064387511333,,,,mixed,,,,,,,,,
2017-12-29,2018-01-03,424.463,48.973,663.748,233.187,138.834,96.7,-7.418999999999983,-2.4410000000000025,4.813000000000017,8.899000000000001,-9.345,9782.0,7966.0,17608.0,1475.0,0.49633333333330637,-0.12169222645374,24.106258518855068,heating,-4.6089999999999804,-6.027,0.49633333333330637,-7.915333333333289,,0.49633333333330637,-7.915333333333289,-1.6279764719543368,4.862068629180598,,,,mixed,,,,,,,,,
2018-01-05,2018-01-10,419.515,46.578,663.747,237.322,143.088,95.3,-4.948000000000036,-2.394999999999996,4.134999999999991,4.253999999999991,-8.316,9492.0,7658.0,17323.0,1015.0,-1.4086666666666474,-0.14161768574599418,24.217225653755122,heating,-7.418999999999983,-9.345,-1.4086666666666474,-3.5393333333333885,,-1.4086666666666474,-3.5393333333333885,-0.7247159977168977,4.883752179451667,,,,mixed,,,,,,,,,
2018-01-12,2018-01-17,412.654,42.394,664.218,240.942,139.201,93.0,-6.86099999999999,-4.184000000000005,3.6200000000000045,-3.8870000000000005,-2.968,9750.0,7950.0,16875.0,1249.0,2.656666666666657,-0.3170807980391519,24.45357037037037,heating,-4.948000000000036,-8.316,2.656666666666657,-9.517666666666647,,2.656666666666657,-9.517666666666647,-1.9654901419774145,4.842388401445371,,,,mixed,,,,,,,,,
2018-01-19,2018-01-24,411.583,39.244,664.4540000000001,244.04,139.84,90.9,-1.0709999999999695,-3.1499999999999986,3.0979999999999848,0.63900000000001,0.17500000000000002,9878.0,8041.0,16483.0,1411.0,5.6299999999999955,-0.46395846272202235,24.97015106473336,heating,-6.86099999999999,-2.968,5.6299999999999955,-6.700999999999965,,5.6299999999999955,-6.700999999999965,-1.3676540354959852,4.899630919869161,,,,mixed,,,,,,,,,
2018-01-26,2018-01-31,418.359,37.02,664.686,242.06,137.9,88.1,6.775999999999954,-2.2239999999999966,-1.9799999999999898,-1.9399999999999977,3.997,9919.0,8430.0,16013.0,1765.0,7.907666666666671,-0.49362569560553327,26.126209954412037,heating,-1.0709999999999695,0.17500000000000002,7.907666666666671,-1.1316666666667174,,7.907666666666671,-1.1316666666667174,-0.23134359784898445,4.891713784988519,,,,mixed,,,,,,,,,
2018-02-02,2018-02-07,420.254,36.309,665.148,245.47400000000002,141.826,92.5,1.8950000000000387,-0.7110000000000056,3.4140000000000157,3.9259999999999877,0.41300000000000003,10251.0,7892.0,16797.0,1287.0,9.318333333333328,-0.6059904463733448,25.019586830981723,heating,6.775999999999954,3.997,9.318333333333328,-7.423333333333289,,9.318333333333328,-7.423333333333289,-1.5302486657638545,4.851063424798206,,,,all-build,,,,,,,,,
2018-02-09,2018-02-14,422.095,32.667,665.568,249.073,141.367,89.8,1.8410000000000082,-3.641999999999996,3.5989999999999895,-0.4590000000000032,4.7250000000000005,10271.0,7888.0,16162.0,1322.0,4.395333333333345,-0.6371482664977726,26.116507857938377,heating,1.8950000000000387,0.41300000000000003,4.395333333333345,-2.5543333333333367,,4.395333333333345,-2.5543333333333367,-0.5260851624371574,4.855360910579682,,,,mixed,,,,,,,,,
2018-02-16,2018-02-21,420.479,30.003,664.872,249.334,138.945,88.1,-1.6160000000000423,-2.6640000000000015,0.2609999999999957,-2.421999999999997,-4.102,10270.0,7021.0,15833.0,2044.0,3.475666666666674,-0.7707394101981109,26.557127518474072,heating,1.8410000000000082,4.7250000000000005,3.475666666666674,-5.0916666666667165,,3.475666666666674,-5.0916666666667165,-1.0576580628329035,4.8140952596993865,,,,mixed,,,,,,,,,
2018-02-23,2018-02-28,423.498,28.785,665.2810000000001,251.817,137.985,87.8,3.0190000000000055,-1.218,2.483000000000004,-0.9599999999999795,1.666,10283.0,7282.0,15882.0,1445.0,4.476666666666631,-0.8450755967026804,26.665281450698906,heating,-1.6160000000000423,-4.102,4.476666666666631,-1.4576666666666256,,4.476666666666631,-1.4576666666666256,-0.30453955578173175,4.786460868522965,,,,mixed,,,,,,,,,
2018-03-02,2018-03-07,425.906,28.18,665.458,251.029,137.42600000000002,88.0,2.4080000000000155,-0.6050000000000004,-0.7880000000000109,-0.5589999999999975,6.573,10369.0,8003.0,15935.0,1498.0,9.628666666666694,-1.0057742961945024,26.727706306871667,heating,3.0190000000000055,1.666,9.628666666666694,-7.220666666666679,,9.628666666666694,-7.220666666666679,-1.5205762852154114,4.748638221490984,,,,mixed,,,,,,,,,
2018-03-09,2018-03-14,430.928,28.518,665.458,244.758,133.066,90.0,5.021999999999991,0.33800000000000097,-6.270999999999987,-4.360000000000014,0.784,10381.0,7585.0,16367.0,1487.0,3.0286666666666897,-1.0068863065122802,26.329076800879818,heating,2.4080000000000155,6.573,3.0286666666666897,1.9933333333333016,,3.0286666666666897,1.9933333333333016,0.4197276434446347,4.749111392745895,,,,mixed,,,,,,,,,
2018-03-16,2018-03-21,428.306,29.423000000000002,665.458,243.065,131.044,91.7,-2.622000000000014,0.9050000000000011,-1.693000000000012,-2.0219999999999914,-6.062,10407.0,7077.0,16777.0,1573.0,5.297666666666657,-1.2376798845756414,25.529355665494425,heating,5.021999999999991,0.784,5.297666666666657,-7.9196666666666715,,5.297666666666657,-7.9196666666666715,-1.669284274003929,4.7443486948275355,,,,all-draw,,,,,,,,,
2018-03-23,2018-03-28,429.949,31.227,665.458,239.59300000000002,128.954,92.3,1.643000000000029,1.8039999999999985,-3.47199999999998,-2.0900000000000034,1.456,10433.0,8148.0,16795.0,1578.0,6.1313333333332976,-1.4197738147113688,25.599821375409345,heating,-2.622000000000014,-6.062,6.1313333333332976,-4.4883333333332684,,6.1313333333332976,-4.4883333333332684,-0.9436269795997282,4.756469908519518,,,,mixed,,,,,,,,,
2018-03-30,2018-04-04,425.332,34.893,665.456,238.477,129.491,93.0,-4.617000000000019,3.6660000000000004,-1.1160000000000139,0.5370000000000061,-5.271,10460.0,7898.0,16936.0,2175.0,2.8770000000000286,-1.6517903975208603,25.114076523382145,heating,1.643000000000029,1.456,2.8770000000000286,-7.494000000000048,,2.8770000000000286,-7.494000000000048,-1.5856596142812462,4.726108890272113,,,,mixed,,,,,,,,,
2018-04-06,2018-04-11,428.63800000000003,36.022,665.456,238.935,128.447,93.5,3.30600000000004,1.1289999999999978,0.4579999999999984,-1.0440000000000111,6.657,10525.0,8650.0,17019.0,1205.0,1.4316666666666908,-1.899908839878527,25.185851107585638,driving,-4.617000000000019,-5.271,1.4316666666666908,1.8743333333333492,,1.4316666666666908,1.8743333333333492,0.396325473974819,4.729277970793362,,,,mixed,,,,,,,,,
2018-04-13,2018-04-18,427.567,34.907000000000004,665.456,235.967,125.34,92.4,-1.0710000000000264,-1.1149999999999949,-2.9679999999999893,-3.1069999999999993,-1.596,10540.0,7930.0,16949.0,1749.0,2.297999999999964,-2.027637317730563,25.22668004012036,driving,3.30600000000004,6.657,2.297999999999964,-3.3689999999999904,,2.297999999999964,-3.3689999999999904,-0.7129993539196673,4.725109470968148,,,,all-draw,,,,,,,,,
2018-04-20,2018-04-25,429.737,35.366,664.718,236.80700000000002,122.729,90.8,2.170000000000016,0.4589999999999961,0.8400000000000034,-2.611000000000004,0.721,10586.0,8469.0,16621.0,2331.0,1.2513333333333396,-2.2278238262555163,25.85506287227002,driving,-1.0710000000000264,-1.596,1.2513333333333396,0.9186666666666763,,1.2513333333333396,0.9186666666666763,0.19582289804218653,4.691313813917543,,,,mixed,,,,,,,,,
2018-04-27,2018-05-02,435.955,35.782000000000004,664.266,237.978,118.82900000000001,91.1,6.217999999999961,0.4160000000000039,1.1709999999999923,-3.8999999999999915,3.213,10619.0,8549.0,16561.0,2148.0,0.993000000000014,-2.1221489199459613,26.32419539882857,driving,2.170000000000016,0.721,0.993000000000014,5.224999999999947,,0.993000000000014,5.224999999999947,1.1175101597634485,4.675572704507636,,,,mixed,,,,,,,,,
2018-05-04,2018-05-09,433.758,37.17,663.557,235.804,115.038,90.4,-2.1970000000000027,1.3879999999999981,-2.1740000000000066,-3.791000000000011,-2.359,10703.0,7323.0,16486.0,1877.0,-2.1883333333333517,-2.074893693464001,26.31068785636297,driving,6.217999999999961,3.213,-2.1883333333333517,-0.008666666666651057,,-2.1883333333333517,-0.008666666666651057,-0.0018316380646329021,4.73164804444487,,,,all-draw,,,,,,,,,
2018-05-11,2018-05-16,432.354,37.223,662.037,232.014,114.946,91.1,-1.4039999999999964,0.05299999999999727,-3.789999999999992,-0.09199999999999875,-6.139,10723.0,7601.0,16635.0,2566.0,-2.5173333333333026,-2.045467996746921,25.990622182146073,driving,-2.1970000000000027,-2.359,-2.5173333333333026,1.1133333333333062,,-2.5173333333333026,1.1133333333333062,0.2365487981835241,4.706569392373481,,,,all-draw,,,,,,,,,
2018-05-18,2018-05-23,438.132,36.1,661.336,233.897,113.995,91.8,5.77800000000002,-1.1229999999999976,1.8829999999999814,-0.9509999999999934,3.556,10725.0,8159.0,16628.0,1748.0,-1.9320000000000164,-1.7753938116511478,26.34904979552562,driving,-1.4039999999999964,-6.139,-1.9320000000000164,7.710000000000036,,-1.9320000000000164,7.710000000000036,1.6434443976172686,4.6913665051146864,,,,mixed,,,,,,,,,
2018-05-25,2018-05-30,434.512,35.544000000000004,660.777,234.431,114.629,93.9,-3.6200000000000045,-0.5559999999999974,0.5340000000000202,0.6340000000000003,-6.538,10769.0,7631.0,17155.0,2179.0,-4.48533333333332,-1.8224009011377977,25.328592247158262,driving,5.77800000000002,3.556,-4.48533333333332,0.8653333333333153,,-4.48533333333332,0.8653333333333153,0.18018584239622681,4.802449081601296,,,,mixed,,,,,,,,,
2018-06-01,2018-06-06,436.584,34.589,660.168,239.034,116.794,95.4,2.0720000000000027,-0.9550000000000054,4.60299999999998,2.164999999999992,0.441,10800.0,8346.0,17369.0,1714.0,-0.006333333333373048,-1.662222560554152,25.135816684898383,driving,-3.6200000000000045,-6.538,-0.006333333333373048,2.0783333333333758,,-0.006333333333373048,2.0783333333333758,0.4345461771817714,4.782767499675887,,,,all-build,,,,,,,,,
2018-06-08,2018-06-13,432.44100000000003,33.902,660.168,236.763,114.693,95.7,-4.142999999999972,-0.6869999999999976,-2.2709999999999866,-2.100999999999999,-3.7520000000000002,10900.0,8099.0,17505.0,2030.0,-3.346333333333329,-1.5888992914981124,24.703856041131107,driving,2.0720000000000027,0.441,-3.346333333333329,-0.7966666666666433,,-3.346333333333329,-0.7966666666666433,-0.16683221949147764,4.775256656627647,,,,all-draw,,,,,,,,,
2018-06-15,2018-06-20,426.527,32.606,660.016,240.04,117.408,96.7,-5.914000000000044,-1.2959999999999994,3.276999999999987,2.7150000000000034,-6.531,10900.0,8242.0,17701.0,2374.0,-2.019999999999982,-1.6886309293982313,24.096209253714477,driving,-4.142999999999972,-3.7520000000000002,-2.019999999999982,-3.8940000000000623,,-2.019999999999982,-3.8940000000000623,-0.820484343467308,4.745977215780008,,,,mixed,,,,,,,,,
2018-06-22,2018-06-27,416.636,29.893,660.016,241.196,117.423,97.5,-9.890999999999963,-2.713000000000001,1.156000000000006,0.015000000000000568,-10.92,10900.0,8356.0,17816.0,3000.0,-1.9110000000000014,-1.8120128229682861,23.385496183206108,driving,-5.914000000000044,-6.531,-1.9110000000000014,-7.979999999999961,-3.5899609685321154,-3.5899609685321154,-6.301039031467847,-1.3350702875039615,4.719630936621493,,,,mixed,,,,,,,,,
2018-06-29,2018-07-04,417.88100000000003,27.78,660.016,239.691,117.557,97.1,1.2450000000000045,-2.1129999999999995,-1.5049999999999955,0.13400000000000034,-0.23800000000000002,10900.0,9055.0,17653.0,2336.0,-2.655333333333336,-1.8979219011241617,23.67195377556223,driving,-9.890999999999963,-10.92,-2.655333333333336,3.9003333333333408,-5.552220761650765,-5.552220761650765,6.797220761650769,1.442157641598165,4.713230069715714,,,,mixed,,,,,,,,,
2018-07-06,2018-07-11,405.248,25.718,660.015,238.997,121.682,96.7,-12.633000000000038,-2.062000000000001,-0.6939999999999884,4.125,-9.436,10900.0,7431.0,17652.0,2027.0,-3.0986666666666642,-2.4064199432653948,22.957625198277814,driving,1.2450000000000045,-0.23800000000000002,-3.0986666666666642,-9.534333333333374,-1.5076957005428058,-1.5076957005428058,-11.125304299457232,-2.323274232909041,4.7886315536357955,,,,mixed,,,,,,,,,
2018-07-13,2018-07-18,411.084,24.858,660.014,235.832,121.311,94.3,5.836000000000013,-0.8599999999999994,-3.1650000000000205,-0.3709999999999951,9.562,11000.0,9066.0,17239.0,1461.0,-3.8730000000000095,-2.044520416437066,23.846162770462325,driving,-12.633000000000038,-9.436,-3.8730000000000095,9.709000000000023,-6.3532727062541445,-6.3532727062541445,12.189272706254158,2.505578641587473,4.864853373163868,,,,mixed,,,,,,,,,
2018-07-20,2018-07-25,404.937,23.731,660.014,233.504,121.21000000000001,93.8,-6.146999999999991,-1.126999999999999,-2.328000000000003,-0.10099999999999909,-8.386000000000001,11000.0,7770.0,17285.0,2683.0,-2.3606666666666647,-2.456181938707319,23.427075498987563,driving,5.836000000000013,9.562,-2.3606666666666647,-3.7863333333333267,0.32325260316847615,0.32325260316847615,-6.4702526031684675,-1.27191726742763,5.08700744055007,,,,all-draw,,,,,,,,,
2018-07-27,2018-08-01,408.74,22.393,660.014,230.96800000000002,124.193,96.1,3.8029999999999973,-1.338000000000001,-2.535999999999973,2.98299999999999,-0.987,10900.0,7749.0,17480.0,1310.0,-1.3529999999999898,-2.081770993900122,23.38329519450801,driving,-6.146999999999991,-8.386000000000001,-1.3529999999999898,5.155999999999987,-3.0991483255381196,-3.0991483255381196,6.902148325538117,1.3586779728914782,5.080047268926625,,,,mixed,,,,,,,,,
2018-08-03,2018-08-08,407.389,21.803,660.013,233.868,125.423,96.6,-1.350999999999999,-0.5899999999999999,2.8999999999999773,1.230000000000004,-5.019,10800.0,7931.0,17598.0,1850.0,-3.14833333333335,-1.9172786489551346,23.149732924195934,driving,3.8029999999999973,-0.987,-3.14833333333335,1.7973333333333508,-1.7641351540387902,-1.7641351540387902,0.4131351540387911,0.0803409888720821,5.142271209738028,,,,mixed,,,,,,,,,
2018-08-10,2018-08-15,414.194,23.446,660.013,233.12800000000001,128.989,98.1,6.805000000000007,1.6430000000000007,-0.7399999999999807,3.5660000000000025,2.387,10900.0,9014.0,17981.0,1592.0,-3.097999999999994,-1.5746908322967526,23.03509259774206,driving,-1.350999999999999,-5.019,-3.097999999999994,9.903,-2.6796820617388897,-2.6796820617388897,9.484682061738896,1.8532800933317355,5.117781222528432,,,,mixed,,,,,,,,,
2018-08-17,2018-08-22,408.358,24.218,660.0120000000001,234.328,130.838,98.1,-5.836000000000013,0.7719999999999985,1.1999999999999886,1.8489999999999895,-3.7030000000000003,11000.0,7518.0,17892.0,1155.0,-1.0716666666666583,-1.8827908678612217,22.823496534764143,driving,6.805000000000007,2.387,-1.0716666666666583,-4.764333333333354,0.06615491536553776,0.06615491536553776,-5.902154915365551,-1.1278321023019244,5.23318577589621,,,,mixed,,,,,,,,,
2018-08-24,2018-08-29,405.79200000000003,24.276,660.0120000000001,232.774,130.001,96.3,-2.565999999999974,0.05799999999999983,-1.554000000000002,-0.8369999999999891,-6.0200000000000005,11000.0,7485.0,17566.0,1779.0,-2.781000000000006,-1.6809539616300662,23.100990549925996,driving,-5.836000000000013,-3.7030000000000003,-2.781000000000006,0.21500000000003183,-2.9254251009698637,-2.9254251009698637,0.35942510096988967,0.06883334893654464,5.221670985400299,,,,all-draw,,,,,,,,,
2018-08-31,2018-09-05,401.49,24.825,660.0120000000001,234.619,133.12,96.6,-4.302000000000021,0.5489999999999995,1.8449999999999989,3.1189999999999998,-3.087,11000.0,7714.0,17647.0,1508.0,3.840999999999989,-2.014226593412112,22.751175837252788,driving,-2.565999999999974,-6.0200000000000005,3.840999999999989,-8.14300000000001,-0.18284340211218375,-0.18284340211218375,-4.119156597887837,-0.7926530928116732,5.196670063162814,,,,mixed,,,,,,,,,
2018-09-07,2018-09-12,396.194,23.583000000000002,660.011,235.869,139.28300000000002,97.6,-5.295999999999992,-1.2419999999999973,1.25,6.163000000000011,-8.358,10900.0,7591.0,17857.0,1828.0,-2.0733333333333235,-2.6572953933156516,22.18704149633197,shoulder,-4.302000000000021,-3.087,-2.0733333333333235,-3.222666666666669,-2.4116553891287458,-2.4116553891287458,-2.8843446108712465,-0.5575731135980928,5.173033886548422,,,,mixed,,,,,,,,,
2018-09-14,2018-09-19,394.137,22.333000000000002,660.01,234.15,140.122,95.4,-2.0570000000000164,-1.25,-1.718999999999994,0.8389999999999986,-5.306,11000.0,8024.0,17415.0,2367.0,0.6426666666666657,-2.5993004350001696,22.63204134366925,shoulder,-5.295999999999992,-8.358,0.6426666666666657,-2.699666666666682,-1.9645177369828013,-1.9645177369828013,-0.09248226301721507,-0.01797462050145665,5.145158030441888,,,,mixed,,,,,,,,,
2018-09-21,2018-09-26,395.98900000000003,22.794,660.01,235.68,137.881,90.4,1.8520000000000323,0.4609999999999985,1.5300000000000011,-2.241000000000014,-1.764,11100.0,7802.0,16514.0,2640.0,-3.323666666666668,-2.506185126840722,23.978987525735743,shoulder,-2.0570000000000164,-5.306,-3.323666666666668,5.1756666666667,-2.8005802180850536,-2.8005802180850536,4.652580218085086,0.9087655184006741,5.119670722402748,,,,mixed,,,,,,,,,
2018-09-28,2018-10-03,403.964,24.493000000000002,660.01,235.221,136.131,90.4,7.974999999999966,1.6990000000000016,-0.4590000000000032,-1.75,5.257,11100.0,7965.0,16591.0,1723.0,-1.3166666666666629,-2.486590653417236,24.34838165270327,shoulder,1.8520000000000323,-1.764,-1.3166666666666629,9.291666666666629,-1.2200231697006068,-1.2200231697006068,9.195023169700573,1.7904375312901306,5.135629145952353,,,,mixed,,,,,,,,,
2018-10-05,2018-10-10,409.951,26.852,658.7040000000001,236.172,133.465,88.8,5.987000000000023,2.358999999999998,0.9509999999999934,-2.665999999999997,-1.526,11200.0,7397.0,16239.0,2576.0,-0.8943333333333309,-2.486101432378009,25.24484266272554,heating,7.974999999999966,5.257,-0.8943333333333309,6.881333333333354,0.4749100996570873,0.4749100996570873,5.512089900342936,1.0536089676169034,5.23162773833485,,,,mixed,,,,,,,,,
2018-10-12,2018-10-17,416.44100000000003,28.628,657.634,234.156,132.638,88.8,6.490000000000009,1.7759999999999998,-2.015999999999991,-0.8269999999999982,2.919,10900.0,7615.0,16316.0,1782.0,2.227000000000013,-2.5701828003046607,25.523473890659478,heating,5.987000000000023,-1.526,2.227000000000013,4.262999999999996,1.338416610328709,1.338416610328709,5.1515833896713,0.9803263156217363,5.254967970949648,,,,mixed,,,,,,,,,
2018-10-19,2018-10-24,422.78700000000003,29.999000000000002,656.476,229.33,130.376,89.2,6.346000000000004,1.3710000000000022,-4.825999999999993,-2.2620000000000005,0.91,10900.0,7678.0,16268.0,2180.0,1.2123333333333146,-3.465366562278902,25.988873862798133,heating,6.490000000000009,2.919,1.2123333333333146,5.133666666666689,1.3833474668964885,1.3833474668964885,4.962652533103515,0.9413742914937236,5.271710283514368,,,,mixed,,,,,,,,,
2018-10-26,2018-10-31,426.004,31.877,654.9350000000001,226.169,126.322,89.4,3.2169999999999845,1.8779999999999966,-3.1610000000000014,-4.054000000000002,-2.5060000000000002,11200.0,7344.0,16417.0,2485.0,0.12933333333334454,-3.7071056769347415,25.948955351160382,heating,6.346000000000004,0.91,0.12933333333334454,3.08766666666664,1.3454691699336918,1.3454691699336918,1.8715308300662927,0.35414095003927937,5.2847060749645385,,,,mixed,,,,,,,,,
2018-11-02,2018-11-07,431.78700000000003,34.296,654.7,228.02100000000002,122.857,90.0,5.7830000000000155,2.4190000000000005,1.8520000000000039,-3.4650000000000034,2.282,11600.0,7539.0,16408.0,2405.0,6.501333333333339,-2.3131228744035566,26.315638712823013,heating,3.2169999999999845,-2.5060000000000002,6.501333333333339,-0.7183333333333239,2.574026508769834,2.574026508769834,3.2089734912301813,0.609196502145375,5.267550749108555,,,,mixed,,,,,,,,,
2018-11-09,2018-11-14,442.057,35.463,653.3290000000001,226.61,119.268,90.1,10.269999999999982,1.1670000000000016,-1.4110000000000014,-3.5889999999999986,4.69,11700.0,7452.0,16432.0,2050.0,2.7556666666666465,-1.813379974856387,26.90220301850049,heating,5.7830000000000155,2.282,2.7556666666666465,7.514333333333335,2.041311393331136,2.041311393331136,8.228688606668847,1.564207882083003,5.260610626581793,,,,mixed,,,,,,,,,
2018-11-16,2018-11-21,446.908,35.347,652.569,225.315,119.191,92.7,4.850999999999999,-0.11599999999999966,-1.295000000000016,-0.07699999999999818,3.0100000000000002,11700.0,7554.0,16855.0,1969.0,1.223666666666664,-1.2764037158603365,26.51486205873628,heating,10.269999999999982,4.69,1.223666666666664,3.6273333333333353,3.351353759154337,3.351353759154337,1.499646240845662,0.28184416630716613,5.320834773678734,,,,mixed,,,,,,,,,
2018-11-23,2018-11-28,450.485,36.524,650.564,224.55100000000002,121.801,95.6,3.576999999999998,1.1769999999999996,-0.7639999999999816,2.6099999999999994,-0.931,11700.0,8162.0,17553.0,2442.0,-1.2409999999999854,-0.9780079584042315,25.664273913291176,heating,4.850999999999999,3.0100000000000002,-1.2409999999999854,4.817999999999984,0.6074804450688543,0.6074804450688543,2.9695195549311437,0.5601960308695954,5.300857898478042,,,,mixed,,,,,,,,,
2018-11-30,2018-12-05,443.16200000000003,38.253,649.561,226.25,125.61200000000001,95.5,-7.322999999999979,1.7289999999999992,1.6989999999999839,3.811000000000007,-12.397,11700.0,7219.0,17487.0,3203.0,-1.7723333333333546,-1.2443416341270384,25.34236861668668,heating,3.576999999999998,-0.931,-1.7723333333333546,-5.550666666666625,0.49567178382519284,0.49567178382519284,-7.818671783825172,-1.4778707235261286,5.290497781274262,,,,mixed,,,,,,,,,
2018-12-07,2018-12-12,441.954,39.401,649.563,228.33700000000002,124.137,95.1,-1.2080000000000268,1.1480000000000032,2.0870000000000175,-1.4750000000000085,-5.019,11600.0,7393.0,17436.0,2274.0,-3.7216666666666547,-1.034125278062542,25.347212663454922,heating,-7.322999999999979,-12.397,-3.7216666666666547,2.513666666666628,-3.4964588724391494,-3.4964588724391494,2.2884588724391226,0.4313361342310736,5.30551162034841,,,,mixed,,,,,,,,,
2018-12-14,2018-12-19,441.457,40.492,649.1370000000001,230.103,119.9,95.4,-0.4970000000000141,1.090999999999994,1.7659999999999911,-4.236999999999995,-4.97,11600.0,7423.0,17408.0,2325.0,-1.4190000000000207,-0.9376321479633554,25.35943244485294,heating,-1.2080000000000268,-5.019,-1.4190000000000207,0.9220000000000066,-1.0366117987782713,-1.0366117987782713,0.5396117987782572,0.10199240021521867,5.290705951027708,,,,mixed,,,,,,,,,
2018-12-21,2018-12-26,441.411,41.291000000000004,649.139,233.106,119.902,95.1,-0.04599999999999227,0.7990000000000066,3.002999999999986,0.001999999999995339,-6.7410000000000005,11700.0,7656.0,17350.0,2969.0,-2.7433333333333016,0.21376157691424647,25.441556195965415,heating,-0.4970000000000141,-4.97,-2.7433333333333016,2.6973333333333094,-1.1756271088362884,-1.1756271088362884,1.1296271088362961,0.21444575538588725,5.267658978857257,,,,mixed,,,,,,,,,
2018-12-28,2019-01-02,441.418,41.932,649.139,239.996,129.431,97.2,0.007000000000005002,0.6409999999999982,6.890000000000015,9.52900000000001,-6.335,11700.0,7392.0,17760.0,2237.0,-1.482500000000016,0.23847658407018502,24.854617117117115,heating,-0.04599999999999227,-6.7410000000000005,-1.482500000000016,1.489500000000021,-0.34431169773606685,-0.34431169773606685,0.35131169773607185,0.06695419076730129,5.247045684668979,,,,all-build,,,,,,,,,
2019-01-04,2019-01-09,439.738,42.262,649.139,248.062,140.042,96.1,-1.6800000000000068,0.3299999999999983,8.066000000000003,10.61099999999999,-0.595,11700.0,7846.0,17566.0,2065.0,-2.2934999999999945,0.28447680325449876,25.03347375611978,heating,0.007000000000005002,-6.335,-2.2934999999999945,0.6134999999999877,-0.6143354121149717,-0.6143354121149717,-1.0656645878850353,-0.20399351084119757,5.224012192792844,,,,mixed,,,,,,,,,
2019-01-11,2019-01-16,437.055,41.519,649.139,255.565,143.00900000000001,94.6,-2.6829999999999927,-0.7430000000000021,7.502999999999986,2.967000000000013,-5.3340000000000005,11900.0,7527.0,17223.0,2966.0,0.2772499999999951,0.22939140791258655,25.376241072983802,heating,-1.6800000000000068,-0.595,0.2772499999999951,-2.960249999999988,-1.1737033893893936,-1.1737033893893936,-1.5092966106105992,-0.29028755196339173,5.19931564547741,,,,mixed,,,,,,,,,
2019-01-18,2019-01-23,445.02500000000003,41.329,649.139,259.615,142.392,92.9,7.970000000000027,-0.18999999999999773,4.050000000000011,-0.6170000000000186,7.049,11900.0,8191.0,17049.0,2035.0,3.954750000000004,0.3259984091066726,26.10270397090739,heating,-2.6829999999999927,-5.3340000000000005,3.954750000000004,4.015250000000023,0.15258163467452657,0.15258163467452657,7.8174183653255005,1.5105848951836018,5.175093694006085,,,,mixed,,,,,,,,,
2019-01-25,2019-01-30,445.944,41.184,649.139,257.38,141.27,90.1,0.9189999999999827,-0.14500000000000313,-2.2350000000000136,-1.1219999999999857,4.032,11900.0,7083.0,16463.0,1944.0,7.624749999999992,0.18455729705745014,27.087651096397984,heating,7.970000000000027,7.049,7.624749999999992,-6.705750000000009,4.215660145413781,4.215660145413781,-3.2966601454137985,-0.6313156936308149,5.221888476198157,,,,mixed,,,,,,,,,
2019-02-01,2019-02-06,447.207,42.625,649.139,257.89300000000003,139.013,90.7,1.2629999999999768,1.4410000000000025,0.5130000000000337,-2.257000000000005,-3.1990000000000003,11900.0,7146.0,16633.0,2870.0,7.462500000000006,0.04666295491976471,26.886731197017976,heating,0.9189999999999827,4.032,7.462500000000006,-6.199500000000029,1.5740536723572172,1.5740536723572172,-0.31105367235724035,-0.05979157965373187,5.2022989551142595,,,,mixed,,,,,,,,,
2019-02-08,2019-02-13,450.84000000000003,41.609,649.139,258.301,140.20000000000002,85.9,3.633000000000038,-1.0159999999999982,0.4079999999999586,1.1870000000000118,-0.154,11900.0,6210.0,15768.0,2364.0,3.756750000000011,0.04287715294321114,28.59208523592085,heating,1.2629999999999768,-3.1990000000000003,3.756750000000011,-0.12374999999997272,1.5139546740204273,1.5139546740204273,2.119045325979611,0.409153410503745,5.179097305753035,,,,all-build,,,,,,,,,
2019-02-15,2019-02-20,454.512,45.022,649.139,256.847,138.683,85.9,3.6719999999999686,3.4129999999999967,-1.4540000000000077,-1.5170000000000243,1.428,12000.0,7522.0,15711.0,3607.0,2.2027499999999947,0.07451853070845227,28.92953981286996,heating,3.633000000000038,-0.154,2.2027499999999947,1.469249999999974,1.5594374379210691,1.5594374379210691,2.1125625620788995,0.40905710391979394,5.164468583567543,,,,mixed,,,,,,,,,
2019-02-22,2019-02-27,445.865,46.65,649.139,254.941,138.379,87.1,-8.646999999999991,1.6280000000000001,-1.9059999999999775,-0.30400000000000205,-8.624,12100.0,5917.0,15890.0,3359.0,4.112249999999975,-0.19530010165847764,28.059471365638768,heating,3.6719999999999686,1.428,4.112249999999975,-12.759249999999966,2.007447635995095,2.007447635995095,-10.654447635995087,-2.0688763182652465,5.149871716318375,,,,all-draw,,,,,,,,,
2019-03-01,2019-03-06,452.934,47.523,649.126,250.714,135.986,87.5,7.069000000000017,0.8730000000000047,-4.227000000000004,-2.3930000000000007,2.156,12100.0,7001.0,15990.0,2803.0,7.823500000000024,-0.20826370318794013,28.326078799249533,heating,-8.646999999999991,-8.624,7.823500000000024,-0.7545000000000073,-0.4365531604333801,-0.4365531604333801,7.505553160433397,1.4416928954265968,5.206069326028346,,,,mixed,,,,,,,,,
2019-03-08,2019-03-13,449.072,46.851,649.126,246.09,136.369,87.6,-3.862000000000023,-0.6720000000000041,-4.623999999999995,0.3830000000000098,1.26,12000.0,6746.0,16020.0,2546.0,3.5270000000000152,-0.3797716146585551,28.031960049937577,heating,7.069000000000017,2.156,3.5270000000000152,-7.389000000000038,2.820027517769114,2.820027517769114,-6.6820275177691375,-1.2740296087278662,5.244797665606235,,,,mixed,,,,,,,,,
2019-03-15,2019-03-20,439.483,46.383,649.126,241.50300000000001,132.242,88.9,-9.588999999999999,-0.4679999999999964,-4.586999999999989,-4.1270000000000095,-3.906,12100.0,6932.0,16198.0,3392.0,3.3177499999999895,-0.665082789661042,27.131929867884924,heating,-3.862000000000023,1.26,3.3177499999999895,-12.906749999999988,-1.038412268413203,-1.038412268413203,-8.550587731586795,-1.629185389261897,5.248382282301612,,,,all-draw,,,,,,,,,
2019-03-22,2019-03-27,442.283,46.924,649.126,238.62,130.167,86.6,2.8000000000000114,0.5409999999999968,-2.8830000000000098,-2.0749999999999886,-0.539,12100.0,6540.0,15831.0,2886.0,5.00924999999998,-0.7260647343222939,27.937780304465925,heating,-9.588999999999999,-3.906,5.00924999999998,-2.209249999999969,-2.330800515993327,-2.330800515993327,5.1308005159933385,0.9733381524493597,5.271344293945449,,,,mixed,,,,,,,,,
2019-03-29,2019-04-03,449.521,47.125,649.126,236.839,128.169,86.4,7.2379999999999995,0.2010000000000005,-1.781000000000006,-1.9979999999999905,2.737,12200.0,6763.0,15849.0,2723.0,1.0035000000000167,-0.5729364442823843,28.362735819294592,heating,2.8000000000000114,-0.539,1.0035000000000167,6.234499999999983,0.5897109901558242,0.5897109901558242,6.648289009844175,1.2590739845022045,5.2803005158371885,,,,mixed,,,,,,,,,
2019-04-05,2019-04-10,456.55,45.992000000000004,649.126,229.129,128.053,87.5,7.028999999999996,-1.1329999999999956,-7.710000000000008,-0.11600000000001387,2.45,12200.0,6599.0,16100.0,2349.0,1.9002500000000282,-0.5124316656203175,28.357142857142854,driving,7.2379999999999995,2.737,1.9002500000000282,5.128749999999968,2.105031695529781,2.105031695529781,4.923968304470215,0.9281165074137852,5.305334260448561,,,,mixed,,,,,,,,,
2019-04-12,2019-04-17,455.154,44.449,649.126,227.955,127.691,87.7,-1.396000000000015,-1.5430000000000064,-1.1739999999999782,-0.36199999999999477,-2.709,12100.0,5992.0,16078.0,2401.0,1.4557499999999663,-0.5720291408779392,28.309118049508648,driving,7.028999999999996,2.45,1.4557499999999663,-2.8517499999999814,2.071407028365812,2.071407028365812,-3.467407028365827,-0.6529098804253718,5.310697743012874,,,,all-draw,,,,,,,,,
2019-04-19,2019-04-24,460.633,44.912,649.126,225.826,127.029,90.1,5.478999999999985,0.46300000000000097,-2.129000000000019,-0.6620000000000061,0.595,12200.0,7149.0,16583.0,2681.0,1.4810000000000088,-0.5045080798892491,27.777422661762042,driving,-1.396000000000015,-2.709,1.4810000000000088,3.9979999999999762,-0.3355391380215561,-0.3355391380215561,5.814539138021541,1.0984444421565698,5.293430341006495,,,,mixed,,,,,,,,,
2019-04-26,2019-05-01,470.567,45.177,648.587,226.743,125.72200000000001,89.2,9.934000000000026,0.26500000000000057,0.9170000000000016,-1.306999999999988,4.599,12300.0,7414.0,16446.0,2611.0,2.2992500000000007,-0.3292543457554409,28.61285418946856,driving,5.478999999999985,0.595,2.2992500000000007,7.634750000000025,2.0336003396190105,2.0336003396190105,7.900399660381016,1.4885915976381858,5.3072983032524625,,,,mixed,,,,,,,,,
2019-05-03,2019-05-08,466.604,45.998,647.717,226.147,125.563,88.9,-3.9630000000000223,0.820999999999998,-0.5960000000000036,-0.15900000000000603,1.162,12200.0,6693.0,16405.0,2322.0,-2.1905000000000143,-0.37287237560739467,28.44279183175861,driving,9.934000000000026,4.599,-2.1905000000000143,-1.772500000000008,1.6577484590568066,1.6577484590568066,-5.620748459056829,-1.051573995644974,5.345081261361347,,,,all-draw,,,,,,,,,
2019-05-10,2019-05-15,472.035,47.803000000000004,645.953,225.024,125.647,90.5,5.43100000000004,1.8050000000000068,-1.1229999999999905,0.08400000000000318,-2.177,12100.0,7612.0,16676.0,3347.0,-2.238999999999976,-0.1706161304664791,28.306248500839526,driving,-3.9630000000000223,1.162,-2.238999999999976,7.670000000000016,-3.3537762496262618,-3.3537762496262618,8.7847762496263,1.6449377634518023,5.340491564368964,,,,mixed,,,,,,,,,
2019-05-17,2019-05-22,476.77500000000003,49.069,644.818,228.74,126.415,89.9,4.740000000000009,1.2659999999999982,3.716000000000008,0.7680000000000007,-2.499,12200.0,6943.0,16578.0,2922.0,-0.004500000000007276,-0.04559962217762986,28.75950054288817,driving,5.43100000000004,-2.177,-0.004500000000007276,4.744500000000016,1.4250604905718034,1.4250604905718034,3.3149395094282057,0.615144195308429,5.388882045397694,,,,all-build,,,,,,,,,
2019-05-24,2019-05-29,476.493,49.053000000000004,644.818,230.94400000000002,124.8,91.2,-0.2820000000000391,-0.015999999999998238,2.2040000000000077,-1.615000000000009,-6.454,12300.0,6862.0,16767.0,3317.0,-4.268999999999991,0.07046237332320081,28.418500626230095,driving,4.740000000000009,-2.499,-4.268999999999991,3.986999999999952,-0.1311037681087761,-0.1311037681087761,-0.150896231891263,-0.028048253381343313,5.379879803554318,,,,mixed,,,,,,,,,
2019-05-31,2019-06-05,483.264,50.844,644.818,234.149,129.372,91.8,6.771000000000015,1.7909999999999968,3.204999999999984,4.572000000000017,0.637,12400.0,7927.0,16938.0,3298.0,0.5132499999999709,0.25177278101964606,28.531349628055263,driving,-0.2820000000000391,-6.454,0.5132499999999709,6.257750000000044,0.3946012871415987,0.3946012871415987,6.376398712858416,1.1898971255406372,5.358781508074708,,,,all-build,,,,,,,,,
2019-06-07,2019-06-12,485.47,52.94,644.818,234.913,128.372,93.2,2.2060000000000173,2.0959999999999965,0.76400000000001,-1.0,-1.925,12300.0,7611.0,17064.0,3122.0,-3.54549999999999,0.4016518283651357,28.44995311767464,driving,6.771000000000015,0.637,-3.54549999999999,5.751500000000007,0.5093544505118879,0.5093544505118879,1.6966455494881294,0.3156570752229848,5.374964423938839,,,,mixed,,,,,,,,,
2019-06-14,2019-06-19,482.36400000000003,53.582,644.818,233.221,127.821,93.9,-3.1059999999999945,0.642000000000003,-1.6920000000000073,-0.5510000000000161,-7.133,12200.0,7467.0,17264.0,3422.0,-2.9934999999999974,0.38425029777266734,27.940454124189067,driving,2.2060000000000173,-1.925,-2.9934999999999974,-0.11249999999999716,-0.4787157191133478,-0.4787157191133478,-2.627284280886647,-0.4903334049154586,5.35815886608752,,,,all-draw,,,,,,,,,
2019-06-21,2019-06-26,469.576,51.836,644.818,232.225,125.38000000000001,94.2,-12.788000000000011,-1.7460000000000022,-0.9960000000000093,-2.4409999999999883,-16.457,12100.0,6656.0,17337.0,3770.0,-3.9059999999999917,0.13225946962067966,27.08519351675607,driving,-3.1059999999999945,-7.133,-3.9059999999999917,-8.88200000000002,-1.935171600898898,-1.935171600898898,-10.852828399101114,-2.032357734078808,5.340018746266781,,,,all-draw,,,,,,,,,
2019-06-28,2019-07-03,468.491,52.488,644.818,230.642,126.788,94.2,-1.0850000000000364,0.652000000000001,-1.5829999999999984,1.407999999999987,-3.465,12200.0,7585.0,17290.0,2990.0,-1.680250000000001,0.16039603390628043,27.096067090803935,driving,-12.788000000000011,-16.457,-1.680250000000001,0.5952499999999645,-3.451843734785203,-3.451843734785203,2.3668437347851667,0.4389023614375124,5.392642971965737,,,,mixed,,,,,,,,,
2019-07-05,2019-07-10,458.992,52.178000000000004,644.818,229.187,130.517,94.7,-9.498999999999967,-0.30999999999999517,-1.454999999999984,3.728999999999999,-6.188,12300.0,7302.0,17438.0,3048.0,-5.482250000000008,0.05107198336437542,26.321367129257947,driving,-1.0850000000000364,-3.465,-5.482250000000008,-4.016749999999959,-2.6103527127430346,-2.6103527127430346,-6.888647287256932,-1.280640233123178,5.3790651809034244,,,,mixed,,,,,,,,,
2019-07-12,2019-07-17,455.87600000000003,50.827,644.818,232.752,136.203,94.4,-3.1159999999999854,-1.3510000000000062,3.5649999999999977,5.686000000000007,-6.783,12000.0,6832.0,17267.0,2534.0,-1.4457500000000039,0.008747948393034461,26.401575259164883,driving,-9.498999999999967,-6.188,-1.4457500000000039,-1.6702499999999816,-3.711198910596285,-3.711198910596285,0.5951989105962996,0.1105322559179341,5.384843597494397,,,,mixed,,,,,,,,,
2019-07-19,2019-07-24,445.041,50.398,644.818,232.526,136.816,93.1,-10.835000000000036,-0.42899999999999494,-0.2259999999999991,0.6129999999999995,-13.986,11300.0,7028.0,17034.0,3292.0,-3.3072499999999962,-0.20475460859954794,26.126629094751674,driving,-3.1159999999999854,-6.783,-3.3072499999999962,-7.52775000000004,-2.1236616516100657,-2.1236616516100657,-8.71133834838997,-1.6234479850961723,5.365948541846208,,,,mixed,,,,,,,,,
2019-07-26,2019-07-31,436.545,48.865,644.818,230.735,135.922,93.0,-8.495999999999981,-1.5330000000000013,-1.7909999999999968,-0.8940000000000055,-4.914,12200.0,6663.0,16991.0,2574.0,-0.06399999999999295,-0.4497461781341244,25.692719675122124,driving,-10.835000000000036,-13.986,-0.06399999999999295,-8.431999999999988,-2.57701734906869,-2.57701734906869,-5.918982650931291,-1.0983438093435478,5.389007158395072,,,,all-draw,,,,,,,,,
2019-08-02,2019-08-07,438.93,47.361000000000004,644.818,235.172,137.451,96.4,2.384999999999991,-1.5039999999999978,4.436999999999983,1.5289999999999964,-1.358,12300.0,7148.0,17777.0,1865.0,-2.6990000000000123,-0.3006749889842175,24.690892726556786,driving,-8.495999999999981,-4.914,-2.6990000000000123,5.084000000000003,-4.227137176420538,-4.227137176420538,6.612137176420529,1.2275448376880098,5.386473042299621,,,,all-build,,,,,,,,,
2019-08-09,2019-08-14,440.51,44.821,644.818,233.76,135.513,94.8,1.579999999999984,-2.5400000000000063,-1.4120000000000061,-1.9379999999999882,0.203,12300.0,7714.0,17302.0,2683.0,-0.622249999999994,-0.25830203314622463,25.460062420529418,driving,2.384999999999991,-1.358,-0.622249999999994,2.202249999999978,-0.06692085265157016,-0.06692085265157016,1.6469208526515542,0.3047090638159022,5.404896172194548,,,,mixed,,,,,,,,,
2019-08-16,2019-08-21,437.778,42.336,644.818,234.072,138.123,95.9,-2.731999999999971,-2.4849999999999994,0.3120000000000118,2.609999999999985,-6.909,12300.0,7218.0,17702.0,2803.0,-2.262749999999997,-0.27403651641737986,24.730425940571685,driving,1.579999999999984,0.203,-2.262749999999997,-0.46924999999997397,-1.102309409494318,-1.102309409494318,-1.629690590505653,-0.3023927209694564,5.389318186234589,,,,mixed,,,,,,,,,
2019-08-23,2019-08-28,427.75100000000003,40.356,644.818,231.982,136.06,95.2,-10.026999999999987,-1.9799999999999969,-2.0900000000000034,-2.062999999999988,-13.993,12500.0,5928.0,17408.0,3019.0,-2.727249999999998,-0.4719037861079314,24.572093290441178,driving,-2.731999999999971,-6.909,-2.727249999999998,-7.299749999999989,-1.98590507398155,-1.98590507398155,-8.041094926018436,-1.49735891123358,5.370185374857043,,,,all-draw,,,,,,,,,
2019-08-30,2019-09-04,422.98,40.126,644.818,229.586,133.522,94.8,-4.771000000000015,-0.23000000000000398,-2.3959999999999866,-2.538000000000011,-7.966,12400.0,6904.0,17381.0,3061.0,1.8052499999999867,-0.6314268670947744,24.33576894309879,driving,-10.026999999999987,-13.993,1.8052499999999867,-6.576250000000002,-1.8865364070884205,-1.8865364070884205,-2.8844635929115947,-0.5356099142092903,5.385381256748894,,,,all-draw,,,,,,,,,
2019-09-06,2019-09-11,416.068,39.328,644.818,228.904,136.226,95.1,-6.912000000000035,-0.7979999999999947,-0.6820000000000164,2.7040000000000077,-11.655,12400.0,6725.0,17495.0,3295.0,-2.8789999999999907,-0.7938285033898412,23.782109174049726,shoulder,-4.771000000000015,-7.966,-2.8789999999999907,-4.033000000000044,-2.792281885754444,-2.792281885754444,-4.1197181142455905,-0.7673513539500302,5.368750694240472,,,,mixed,,,,,,,,,
2019-09-13,2019-09-18,417.12600000000003,38.681,644.818,229.685,136.663,91.2,1.0580000000000496,-0.6470000000000056,0.7810000000000059,0.4370000000000118,-3.024,12400.0,7050.0,16707.0,3175.0,-0.032250000000004775,-0.7238775532667779,24.9671395223559,shoulder,-6.912000000000035,-11.655,-0.032250000000004775,1.0902500000000543,-2.0989962799591604,-2.0989962799591604,3.15699627995921,0.5893772569298414,5.35649491533572,,,,all-build,,,,,,,,,
2019-09-20,2019-09-25,419.538,40.937,644.818,230.204,133.685,89.8,2.4119999999999777,2.2560000000000002,0.5190000000000055,-2.9780000000000086,-4.3260000000000005,12500.0,6378.0,16513.0,2983.0,-2.029749999999993,-0.6414586505567734,25.406528189910976,shoulder,1.0580000000000496,-3.024,-2.029749999999993,4.4417499999999706,-1.0498470824118242,-1.0498470824118242,3.461847082411802,0.6472562138529123,5.3484957089936875,,,,mixed,,,,,,,,,
2019-09-27,2019-10-02,422.642,40.736000000000004,644.818,229.976,131.267,86.4,3.103999999999985,-0.2009999999999934,-0.22800000000000864,-2.4180000000000064,-1.351,12400.0,6291.0,16017.0,2867.0,1.0062499999999943,-0.6825048127639238,26.387088718236875,shoulder,2.4119999999999777,-4.3260000000000005,1.0062499999999943,2.0977499999999907,0.7740754608508476,0.7740754608508476,2.3299245391491374,0.4361429068952233,5.342112647744759,,,,mixed,,,,,,,,,
2019-10-04,2019-10-09,425.569,41.677,644.618,228.763,127.324,85.7,2.927000000000021,0.9409999999999954,-1.2129999999999939,-3.942999999999998,-1.631,12600.0,6224.0,15656.0,3401.0,0.8260000000000076,-0.7035010974074665,27.182485947879407,heating,3.103999999999985,-1.351,0.8260000000000076,2.1010000000000133,0.7296185634873638,0.7296185634873638,2.197381436512657,0.4122560849196586,5.330137060174352,,,,mixed,,,,,,,,,
2019-10-11,2019-10-16,434.85,42.953,643.349,226.201,123.501,83.1,9.281000000000006,1.2760000000000034,-2.562000000000012,-3.8229999999999933,1.477,12600.0,6295.0,15436.0,3248.0,3.2927500000000123,-0.5118246758443006,28.17115833117388,heating,2.927000000000021,-1.631,3.2927500000000123,5.988249999999994,1.7556997407000912,1.7556997407000912,7.5253002592999145,1.4151472605337365,5.317679982266775,,,,mixed,,,,,,,,,
2019-10-18,2019-10-23,433.151,44.459,642.35,223.094,120.786,85.2,-1.6990000000000123,1.5060000000000002,-3.1069999999999993,-2.7150000000000034,-7.6370000000000005,12600.0,5857.0,15865.0,3683.0,2.495749999999987,-0.8922756498042791,27.302300661834227,heating,9.281000000000006,1.477,2.495749999999987,-4.194749999999999,3.374738192916136,3.374738192916136,-5.0737381929161485,-0.9494327310393224,5.343968063289795,,,,all-draw,,,,,,,,,
2019-10-25,2019-10-30,438.853,46.031,641.652,220.05700000000002,119.754,87.7,5.701999999999998,1.5719999999999956,-3.0369999999999777,-1.0319999999999965,-0.196,12600.0,6697.0,15998.0,3327.0,0.9012500000000045,-0.6823447638157513,27.43174146768346,heating,-1.6990000000000123,-7.6370000000000005,0.9012500000000045,4.800749999999994,-0.18053911159915903,-0.18053911159915903,5.882539111599157,1.1021099449238465,5.3375247530368926,,,,mixed,,,,,,,,,
2019-11-01,2019-11-06,446.782,47.745,640.952,217.229,119.132,86.0,7.928999999999974,1.7139999999999986,-2.828000000000003,-0.6219999999999999,3.815,12600.0,6077.0,15761.0,2371.0,6.321750000000009,-0.48473147010398404,28.34731298775458,heating,5.701999999999998,-0.196,6.321750000000009,1.607249999999965,3.9037469226264774,3.9037469226264774,4.025253077373496,0.7527343408898235,5.347508222642211,,,,mixed,,,,,,,,,
2019-11-08,2019-11-13,449.00100000000003,46.516,639.509,219.09,116.655,87.8,2.219000000000051,-1.2289999999999992,1.86099999999999,-2.477000000000004,0.007,12800.0,5750.0,15916.0,2633.0,4.63424999999998,-0.7186603530019956,28.2106685096758,heating,7.928999999999974,3.815,4.63424999999998,-2.4152499999999293,3.593275919289333,3.593275919289333,-1.374275919289282,-0.25717340588086246,5.343771509274663,,,,mixed,,,,,,,,,
2019-11-15,2019-11-20,450.38,44.221000000000004,637.537,220.846,115.681,89.5,1.3789999999999623,-2.2949999999999946,1.7560000000000002,-0.9740000000000038,-4.83,12800.0,5972.0,16435.0,3027.0,2.130499999999998,-0.7223239488756965,27.403711591116522,heating,2.219000000000051,0.007,2.130499999999998,-0.7515000000000356,0.9787871176001564,0.9787871176001564,0.4002128823998059,0.07514045175458937,5.32619744830536,,,,mixed,,,,,,,,,
2019-11-22,2019-11-27,451.952,44.124,636.17,225.978,116.406,89.3,1.5720000000000027,-0.09700000000000131,5.132000000000005,0.7250000000000085,-5.0680000000000005,12900.0,6190.0,16334.0,3480.0,-0.03649999999998954,-0.6665286652485378,27.669401248928615,heating,1.3789999999999623,-4.83,-0.03649999999998954,1.6084999999999923,0.31895959507591304,0.31895959507591304,1.2530404049240897,0.23600807226325993,5.309311638825475,,,,all-build,,,,,,,,,
2019-11-29,2019-12-04,447.096,43.822,635.166,229.363,119.46900000000001,91.9,-4.8559999999999945,-0.3019999999999996,3.384999999999991,3.0630000000000024,-7.308,12900.0,5989.0,16798.0,3135.0,-3.160000000000011,-0.6899263137690363,26.616025717347302,heating,1.5720000000000027,-5.0680000000000005,-3.160000000000011,-1.6959999999999837,-0.9294377022721265,-0.9294377022721265,-3.926562297727868,-0.7416713762799241,5.294207681874852,,,,mixed,,,,,,,,,
2019-12-06,2019-12-11,447.918,40.429,634.968,234.768,123.587,90.6,0.8220000000000027,-3.3930000000000007,5.405000000000001,4.117999999999995,-2.17,12800.0,6887.0,16597.0,3400.0,-3.0932499999999976,-0.45923269975655523,26.98788937759836,heating,-4.8559999999999945,-7.308,-3.0932499999999976,3.9152500000000003,-2.879725352061597,-2.879725352061597,3.7017253520615996,0.700649918335057,5.2832737936485445,,,,all-build,,,,,,,,,
2019-12-13,2019-12-18,446.833,40.164,634.967,237.297,125.096,90.6,-1.0849999999999795,-0.26500000000000057,2.5289999999999964,1.5090000000000003,-5.712,12800.0,6579.0,16562.0,3633.0,-1.188500000000019,-0.44062596315448066,26.979410699190918,heating,0.8220000000000027,-2.17,-1.188500000000019,0.10350000000003945,-0.6938667255571521,-0.6938667255571521,-0.3911332744428274,-0.07410538218774258,5.278068379053889,,,,mixed,,,,,,,,,
2019-12-20,2019-12-25,441.35900000000004,37.771,634.967,239.26,124.944,93.3,-5.4739999999999895,-2.3930000000000007,1.9629999999999939,-0.15200000000000102,-4.676,12900.0,6809.0,16980.0,3397.0,-2.068999999999974,0.1891225428942607,25.992873969375736,heating,-1.0849999999999795,-5.712,-2.068999999999974,-3.4050000000000153,-1.3129204043335552,-1.3129204043335552,-4.161079595666434,-0.790918785454307,5.261070633537036,,,,mixed,,,,,,,,,
2019-12-27,2020-01-01,429.896,36.322,634.967,242.472,133.72,94.5,-11.463000000000022,-1.448999999999998,3.2120000000000175,8.775999999999996,-17.451,12900.0,6352.0,17283.0,4462.0,-1.1846000000000116,-0.04754281996542715,24.873922351443614,heating,-5.4739999999999895,-4.676,-1.1846000000000116,-10.27840000000001,-2.497785445498025,-2.497785445498025,-8.965214554501998,-1.707177111465718,5.251484743023998,,,,mixed,,,,,,,,,
2020-01-03,2020-01-08,431.06,35.501,634.967,251.609,139.05,93.0,1.1639999999999873,-0.8210000000000051,9.137,5.3300000000000125,-2.317,12900.0,6730.0,16897.0,3064.0,-2.170799999999997,0.058794065494064296,25.511037462271407,heating,-11.463000000000022,-17.451,-2.170799999999997,3.3347999999999844,-3.6246393573785585,-3.6246393573785585,4.788639357378546,0.9076731784983824,5.275730814587555,,,,all-build,,,,,,,,,
2020-01-10,2020-01-15,428.511,35.843,634.967,258.287,147.221,92.2,-2.548999999999978,0.34200000000000585,6.677999999999969,8.170999999999992,-6.314,13000.0,6552.0,16973.0,3481.0,-0.31480000000000247,0.009149825971744659,25.24662699581689,heating,1.1639999999999873,-2.317,-0.31480000000000247,-2.2341999999999755,-0.22122522902612296,-0.22122522902612296,-2.327774770973855,-0.44108132365497665,5.277427644600729,,,,mixed,,,,,,,,,
2020-01-17,2020-01-22,428.106,34.882,634.967,260.032,146.036,90.5,-0.40500000000002956,-0.9610000000000056,1.7450000000000045,-1.1850000000000023,-5.873,13000.0,6432.0,16857.0,3414.0,4.7578000000000085,-0.11301366706672958,25.396333867236162,heating,-2.548999999999978,-6.314,4.7578000000000085,-5.162800000000038,1.3296171889086583,1.3296171889086583,-1.7346171889086879,-0.3296297715467908,5.262319543434989,,,,mixed,,,,,,,,,
2020-01-24,2020-01-29,431.654,35.64,634.967,261.235,144.747,87.2,3.548000000000002,0.7580000000000027,1.2030000000000314,-1.2889999999999873,1.589,13000.0,6660.0,15924.0,3509.0,6.28359999999999,-0.1815835924220921,27.1071338859583,heating,-0.40500000000002956,-5.873,6.28359999999999,-2.7355999999999883,2.6562343484050253,2.6562343484050253,0.8917656515949766,0.16997560618041815,5.246433130224727,,,,mixed,,,,,,,,,
2020-01-31,2020-02-05,435.009,36.708,634.967,261.144,143.235,87.4,3.355000000000018,1.0679999999999978,-0.09100000000000819,-1.5120000000000005,0.91,12900.0,6615.0,15972.0,3413.0,6.2226,-0.2359551864284391,27.235725018782873,heating,3.548000000000002,1.589,6.2226,-2.8675999999999817,2.9969623072388303,2.9969623072388303,0.3580376927611879,0.06843620578282349,5.231699926459837,,,,mixed,,,,,,,,,
2020-02-07,2020-02-12,442.468,38.376,634.967,261.049,141.222,88.0,7.459000000000003,1.6679999999999993,-0.09500000000002728,-2.0130000000000052,6.916,13000.0,6978.0,16020.0,2970.0,3.732000000000016,-0.14678418322737327,27.61972534332085,heating,3.355000000000018,0.91,3.732000000000016,3.726999999999987,1.9040342645751491,1.9040342645751491,5.5549657354248545,1.0649381217828622,5.216233339571908,,,,mixed,,,,,,,,,
2020-02-14,2020-02-19,442.883,38.243,634.967,259.07800000000003,140.587,89.4,0.4149999999999636,-0.13299999999999557,-1.9709999999999468,-0.6350000000000193,-1.589,13000.0,6547.0,16210.0,3564.0,2.4965999999999893,-0.19964634994677644,27.32159161011721,heating,7.459000000000003,6.916,2.4965999999999893,-2.0816000000000257,2.0098588927447048,2.0098588927447048,-1.5948588927447411,-0.3053343427985911,5.223319716107939,,,,mixed,,,,,,,,,
2020-02-21,2020-02-26,443.33500000000004,39.149,634.967,256.387,138.472,87.9,0.452000000000055,0.9059999999999988,-2.691000000000031,-2.1149999999999807,-3.136,13000.0,6217.0,16008.0,3657.0,1.5603999999999814,-0.23434654024851045,27.694590204897555,heating,0.4149999999999636,-1.589,1.5603999999999814,-1.1083999999999263,0.2743981994079457,0.2743981994079457,0.17760180059210934,0.03410274549717246,5.207844647195186,,,,mixed,,,,,,,,,
2020-02-28,2020-03-04,444.119,37.178,634.967,252.048,134.464,86.9,0.7839999999999918,-1.9710000000000036,-4.338999999999999,-4.00800000000001,-3.584,13100.0,6238.0,15696.0,4154.0,7.672600000000022,-0.39238817794251346,28.295043323139655,heating,0.452000000000055,-3.136,7.672600000000022,-6.8886000000000305,3.3175910522264087,3.3175910522264087,-2.533591052226417,-0.4879343179711354,5.19248382192354,,,,mixed,,,,,,,,,
2020-03-06,2020-03-11,451.783,37.882,634.967,246.999,128.06,86.4,7.663999999999987,0.7040000000000006,-5.049000000000007,-6.403999999999996,2.107,13000.0,6412.0,15701.0,3410.0,2.0492000000000075,-0.26915604126286075,28.774154512451435,heating,0.7839999999999918,-3.584,2.0492000000000075,5.614799999999979,0.8805857964976689,0.8805857964976689,6.783414203502319,1.3098478599466767,5.178780231605271,,,,mixed,,,,,,,,,
2020-03-13,2020-03-18,453.737,38.445,634.967,240.81900000000002,125.12,86.4,1.9540000000000077,0.5630000000000024,-6.179999999999978,-2.9399999999999977,-3.9130000000000003,13100.0,6539.0,15820.0,4378.0,0.736399999999992,-0.23348001273341584,28.68122629582807,heating,7.663999999999987,2.107,0.736399999999992,1.2176000000000158,1.975192414386023,1.975192414386023,-0.02119241438601538,-0.004079024285370721,5.19546168480076,,,,mixed,,,,,,,,,
2020-03-20,2020-03-25,455.36,39.303,634.967,239.282,124.44200000000001,87.3,1.6229999999999905,0.857999999999997,-1.5370000000000061,-0.6779999999999973,-3.997,13000.0,6117.0,15838.0,3850.0,4.567399999999987,-0.30587186851566284,28.751104937492105,heating,1.9540000000000077,-3.9130000000000003,4.567399999999987,-2.9443999999999964,2.568141833495888,2.568141833495888,-0.9451418334958976,-0.1824524793215746,5.180208221945147,,,,mixed,,,,,,,,,
2020-03-27,2020-04-01,469.193,42.824,634.967,246.806,122.248,82.3,13.83299999999997,3.521000000000001,7.524000000000001,-2.1940000000000026,6.958,13000.0,6047.0,14898.0,3155.0,2.2504000000000133,-0.029569350113738326,31.4936904282454,heating,1.6229999999999905,-3.997,2.2504000000000133,11.582599999999957,1.389530763710546,1.389530763710546,12.443469236289424,2.4092337966652746,5.164907305182656,,,,mixed,,,,,,,,,
2020-04-03,2020-04-08,484.37,49.241,634.967,257.303,122.724,75.6,15.177000000000021,6.417000000000002,10.496999999999986,0.4759999999999991,12.649000000000001,12400.0,5874.0,13634.0,2833.0,2.926000000000022,0.29238798220454265,35.526624614933255,driving,13.83299999999997,6.958,2.926000000000022,12.251,4.657004131011999,4.657004131011999,10.519995868988023,2.005247272042414,5.246233726712936,,,,all-build,,,,,,,,,
2020-04-10,2020-04-15,503.618,54.965,634.967,262.217,129.004,69.1,19.24799999999999,5.724000000000004,4.913999999999987,6.279999999999987,13.153,12300.0,5680.0,12665.0,3436.0,0.8853999999999701,0.762280648685731,39.76454796683774,driving,15.177000000000021,12.649000000000001,0.8853999999999701,18.362600000000022,3.710404131261289,3.710404131261289,15.537595868738702,2.932228089163092,5.2989042449195685,,,,all-build,,,,,,,,,
2020-04-17,2020-04-22,518.64,59.741,634.967,263.234,136.88,67.6,15.021999999999991,4.775999999999996,1.016999999999996,7.876000000000005,12.537,12200.0,4937.0,12456.0,2890.0,2.280600000000004,1.165906396706918,41.63776493256262,driving,19.24799999999999,13.153,2.280600000000004,12.741399999999988,7.047946671843809,7.047946671843809,7.974053328156183,1.470517189837146,5.422618234771725,,,,all-build,,,,,,,,,
2020-04-24,2020-04-29,527.631,63.378,636.117,259.565,141.972,69.6,8.990999999999985,3.6370000000000005,-3.6689999999999827,5.092000000000013,9.373,12100.0,5302.0,12761.0,3302.0,3.826200000000006,1.4068495463584483,41.347151477156956,driving,15.021999999999991,12.537,3.826200000000006,5.16479999999998,6.359484004184676,6.359484004184676,2.6315159958153096,0.483355409877223,5.444267183197019,,,,mixed,,,,,,,,,
2020-05-01,2020-05-06,532.221,65.446,637.833,256.407,151.49,70.5,4.590000000000032,2.067999999999998,-3.1580000000000155,9.518,7.63,11900.0,5712.0,12976.0,3546.0,-2.545000000000016,1.5969184683742619,41.01579839704069,driving,8.990999999999985,9.373,-2.545000000000016,7.135000000000048,1.2567301661267298,1.2567301661267298,3.333269833873302,0.613482854953745,5.433354505277285,,,,mixed,,,,,,,,,
2020-05-08,2020-05-13,531.476,62.444,639.766,252.894,155.001,67.9,-0.7450000000000045,-3.0019999999999953,-3.512999999999977,3.5109999999999957,7.581,11600.0,5391.0,12383.0,3525.0,-0.7049999999999728,1.6310147928759242,42.919809416135024,driving,4.590000000000032,7.63,-0.7049999999999728,-0.04000000000003179,0.2990501334896529,0.2990501334896529,-1.0440501334896575,-0.1924535364525881,5.424946471414229,,,,mixed,,,,,,,,,
2020-05-15,2020-05-20,526.494,56.857,641.648,255.72400000000002,158.832,69.4,-4.981999999999971,-5.587000000000003,2.8300000000000125,3.830999999999989,3.8850000000000002,11500.0,5197.0,12903.0,3239.0,0.944399999999996,1.5473436033307497,40.803999069983725,driving,-0.7450000000000045,7.581,0.944399999999996,-5.926399999999967,-1.6630634340425514,-1.6630634340425514,-3.3189365659574195,-0.6135074183571759,5.4097741390719065,,,,mixed,,,,,,,,,
2020-05-22,2020-05-27,534.422,53.462,643.759,255.0,164.327,71.3,7.927999999999997,-3.394999999999996,-0.724000000000018,5.4950000000000045,17.031,11400.0,7200.0,12991.0,3176.0,-3.471600000000001,1.970506502998635,41.13786467554461,driving,-4.981999999999971,3.8850000000000002,-3.471600000000001,11.399599999999998,-5.330031854135464,-5.330031854135464,13.25803185413546,2.4556058499318003,5.399087909203212,,,,mixed,,,,,,,,,
2020-05-29,2020-06-03,532.345,51.723,647.779,257.795,174.261,71.8,-2.076999999999998,-1.7390000000000043,2.795000000000016,9.933999999999997,8.946,11200.0,6179.0,13307.0,2794.0,1.7647999999999797,1.811139059961429,40.00488464717818,driving,7.927999999999997,17.031,1.7647999999999797,-3.841799999999978,2.2535270962507035,2.2535270962507035,-4.330527096250702,-0.7903526353441023,5.479234081841563,,,,mixed,,,,,,,,,
2020-06-05,2020-06-10,538.065,49.444,649.999,258.661,175.829,73.1,5.720000000000027,-2.2789999999999964,0.8659999999999854,1.568000000000012,14.287,11100.0,6864.0,13484.0,2439.0,-2.3951999999999884,1.9678589763973222,39.90396024918422,driving,-2.076999999999998,8.946,-2.3951999999999884,8.115200000000016,-3.3985664367107242,-3.3985664367107242,9.11856643671075,1.666332441882763,5.472237236411136,,,,all-build,,,,,,,,,
2020-06-12,2020-06-17,539.28,46.836,651.73,256.995,174.471,73.8,1.2149999999999181,-2.608000000000004,-1.6659999999999968,-1.358000000000004,7.5600000000000005,10500.0,6642.0,13600.0,2462.0,-3.015999999999997,2.02532158197084,39.652941176470584,driving,5.720000000000027,14.287,-3.015999999999997,4.230999999999915,0.024224731407221922,0.024224731407221922,1.1907752685926962,0.21643481508050957,5.5017732158744925,,,,mixed,,,,,,,,,
2020-06-19,2020-06-24,540.722,45.845,653.721,255.322,174.72,74.6,1.4420000000000073,-0.9909999999999997,-1.6730000000000018,0.24899999999999523,3.801,11000.0,6540.0,13840.0,3157.0,-5.682399999999996,2.060754841225266,39.06950867052023,driving,1.2149999999999181,7.5600000000000005,-5.682399999999996,7.124400000000003,-2.3041332680538797,-2.3041332680538797,3.746133268053887,0.6826547646011627,5.487595578773328,,,,mixed,,,,,,,,,
2020-06-26,2020-07-01,533.527,45.582,655.413,256.521,174.127,75.5,-7.194999999999936,-0.2629999999999981,1.1990000000000123,-0.5929999999999893,-1.092,11000.0,5969.0,14033.0,3092.0,-1.561200000000008,2.08150782570446,38.0194541438039,driving,1.4420000000000073,3.801,-1.561200000000008,-5.633799999999928,-0.3022101197475669,-0.3022101197475669,-6.892789880252369,-1.2577071595613116,5.480440997613924,,,,mixed,,,,,,,,,
2020-07-03,2020-07-08,539.181,47.788000000000004,656.023,251.68200000000002,177.262,77.5,5.653999999999996,2.206000000000003,-4.838999999999999,3.134999999999991,11.620000000000001,11000.0,7394.0,14347.0,2387.0,-6.2856,2.352352642680741,37.58144559838294,driving,-7.194999999999936,-1.092,-6.2856,11.939599999999995,-5.3600050230927385,-5.3600050230927385,11.014005023092736,2.0070979172752845,5.487527503413828,,,,mixed,,,,,,,,,
2020-07-10,2020-07-15,531.688,48.737,656.149,248.535,176.809,78.1,-7.493000000000052,0.9489999999999981,-3.14700000000002,-0.45300000000000296,-1.995,11000.0,5567.0,14309.0,2543.0,-1.7798000000000003,2.36732750092859,37.15759312320917,driving,5.653999999999996,11.620000000000001,-1.7798000000000003,-5.713200000000052,1.0939795035808495,1.0939795035808495,-8.586979503580901,-1.5513991126026057,5.534990599018394,,,,all-draw,,,,,,,,,
2020-07-17,2020-07-22,536.58,50.112,656.147,246.733,177.883,77.9,4.892000000000053,1.375,-1.8019999999999925,1.0740000000000123,-1.106,11100.0,5941.0,14206.0,2993.0,-4.812800000000005,2.7105397900561212,37.77136421230466,driving,-7.493000000000052,-1.995,-4.812800000000005,9.704800000000057,-4.597838417539825,-4.597838417539825,9.489838417539879,1.708593013848165,5.554183085512252,,,,mixed,,,,,,,,,
2020-07-24,2020-07-29,525.969,51.421,656.147,247.387,178.386,79.5,-10.61099999999999,1.3089999999999975,0.6539999999999964,0.5029999999999859,-10.92,11100.0,5146.0,14595.0,3211.0,-1.7503999999999906,2.4232085350580013,36.037615621788284,driving,4.892000000000053,-1.106,-1.7503999999999906,-8.8606,1.0564360769504693,1.0564360769504693,-11.667436076950459,-2.089154558578265,5.584764434513889,,,,mixed,,,,,,,,,
2020-07-31,2020-08-05,518.596,51.953,656.141,247.806,179.977,79.6,-7.373000000000047,0.5320000000000036,0.41900000000001114,1.5910000000000082,-3.122,11000.0,6010.0,14637.0,2819.0,-1.6822000000000117,2.2465597671944613,35.4304843888775,driving,-10.61099999999999,-10.92,-1.6822000000000117,-5.690800000000036,-3.930748111535186,-3.930748111535186,-3.4422518884648614,-0.6111563313182886,5.632359041490721,,,,mixed,,,,,,,,,
2020-08-07,2020-08-12,514.0840000000001,53.289,653.899,247.084,177.655,81.0,-4.511999999999944,1.3359999999999985,-0.7220000000000084,-2.3220000000000027,-10.36,10700.0,5621.0,14658.0,3143.0,-0.18179999999999835,2.2954941479646993,35.07190612634739,driving,-7.373000000000047,-3.122,-0.18179999999999835,-4.330199999999945,-2.5040679160636246,-2.5040679160636246,-2.007932083936319,-0.35714649758807576,5.622152527034494,,,,all-draw,,,,,,,,,
2020-08-14,2020-08-19,512.452,52.682,651.2280000000001,243.762,177.80700000000002,80.9,-1.6320000000000618,-0.6069999999999993,-3.3220000000000027,0.15200000000001523,-1.358,10700.0,5730.0,14487.0,2137.0,-2.356599999999992,2.328938595362153,35.37323117277559,driving,-4.511999999999944,-10.36,-2.356599999999992,0.72459999999993,-2.3123320639291145,-2.3123320639291145,0.6803320639290527,0.12129986188273748,5.608679625593808,,,,mixed,,,,,,,,,
2020-08-21,2020-08-26,507.76300000000003,52.403,649.465,239.179,179.195,82.0,-4.6889999999999645,-0.27900000000000347,-4.582999999999998,1.3879999999999768,-9.513,10800.0,5916.0,14712.0,3363.0,-4.187199999999995,2.148039795738402,34.513526373028824,driving,-1.6320000000000618,-1.358,-4.187199999999995,-0.5017999999999692,-2.157693132946698,-2.157693132946698,-2.5313068670532664,-0.452477241896627,5.594329687042181,,,,mixed,,,,,,,,,
2020-08-28,2020-09-02,498.401,52.513,648.165,234.859,177.52,76.7,-9.362000000000023,0.10999999999999943,-4.319999999999993,-1.674999999999983,-15.89,9700.0,4900.0,13868.0,3002.0,0.48999999999998634,1.7133186952511694,35.93892414190943,driving,-4.6889999999999645,-9.513,0.48999999999998634,-9.85200000000001,-1.338686750745547,-1.338686750745547,-8.023313249254477,-1.4373425459752904,5.582046723462402,,,,all-draw,,,,,,,,,
2020-09-04,2020-09-09,500.434,54.351,647.86,231.905,175.845,71.8,2.0330000000000155,1.838000000000001,-2.9540000000000077,-1.6750000000000114,-2.1,10000.0,5423.0,12779.0,2944.0,-3.6855999999999995,1.969973850345266,39.160654198294075,shoulder,-9.362000000000023,-15.89,-3.6855999999999995,5.718600000000015,-4.486474637954636,-4.486474637954636,6.5194746379546515,1.1651714446792323,5.595292150117394,,,,mixed,,,,,,,,,
2020-09-11,2020-09-16,496.045,54.277,645.7330000000001,231.524,179.306,75.8,-4.38900000000001,-0.07399999999999807,-0.3810000000000002,3.4610000000000127,-1.225,10900.0,5008.0,13488.0,2595.0,0.1858000000000061,1.7533123820774135,36.776764531435354,shoulder,2.0330000000000155,-2.1,0.1858000000000061,-4.574800000000016,0.6359340979779976,0.6359340979779976,-5.024934097978008,-0.8969307097400026,5.602365983694113,,,,mixed,,,,,,,,,
2020-09-18,2020-09-23,494.406,54.281,644.952,227.499,175.942,74.8,-1.63900000000001,0.003999999999997783,-4.025000000000006,-3.3640000000000043,-3.668,10700.0,5168.0,13370.0,3022.0,-1.1413999999999986,1.882383589710212,36.978758414360506,shoulder,-4.38900000000001,-1.225,-1.1413999999999986,-0.49760000000001137,-1.9836093398807186,-1.9836093398807186,0.34460933988070863,0.06155726820388251,5.5981909193782835,,,,all-draw,,,,,,,,,
2020-09-25,2020-09-30,492.426,56.066,643.1510000000001,228.18200000000002,172.758,75.8,-1.9800000000000182,1.7850000000000037,0.6830000000000211,-3.1839999999999975,-9.52,10700.0,5122.0,13670.0,3512.0,1.4257999999999924,2.081554420921383,36.02238478419898,shoulder,-1.63900000000001,-3.668,1.4257999999999924,-3.405800000000011,-0.12166888688534094,-0.12166888688534094,-1.8583311131146774,-0.33279474215751315,5.5840158443222085,,,,mixed,,,,,,,,,
2020-10-02,2020-10-07,492.927,56.536,642.006,226.747,171.796,77.1,0.5010000000000332,0.46999999999999886,-1.4350000000000023,-0.9620000000000175,1.54,11000.0,5732.0,13853.0,2659.0,1.2462000000000102,2.3713873257446085,35.58268967010756,heating,-1.9800000000000182,-9.52,1.2462000000000102,-0.745199999999977,-0.21848552712694397,-0.21848552712694397,0.7194855271269771,0.1291519516416534,5.5708451787338875,,,,mixed,,,,,,,,,
2020-10-09,2020-10-14,489.10900000000004,59.442,640.847,225.121,164.55100000000002,75.1,-3.8179999999999836,2.905999999999999,-1.6260000000000048,-7.244999999999976,0.518,10500.0,5286.0,13577.0,2135.0,4.490400000000011,2.3006113518489695,36.024821389113946,heating,0.5010000000000332,1.54,4.490400000000011,-8.308399999999995,1.5838232549735989,1.5838232549735989,-5.401823254973582,-0.9720445042166201,5.557176890092046,,,,all-draw,,,,,,,,,
2020-10-16,2020-10-21,488.107,60.417,640.081,227.016,160.719,72.9,-1.0020000000000095,0.9750000000000014,1.8949999999999818,-3.832000000000022,-7.308,9900.0,5118.0,13026.0,3036.0,1.656799999999987,2.60580922777278,37.471748810072164,heating,-3.8179999999999836,0.518,1.656799999999987,-2.6587999999999967,-0.9031289707706044,-0.9031289707706044,-0.09887102922940516,-0.01779903358489765,5.5548537934832884,,,,mixed,,,,,,,,,
2020-10-23,2020-10-28,492.427,59.995000000000005,639.423,226.124,156.228,74.6,4.319999999999993,-0.42199999999999704,-0.8919999999999959,-4.4909999999999854,-0.588,11100.0,5664.0,13388.0,3460.0,1.8614000000000033,3.170524782797619,36.781221989841654,heating,-1.0020000000000095,-7.308,1.8614000000000033,2.45859999999999,0.2901273310082864,0.2901273310082864,4.029872668991707,0.7272950151325823,5.54090511435319,,,,mixed,,,,,,,,,
2020-10-30,2020-11-04,484.42900000000003,60.931000000000004,639.27,227.665,154.644,75.3,-7.9979999999999905,0.9359999999999999,1.5409999999999968,-1.5840000000000032,-2.016,10500.0,5029.0,13552.0,2265.0,6.643200000000002,1.8407882070006372,35.745941558441565,heating,4.319999999999993,-0.588,6.643200000000002,-14.641199999999992,3.6275460120157033,3.6275460120157033,-11.625546012015693,-2.1001377932345138,5.535611067743647,,,,mixed,,,,,,,,,
2020-11-06,2020-11-11,488.706,60.413000000000004,638.706,225.356,149.28900000000002,74.5,4.276999999999987,-0.5180000000000007,-2.3089999999999975,-5.35499999999999,-1.491,10500.0,5499.0,13447.0,2765.0,4.151199999999994,2.094901088483676,36.34312486056369,heating,-7.9979999999999905,-2.016,4.151199999999994,0.1257999999999928,-1.4198290442640906,-1.4198290442640906,5.696829044264078,1.0211432736548491,5.578873397338394,,,,mixed,,,,,,,,,
2020-11-13,2020-11-18,489.475,61.613,638.301,227.967,144.073,77.4,0.7690000000000055,1.1999999999999957,2.6110000000000184,-5.216000000000008,-3.045,10900.0,5254.0,13841.0,2748.0,1.9801999999999906,1.8947197025949896,35.36413553933964,heating,4.276999999999987,-1.491,1.9801999999999906,-1.2111999999999852,1.8050934156236336,1.8050934156236336,-1.0360934156236281,-0.1856359145693927,5.581319854118666,,,,mixed,,,,,,,,,
2020-11-20,2020-11-25,488.721,59.892,638.19,230.147,142.632,78.7,-0.7540000000000191,-1.7209999999999965,2.1799999999999784,-1.4410000000000025,-6.062,11000.0,5228.0,14263.0,2831.0,0.2852000000000089,1.9624358871594763,34.26495127252331,heating,0.7690000000000055,-3.045,0.2852000000000089,-1.039200000000028,0.1654473542765414,0.1654473542765414,-0.9194473542765604,-0.16513750232225688,5.567768322439011,,,,mixed,,,,,,,,,
2020-11-27,2020-12-02,488.04200000000003,59.575,638.19,233.638,145.87,78.2,-0.6789999999999736,-0.31700000000000017,3.491000000000014,3.2379999999999995,-6.783,11100.0,5399.0,14012.0,3456.0,-3.4992000000000076,1.9129512372361415,34.83028832429346,heating,-0.7540000000000191,-6.062,-3.4992000000000076,2.820200000000034,-1.5715077708692993,-1.5715077708692993,0.8925077708693256,0.16068915653809204,5.554250144176673,,,,mixed,,,,,,,,,
2020-12-04,2020-12-09,503.231,58.211,638.085,237.859,151.092,79.9,15.188999999999965,-1.3640000000000043,4.221000000000004,5.222000000000008,9.163,11100.0,6479.0,14436.0,1834.0,-2.3101999999999974,3.013450291621253,34.85944860072042,heating,-0.6789999999999736,-6.783,-2.3101999999999974,17.499199999999963,-1.1285094855819728,-1.1285094855819728,16.317509485581937,2.944675870471151,5.541360137192662,,,,all-build,,,,,,,,,
2020-12-11,2020-12-16,500.096,58.409,638.086,238.87900000000002,151.25900000000001,79.1,-3.134999999999991,0.1980000000000004,1.0200000000000102,0.1670000000000016,-2.702,11000.0,5424.0,14183.0,2627.0,-1.167800000000011,2.8150369824717973,35.26024113375168,heating,15.188999999999965,9.163,-1.167800000000011,-1.9671999999999799,4.163599139206532,4.163599139206532,-7.298599139206523,-1.2922775470647956,5.647857270122922,,,,mixed,,,,,,,,,
2020-12-18,2020-12-23,499.534,58.383,638.085,237.75400000000002,148.934,78.0,-0.5620000000000118,-0.02599999999999625,-1.125,-2.325000000000017,-3.843,11000.0,5564.0,14014.0,3099.0,-2.7499999999999774,2.6290694063710864,35.645354645354644,heating,-3.134999999999991,-2.702,-2.7499999999999774,2.1879999999999655,-1.9569085150258851,-1.9569085150258851,1.3949085150258733,0.2466555043206684,5.65529043784241,,,,all-draw,,,,,,,,,
2020-12-25,2020-12-30,493.469,58.410000000000004,638.085,236.562,152.029,79.4,-6.064999999999998,0.027000000000001023,-1.1920000000000073,3.094999999999999,-11.102,11000.0,5326.0,14287.0,3625.0,-3.1264000000000123,2.093459749726736,34.53972142507174,heating,-0.5620000000000118,-3.843,-3.1264000000000123,-2.9385999999999854,-1.25486220902724,-1.25486220902724,-4.810137790972758,-0.8524244883489974,5.642890199329191,,,,mixed,,,,,,,,,
2021-01-01,2021-01-06,485.459,59.202,638.085,241.08100000000002,158.419,80.7,-8.009999999999991,0.7919999999999945,4.5190000000000055,6.390000000000015,-11.473,11000.0,5369.0,14376.0,3632.0,-1.1033999999999993,1.868323084105333,33.768711741791876,heating,-6.064999999999998,-11.102,-1.1033999999999993,-6.906599999999992,-2.107243669329188,-2.107243669329188,-5.902756330670803,-1.0469552230424723,5.6380217613483765,,Backwardation,-0.09380000000000166,mixed,,,0.015277799964855676,0.01160815930425696,-0.1430999999999969,0.05930000000000035,0.06230000000000224,-0.20649999999999835,-0.6629798657718098
2021-01-08,2021-01-13,482.211,57.227000000000004,638.085,245.476,163.205,82.0,-3.2479999999999905,-1.9749999999999943,4.394999999999982,4.786000000000001,-2.954,11000.0,6239.0,14650.0,3011.0,-1.9024,1.5924194957321434,32.91542662116041,heating,-8.009999999999991,-11.473,-1.9024,-1.3455999999999904,-3.051294646516496,-3.051294646516496,-0.1967053534834946,-0.03489073861674957,5.6377526324153155,,Backwardation,-0.02230000000000132,mixed,,,-0.0012361125766917613,-0.015084555592153381,-0.7907999999999973,-0.023099999999999454,-0.09820000000000029,-0.07299999999999329,0.41635973154362205
2021-01-15,2021-01-20,486.563,52.5,638.085,245.217,163.662,82.5,4.351999999999975,-4.727000000000004,-0.25899999999998613,0.45699999999999363,0.23800000000000002,11000.0,6045.0,14760.0,2251.0,2.6625999999999976,1.574580908906488,32.964972899729,heating,-3.2479999999999905,-2.954,2.6625999999999976,1.6893999999999778,-0.21730510229316566,-0.21730510229316566,4.569305102293141,0.8124097079103575,5.6243851566546335,,Backwardation,-0.023200000000002774,mixed,,,0.005968294967071408,-0.004598748882931214,-0.5733999999999995,-0.006399999999999295,-0.18589999999999485,-0.41269999999999385,-0.21193489932885967
2021-01-22,2021-01-27,476.653,50.219,638.086,247.686,162.847,81.7,-9.909999999999968,-2.280999999999999,2.468999999999994,-0.8149999999999977,-14.784,10900.0,5064.0,14721.0,3355.0,5.218399999999997,0.9698763008215555,32.37911826642212,heating,4.351999999999975,0.23800000000000002,5.218399999999997,-15.128399999999965,2.88800531444613,2.88800531444613,-12.798005314446097,-2.2767575880517823,5.621154127962006,,Backwardation,0.084699999999998,mixed,,,0.0036500443898628276,-0.00905141976761592,-0.6995999999999967,0.03520000000000323,-0.1640000000000068,0.19439999999999458,0.5196671140939557
2021-01-29,2021-02-03,475.659,48.702,638.086,252.153,162.838,82.3,-0.9940000000000282,-1.517000000000003,4.4669999999999845,-0.009000000000014552,-5.019,10900.0,6507.0,14641.0,3483.0,5.626999999999998,0.6192244160814555,32.488149716549415,heating,-9.909999999999968,-14.784,5.626999999999998,-6.621000000000026,-1.113166514819221,-1.113166514819221,0.11916651481919271,0.021007634121359954,5.6725338098890274,Low,Backwardation,0.14589999999999748,mixed,,,0.01745906976150402,0.013385511014007756,-0.18290000000000362,-0.001799999999995805,0.19909999999999606,-0.2265000000000157,-0.08088322147651894
2021-02-05,2021-02-10,469.014,48.044000000000004,637.921,256.412,161.106,83.0,-6.644999999999982,-0.6579999999999941,4.258999999999986,-1.7319999999999993,-3.871,11000.0,5857.0,14793.0,2617.0,4.358400000000017,0.25068864965065124,31.705130805110525,heating,-0.9940000000000282,-5.019,4.358400000000017,-11.0034,0.9448148994860087,0.9448148994860087,-7.58981489948599,-1.3411076732371838,5.659362816980678,Low,Backwardation,0.13560000000000372,mixed,,,0.006419920124449252,-0.0029302438713826318,-0.5533999999999963,-0.01860000000000639,-0.8582999999999945,-0.1302999999999983,0.17504362416107
2021-02-12,2021-02-17,461.757,45.016,637.773,257.084,157.684,83.1,-7.257000000000005,-3.028000000000006,0.6720000000000255,-3.421999999999997,-13.881,10800.0,5898.0,14819.0,3862.0,1.0363999999999804,-0.003595988045084603,31.159794857952626,heating,-6.644999999999982,-3.871,1.0363999999999804,-8.293399999999986,-1.7515645272421843,-1.7515645272421843,-5.505435472757821,-0.9713989401177063,5.667532921222579,Low,Backwardation,-0.02449999999999619,mixed,,,0.016152493686131475,0.02043831219911252,0.33079999999999643,-0.010400000000004184,0.32529999999998793,-0.245900000000006,-0.030536241610718662
2021-02-19,2021-02-24,463.04200000000003,47.823,637.773,257.096,152.715,68.6,1.285000000000025,2.807000000000002,0.012000000000000455,-4.968999999999994,-1.715,9700.0,4599.0,12230.0,2314.0,-0.03460000000000037,0.035616291353332954,37.86116107931316,heating,-7.257000000000005,-13.881,-0.03460000000000037,1.3196000000000254,-2.2990310217669694,-2.2990310217669694,3.5840310217669944,0.6326613062568104,5.665007463428088,Low,Backwardation,0.23460000000000036,mixed,,,0.02555831305732026,0.033184389635484646,0.5836999999999932,-0.01939999999999742,-0.00030000000000995897,0.04449999999999932,-0.24809127516778062
2021-02-26,2021-03-03,484.605,48.308,637.773,243.472,142.996,56.0,21.562999999999988,0.48499999999999943,-13.623999999999995,-9.718999999999994,28.266000000000002,10000.0,6292.0,9903.0,2351.0,5.768800000000022,0.4689974791097779,48.93517116025447,heating,1.285000000000025,-1.715,5.768800000000022,15.794199999999966,1.924105120454246,1.924105120454246,19.63889487954574,3.4707167756700636,5.658455053784738,Low,Backwardation,0.19470000000000454,mixed,,,0.015483981632976151,0.021541788930082628,0.40979999999999706,-0.002400000000001512,-0.31440000000000623,-0.3592000000000013,-0.31943221476509365
2021-03-05,2021-03-10,498.403,48.834,637.773,231.603,137.492,69.0,13.798000000000002,0.5260000000000034,-11.869,-5.504000000000019,11.284,10900.0,5655.0,12310.0,2633.0,2.546199999999999,0.807844712563775,40.4876523151909,heating,21.562999999999988,28.266000000000002,2.546199999999999,11.251800000000003,6.5358879743237015,6.5358879743237015,7.2621120256763,1.2508638456927827,5.805677452971892,Low,Backwardation,0.012999999999991019,mixed,,,0.004842040154570348,0.013415408027844355,0.5926999999999936,0.010600000000010823,0.6783999999999999,0.19400000000000261,-0.46108926174494513
2021-03-12,2021-03-17,500.79900000000004,48.21,637.773,232.07500000000002,137.747,76.1,2.396000000000015,-0.6240000000000023,0.4720000000000084,0.2550000000000239,1.8900000000000001,10900.0,5323.0,13433.0,2520.0,-0.7972000000000093,0.8169050006396266,37.28124767363955,heating,13.798000000000002,11.284,-0.7972000000000093,3.1932000000000245,3.7563017804196055,3.7563017804196055,-1.3603017804195905,-0.23393439588441917,5.814885730150088,Low,Backwardation,-0.05539999999999168,all-build,,,-0.0010082016898202983,-0.010787711732019756,-0.6736999999999966,0.02949999999998454,-1.8331999999999944,-1.0855999999999995,-0.5613818791946272
2021-03-19,2021-03-24,502.711,46.275,637.773,232.279,141.553,81.6,1.9119999999999777,-1.9350000000000023,0.2039999999999793,3.805999999999983,-1.736,11000.0,5622.0,14389.0,2481.0,3.257999999999993,0.7699281848112282,34.937174230314824,heating,2.396000000000015,1.8900000000000001,3.257999999999993,-1.3460000000000152,1.7139619952036407,1.7139619952036407,0.19803800479633704,0.034132064842458607,5.802110294540034,High,Backwardation,-0.027700000000002944,all-build,,,0.05603736868007947,0.0613730355665838,0.4876999999999896,0.032200000000003115,0.44990000000000663,0.015900000000002024,-0.36229530201342186
2021-03-26,2021-03-31,501.83500000000004,47.057,637.773,230.544,144.095,83.9,-0.8759999999999764,0.7820000000000036,-1.7349999999999852,2.5420000000000016,-6.09,11100.0,6145.0,14941.0,3174.0,4.063800000000003,0.6438536146684117,33.587778595810185,heating,1.9119999999999777,-1.736,4.063800000000003,-4.9397999999999795,1.8218476942074626,1.8218476942074626,-2.697847694207439,-0.46602524470341905,5.789059122589729,High,Backwardation,-0.006000000000000227,mixed,,,-0.01801030721322816,-0.006376195536663132,0.6798999999999964,-0.011299999999998533,-0.1413000000000082,0.3990999999999971,-0.7529261744966362
2021-04-02,2021-04-07,498.313,46.322,637.773,234.588,145.547,84.0,-3.522000000000048,-0.7349999999999994,4.043999999999983,1.4519999999999982,-9.198,10900.0,6264.0,15044.0,3434.0,3.62560000000002,0.5032322960753592,33.123703802180266,driving,-0.8759999999999764,-6.09,3.62560000000002,-7.147600000000068,0.7959947410482993,0.7959947410482993,-4.317994741048348,-0.7472815611353067,5.778270153606144,High,Backwardation,-0.03719999999999857,mixed,,,0.004457764951454779,0.004060695025050354,-0.010099999999994225,0.0008999999999943498,-0.5319999999999894,0.15120000000001,0.3917684563758499
2021-04-09,2021-04-14,492.423,46.668,636.667,234.897,143.464,85.0,-5.889999999999986,0.34599999999999653,0.3089999999999975,-2.0829999999999984,-5.446,11000.0,5852.0,15051.0,2579.0,4.476199999999972,0.20152707896551889,32.71696232808451,driving,-3.522000000000048,-9.198,4.476199999999972,-10.366199999999958,0.22649675277747278,0.22649675277747278,-6.116496752777459,-1.0597634895274972,5.771567725459707,Normal,Backwardation,-0.05480000000000018,mixed,,,0.04218082798053446,0.036275992113439015,-0.22650000000000148,-0.013199999999997658,0.023800000000001376,0.1413999999999973,0.05875906040267154
2021-04-16,2021-04-21,493.017,45.35,635.924,234.982,142.391,85.0,0.5939999999999941,-1.3179999999999978,0.08500000000000796,-1.0730000000000075,-6.356,11000.0,5405.0,14765.0,2548.0,4.222000000000003,0.10642105258657215,33.39092448357602,driving,-5.889999999999986,-5.446,4.222000000000003,-3.628000000000009,-0.5508768617154816,-0.5508768617154816,1.1448768617154756,0.19836178762284362,5.7716603355697425,Low,Backwardation,-0.05810000000000315,mixed,,,-0.022216670990222398,-0.01869329479315318,0.1483000000000061,0.12460000000000093,0.015399999999999636,0.12740000000000862,0.06570402684563703
2021-04-23,2021-04-28,493.107,46.072,634.475,235.074,139.049,85.4,0.09000000000003183,0.7220000000000013,0.09200000000001296,-3.3419999999999845,-0.301,10900.0,6616.0,15018.0,2541.0,5.242400000000009,-0.03180986984911383,32.83439872153416,driving,0.5939999999999941,-6.356,5.242400000000009,-5.152399999999977,1.6023273856460332,1.6023273856460332,-1.5123273856460013,-0.26257216215564844,5.75966383195458,Low,Backwardation,0.13419999999999987,mixed,,,0.009422930555138098,0.006435300158855517,-0.16689999999999827,-0.006099999999996442,1.1908999999999992,0.4124999999999943,0.29804429530200593
2021-04-30,2021-05-05,485.117,46.326,633.427,235.811,136.153,86.5,-7.990000000000009,0.2539999999999978,0.7369999999999948,-2.896000000000015,-21.098,10900.0,5451.0,15243.0,4122.0,-0.8066000000000144,-0.22277565980831937,31.82555927310897,driving,0.09000000000003183,-0.301,-0.8066000000000144,-7.1833999999999945,-0.3819452882317412,-0.3819452882317412,-7.6080547117682675,-1.3237287579462376,5.747442341263439,Low,Backwardation,0.07220000000000937,mixed,,,-0.006556893331467584,-0.013837021046950948,-0.5304000000000002,-0.037500000000008527,0.3667000000000087,0.2295000000000016,0.14647986577180916
2021-05-07,2021-05-12,484.69100000000003,45.905,632.028,236.189,134.419,86.1,-0.4259999999999877,-0.4209999999999994,0.3779999999999859,-1.7339999999999804,-2.2960000000000003,11000.0,5488.0,15020.0,1796.0,-0.4157999999999788,-0.22922407372131526,32.269707057256994,driving,-7.990000000000009,-21.098,-0.4157999999999788,-0.010200000000008924,-3.055016381322059,-3.055016381322059,2.6290163813220713,0.4568264110381891,5.7549570642103145,Low,Backwardation,-0.013499999999993406,mixed,,,0.007561777981791584,0.0052023878858473704,-0.13689999999999714,-0.010200000000011755,0.5054000000000087,0.7321999999999917,0.021693288590611814
2021-05-14,2021-05-19,486.011,45.763,630.1270000000001,234.226,132.095,86.3,1.3199999999999932,-0.142000000000003,-1.9629999999999939,-2.3240000000000123,-7.077,11000.0,6411.0,15116.0,3306.0,0.48280000000000883,-0.23198722381369818,32.15209050013231,driving,-0.4259999999999877,-2.2960000000000003,0.48280000000000883,0.8371999999999844,-0.17964077365364084,-0.17964077365364084,1.499640773653634,0.26100063374968113,5.745736139062022,Low,Backwardation,-0.017099999999999227,mixed,,,-0.03159686703207776,-0.02692055154300721,0.22449999999999903,0.062300000000000466,-0.2755000000000116,-0.017900000000004468,0.30340268456374986
2021-05-21,2021-05-26,484.349,44.755,628.481,232.481,129.082,87.0,-1.6620000000000346,-1.0079999999999956,-1.7450000000000045,-3.0130000000000052,-9.793000000000001,11000.0,6273.0,15239.0,3433.0,-1.3256000000000085,-0.2290035786546812,31.78351597873876,driving,1.3199999999999932,-7.077,-1.3256000000000085,-0.336400000000026,-0.3304467690678687,-0.3304467690678687,-1.3315532309321658,-0.2322011901409276,5.734480646391257,Low,Backwardation,0.2750999999999948,all-draw,,,0.004594364388058159,0.002627992566410331,-0.12229999999999563,-0.029799999999994498,0.8706000000000174,0.46180000000001087,0.2301832214765085
2021-05-28,2021-06-02,479.27,45.539,627.833,233.98000000000002,132.802,88.7,-5.079000000000008,0.7839999999999989,1.4990000000000236,3.719999999999999,-11.97,10800.0,5631.0,15597.0,2544.0,1.7389999999999872,-0.447675900224114,30.7283451945887,driving,-1.6620000000000346,-9.793000000000001,1.7389999999999872,-6.817999999999995,-0.2321664621990367,-0.2321664621990367,-4.846833537800971,-0.8469978985799196,5.7223678428567455,Low,Backwardation,0.1991999999999905,mixed,,,0.012599362079984688,0.008520852510089938,-0.25390000000000157,0.006700000000009254,0.21539999999999537,0.36660000000000537,0.16051476510067175
2021-06-04,2021-06-09,474.029,45.704,626.484,241.026,137.214,91.3,-5.2409999999999854,0.16499999999999915,7.045999999999992,4.412000000000006,-8.526,11000.0,6638.0,15925.0,2931.0,-0.047799999999983814,-0.5647545089262005,29.76634222919937,driving,-5.079000000000008,-11.97,-0.047799999999983814,-5.193200000000002,-1.9114503386327744,-1.9114503386327744,-3.329549661367211,-0.5823341456237129,5.717593045829512,Low,Backwardation,0.19579999999999131,mixed,,,-0.0079156273846539,-0.00022618469437318822,0.5396999999999963,-0.022399999999990428,-0.12719999999998066,-0.10760000000000502,-0.04085436241611262
2021-06-11,2021-06-16,466.67400000000004,43.554,625.593,242.98000000000002,136.191,92.6,-7.354999999999961,-2.1499999999999986,1.9540000000000077,-1.0229999999999961,-15.925,11200.0,6746.0,16337.0,3884.0,-2.2378000000000156,-0.6677922334797113,28.565464895635674,driving,-5.2409999999999854,-8.526,-2.2378000000000156,-5.117199999999945,-2.6280039942823272,-2.6280039942823272,-4.726996005717634,-0.8280553798832353,5.708550563833293,Low,Backwardation,0.2656000000000063,mixed,,,-0.0063342894263858085,-0.004945633063934807,0.09070000000001244,-0.061600000000012756,-0.2548000000000066,-0.47879999999999256,0.16034832214764094
2021-06-18,2021-06-23,459.06,41.721000000000004,623.888,240.05,137.945,92.2,-7.614000000000033,-1.8329999999999984,-2.930000000000007,1.7539999999999907,-12.040000000000001,11100.0,6943.0,16112.0,3651.0,-4.407199999999989,-0.6713285185711007,28.491807348560076,driving,-7.354999999999961,-15.925,-4.407199999999989,-3.206800000000044,-4.234924530423331,-4.234924530423331,-3.3790754695767014,-0.5924708166682283,5.703361877938564,Low,Backwardation,0.2875000000000085,mixed,,,0.002312771562489324,0.008619893853425653,0.4753000000000043,0.46649999999999636,1.1274000000000122,0.14180000000000348,-0.05628657718119712
2021-06-25,2021-06-30,452.342,40.261,622.487,241.572,137.076,92.9,-6.718000000000018,-1.4600000000000009,1.5219999999999914,-0.8689999999999998,-17.57,11100.0,6406.0,16299.0,3717.0,-3.4774000000000003,-0.8074699848648791,27.752745567212713,driving,-7.614000000000033,-12.040000000000001,-3.4774000000000003,-3.2406000000000175,-3.9418605079929074,-3.9418605079929074,-2.7761394920071103,-0.48751448165262085,5.694475951968238,Low,Backwardation,0.6948000000000008,mixed,0.006714168265278042,0.004949170679507731,0.0017221881599565059,0.00036083826323607404,-0.09930000000001371,0.03159999999999741,0.04300000000001347,-0.07179999999999609,-0.1277711409395863
2021-07-02,2021-07-07,445.476,39.647,621.304,235.497,138.692,92.2,-6.8659999999999854,-0.6140000000000043,-6.074999999999989,1.6160000000000139,-10.976,11300.0,5875.0,16115.0,2628.0,-5.2529999999999974,-0.7404619663514832,27.643561898852,driving,-6.718000000000018,-17.57,-5.2529999999999974,-1.612999999999988,-4.6020314784090735,-4.6020314784090735,-2.263968521590912,-0.39827559274365587,5.684426971772989,Low,Backwardation,0.7882999999999925,mixed,-0.015946572168461293,-0.014759157386287303,-0.025882828304741867,-0.02159797252234219,0.2897000000000105,-0.10420000000000584,0.7427000000000135,0.275100000000009,0.21102550335568537
2021-07-09,2021-07-14,437.58,38.058,621.304,236.535,142.349,91.8,-7.896000000000015,-1.5889999999999986,1.0379999999999825,3.6569999999999823,-17.479,11400.0,6221.0,16093.0,4025.0,-2.40920000000001,-0.9529847727459928,27.190704032809293,driving,-6.8659999999999854,-10.976,-2.40920000000001,-5.486800000000005,-3.42309354520191,-3.42309354520191,-4.472906454798105,-0.7883676973200023,5.673629792295422,Low,Backwardation,0.5875000000000057,mixed,-0.028172757475083077,-0.02261733559942458,-0.03370288130551191,-0.02353622171089431,0.7406000000000006,-0.11110000000000753,1.1910000000000132,0.580600000000004,-0.09317583892617165
2021-07-16,2021-07-21,439.687,36.711,621.304,236.41400000000002,141.0,91.4,2.1070000000000277,-1.3470000000000013,-0.1209999999999809,-1.3489999999999895,0.189,11400.0,7097.0,16007.0,2463.0,-4.327999999999998,-0.7241705017271747,27.468420066221025,driving,-7.896000000000015,-17.479,-4.327999999999998,6.435000000000025,-4.77777431360121,-4.77777431360121,6.884774313601238,1.2147378599414116,5.667703741392648,Normal,Backwardation,0.11360000000000525,mixed,0.042717294571343656,0.04152847873107435,0.046024543442787724,0.05191873589164775,0.4765000000000015,0.6150999999999982,0.25190000000001334,-0.22409999999999286,0.22451677852347984
2021-07-23,2021-07-28,435.598,35.443,621.304,234.161,137.912,91.1,-4.088999999999999,-1.2680000000000007,-2.2530000000000143,-3.087999999999994,-4.599,11200.0,6507.0,15875.0,2489.0,-3.0319999999999823,-0.8008034928343944,27.43924409448819,driving,2.1070000000000277,0.189,-3.0319999999999823,-1.0570000000000164,-0.6745110055337166,-0.6745110055337166,-3.414488994466282,-0.6016038974599461,5.675643074924749,Normal,Backwardation,0.5365000000000038,all-draw,0.01032798325191897,0.00349087003222337,0.005842814911153349,0.0007949827753732652,-0.36019999999999186,0.06870000000000687,-0.5245999999999995,-0.2389999999999901,0.1508281879194442
2021-07-30,2021-08-04,439.225,34.9,621.304,228.87,138.744,91.3,3.6270000000000095,-0.5429999999999993,-5.290999999999997,0.8319999999999936,-1.344,11200.0,6432.0,15920.0,1904.0,-2.2754000000000247,-0.69411202606382,27.589510050251256,driving,-4.088999999999999,-4.599,-2.2754000000000247,5.902400000000034,-2.324550649610477,-2.324550649610477,5.951550649610486,1.050201047823879,5.667058380814503,Normal,Backwardation,0.5356000000000023,mixed,-0.03415532879818595,-0.028034801822952593,-0.038052636199635725,-0.027766023646546234,0.6794000000000011,-0.16559999999999775,1.2859000000000087,0.23029999999998552,-0.07342885906041374
2021-08-06,2021-08-11,438.777,34.575,621.304,227.469,140.511,91.8,-0.4480000000000359,-0.32499999999999574,-1.4010000000000105,1.766999999999996,-8.148,11300.0,6396.0,16197.0,2663.0,-0.8033999999999878,-0.7527289465516732,27.09001666975366,driving,3.6270000000000095,-1.344,-0.8033999999999878,0.35539999999995187,0.43767508416405887,0.43767508416405887,-0.8856750841640948,-0.15619922526248403,5.670163105327619,Low,Backwardation,0.2347999999999928,mixed,0.014057695123737002,0.011468214639671626,0.012993163570028665,0.010574955908289274,-0.13940000000000907,-0.00929999999999609,0.40610000000001634,0.11490000000000578,0.15863422818792117
2021-08-13,2021-08-18,435.544,33.595,621.302,228.165,137.814,92.2,-3.233000000000004,-0.980000000000004,0.695999999999998,-2.6970000000000027,-11.809000000000001,11400.0,6350.0,16006.0,3431.0,-3.207000000000005,-0.7283269577366331,27.211295764088465,driving,-0.4480000000000359,-8.148,-3.207000000000005,-0.025999999999998913,-1.7604392920420828,-1.7604392920420828,-1.4725607079579213,-0.2602400050990963,5.658471714973983,Low,Backwardation,0.25440000000000396,mixed,-0.016969514942183683,-0.011589164131536989,-0.028295175607411127,-0.023289454650658126,0.2793000000000063,-0.048799999999999955,0.9387000000000043,0.5411000000000001,0.23624161073826144
2021-08-20,2021-08-25,432.564,33.665,621.302,225.924,138.459,92.4,-2.9799999999999613,0.07000000000000028,-2.2409999999999854,0.6450000000000102,-9.289,11400.0,6157.0,16072.0,2812.0,-4.034599999999989,-0.6745927761500741,26.914136386261823,driving,-3.233000000000004,-11.809000000000001,-4.034599999999989,1.0546000000000273,-2.968502324160913,-2.968502324160913,-0.01149767583904815,-0.00203600201474045,5.647182937839025,Normal,Backwardation,0.31390000000000384,mixed,0.012140953509031549,0.01688951442646025,0.009355088482498441,0.011713242725433837,0.20019999999999527,0.0049999999999954525,3.4087000000000103,1.4122999999999877,-0.0677832214765175
2021-08-27,2021-09-01,425.395,34.501,621.302,227.214,136.727,91.3,-7.16900000000004,0.8359999999999985,1.289999999999992,-1.7319999999999993,-7.966,11500.0,6340.0,15938.0,3040.0,-2.3158000000000127,-0.7958227679991374,26.690613627807753,driving,-2.9799999999999613,-9.289,-2.3158000000000127,-4.853200000000027,-2.20285619136127,-2.20285619136127,-4.966143808638769,-0.8812079912525377,5.6356091387459575,Normal,Backwardation,0.25560000000000116,mixed,0.0013138686131386468,-0.01918070968625829,-0.0031134768862310924,-0.02251387841820296,-1.4292999999999978,0.009799999999998477,-4.780599999999993,-0.34540000000001214,1.48290268456374
2021-09-03,2021-09-08,423.867,36.419000000000004,621.302,219.999,133.586,81.9,-1.5279999999999632,1.9180000000000064,-7.215000000000003,-3.140999999999991,-5.838,10000.0,5810.0,14302.0,2342.0,-3.7600000000000025,-0.7188776089332649,29.63690392952035,shoulder,-7.16900000000004,-7.966,-3.7600000000000025,2.2320000000000393,-3.797395982297676,-3.797395982297676,2.2693959822977128,0.40297676778217717,5.631580189566659,Normal,Backwardation,0.23640000000000327,all-draw,0.013899049012435993,0.012693541637606387,0.014637037470640157,0.015876121530592258,0.13580000000000325,0.0274999999999892,-0.767799999999994,-0.47939999999996985,-0.6084697986577083
2021-09-10,2021-09-15,417.445,35.316,620.773,218.142,131.897,82.1,-6.4220000000000255,-1.1030000000000015,-1.8569999999999993,-1.6890000000000214,-8.05,10100.0,5761.0,14387.0,2624.0,-0.2711999999999989,-0.8803001582136069,29.015430597066796,shoulder,-1.5279999999999632,-5.838,-0.2711999999999989,-6.150800000000027,-0.9927337330376582,-0.9927337330376582,-5.429266266962367,-0.9655968219968034,5.622705194632818,Low,Backwardation,0.22470000000001278,all-draw,0.030513766676128373,0.02527173913043468,0.032411946763068133,0.020760263174262272,-0.7454999999999927,0.05709999999997706,-0.7087000000000039,-0.43710000000000093,0.2707744966443073
2021-09-17,2021-09-22,413.964,33.84,619.569,221.616,129.343,87.5,-3.4809999999999945,-1.475999999999999,3.474000000000018,-2.554000000000002,-7.6370000000000005,10600.0,6465.0,15347.0,2809.0,-1.0841999999999985,-1.0016675462105455,26.973610477617775,shoulder,-6.4220000000000255,-8.05,-1.0841999999999985,-2.3967999999999963,-2.6789308371530374,-2.6789308371530374,-0.8020691628469572,-0.14270873493742078,5.620322842877646,Low,Backwardation,0.07290000000000418,mixed,0.023667800453514687,0.02461000537923619,0.02151228878321243,0.015742128935532174,-0.3399000000000001,0.2732000000000028,-0.6185000000000045,-0.39450000000000784,0.45710067114093533
2021-09-24,2021-09-29,418.54200000000003,33.971000000000004,618.689,221.809,129.727,88.1,4.578000000000031,0.13100000000000023,0.19299999999998363,0.38400000000001455,-5.481,11100.0,6552.0,15415.0,3020.0,0.238799999999992,-0.9968251122169637,27.151605578981513,shoulder,-3.4809999999999945,-7.6370000000000005,0.238799999999992,4.339200000000039,-1.4484341932117708,-1.4484341932117708,6.026434193211802,1.074425645213648,5.60898208271402,Low,Backwardation,0.3848000000000127,all-build,-0.006109709124717866,-0.005689720571500856,-0.0029903042460716067,0.0033891802020717954,0.48860000000000525,-0.04760000000001696,1.4345999999999997,1.5550000000000068,1.0820201342281877
2021-10-01,2021-10-06,420.887,35.519,617.77,225.065,129.331,89.6,2.3449999999999704,1.5479999999999947,3.2560000000000002,-0.396000000000015,3.339,11300.0,7035.0,15744.0,2114.0,0.7384000000000128,-1.0311403291246024,26.73316819105691,heating,4.578000000000031,-5.481,0.7384000000000128,1.6065999999999576,0.9533502542254568,0.9533502542254568,1.3916497457745136,0.24794947308103582,5.612634414914401,Low,Backwardation,0.3656000000000006,mixed,-0.019004180919802383,-0.01792635658914732,-0.02778142335784839,-0.020598441218683594,0.5007999999999981,-0.021199999999993224,-0.11550000000001504,-0.5747000000000071,-0.7058234899328824
2021-10-08,2021-10-13,426.975,33.551,616.97,223.107,129.30700000000002,86.7,6.088000000000022,-1.9679999999999964,-1.9579999999999984,-0.023999999999972488,-1.2670000000000001,11400.0,5994.0,15061.0,2514.0,2.214400000000012,-1.0406259539199199,28.349711174556806,heating,2.3449999999999704,3.339,2.214400000000012,3.8736000000000104,1.3177887965086568,1.3177887965086568,4.770211203491366,0.8514411012889992,5.60251460291232,Low,Backwardation,0.7463999999999942,mixed,-0.0024801587301587213,-0.0028770079117717007,-0.00022842472598338937,0.0004981394790541938,0.059899999999998954,-0.10039999999999338,0.9423999999999992,0.8919999999999959,-0.11555369127516713
2021-10-15,2021-10-20,426.544,31.231,615.2760000000001,217.739,125.394,84.7,-0.43100000000004,-2.3200000000000003,-5.367999999999995,-3.913000000000011,-6.4750000000000005,11300.0,5825.0,14990.0,3060.0,-0.14920000000000755,-1.1610903683872322,28.455236824549697,heating,6.088000000000022,-1.2670000000000001,-0.14920000000000755,-0.28180000000003247,1.2704984340233323,1.2704984340233323,-1.7014984340233723,-0.30379383402696475,5.600832681391246,Low,Backwardation,0.5845000000000056,all-draw,0.010969141755062806,0.008697696285848489,0.008318260084184681,0.009217607934381533,0.09550000000001546,-0.09000000000001762,0.6859000000000215,0.6719000000000079,-0.07623892617451133
2021-10-22,2021-10-27,430.812,27.332,614.186,215.746,124.962,85.1,4.268000000000029,-3.899000000000001,-1.992999999999995,-0.43200000000000216,-1.967,11300.0,6254.0,15048.0,2787.0,2.0501999999999954,-1.093065572526886,28.629186602870814,heating,-0.43100000000004,-6.4750000000000005,2.0501999999999954,2.2178000000000337,0.07339384632595147,0.07339384632595147,4.194606153674077,0.7503391674965679,5.5902801498007415,Low,Backwardation,1.2837999999999994,mixed,-0.023508564678086374,-0.021064814814814925,-0.030069153023228323,-0.0228036471906069,0.5792000000000002,-0.1355999999999966,-0.28150000000001185,-0.2954999999999899,-0.5990167785234917
2021-10-29,2021-11-03,434.10200000000003,26.416,612.541,214.258,127.122,86.3,3.2900000000000205,-0.9160000000000004,-1.4879999999999995,2.1599999999999966,-1.932,11500.0,6172.0,15023.0,2925.0,4.474200000000008,-1.2951975995609994,28.895826399520736,heating,4.268000000000029,-1.967,4.474200000000008,-1.1841999999999873,2.400962449963807,2.400962449963807,0.8890375500362135,0.15913702053206674,5.586616785106071,Low,Backwardation,1.4350999999999914,mixed,-0.03634846859730656,-0.03222379603399439,-0.04361494158616974,-0.03311715635348744,0.8571999999999917,-0.2417999999999978,-0.6561000000000163,0.11950000000000216,0.03597919463088317
2021-11-05,2021-11-10,435.104,26.382,609.396,212.703,124.509,86.7,1.0019999999999527,-0.03399999999999892,-1.5550000000000068,-2.6129999999999995,-5.6770000000000005,11500.0,6108.0,15366.0,3053.0,4.210399999999993,-1.571255454818492,28.316022387088378,heating,3.2900000000000205,-1.932,4.210399999999993,-3.20840000000004,2.0669831426133776,2.0669831426133776,-1.0649831426134249,-0.19098978560562654,5.576126174687169,Low,Backwardation,1.6637999999999948,mixed,-0.033392751039809876,-0.025241802311866013,-0.029082065682543567,-0.029223637110498135,-0.046899999999993724,-0.290300000000002,-0.4856999999999978,0.208699999999979,-0.6534228187919524
2021-11-12,2021-11-17,433.003,26.598,606.147,211.996,123.685,87.9,-2.100999999999999,0.21599999999999753,-0.7069999999999936,-0.8239999999999981,-10.024000000000001,11400.0,6191.0,15397.0,3626.0,2.08359999999999,-1.7713672420734539,28.122556342144573,heating,1.0019999999999527,-5.6770000000000005,2.08359999999999,-4.184599999999989,0.5323013156663995,0.5323013156663995,-2.6333013156663987,-0.47316341019082087,5.565310543781104,Low,Backwardation,1.0400000000000063,all-draw,-0.029717682020802494,-0.026082736867645395,-0.0388445944443484,-0.025008509189925143,1.0871000000000066,-0.2775000000000176,0.16660000000000608,0.04059999999999775,-0.3337469798657793
2021-11-19,2021-11-24,434.02,27.385,604.505,211.393,121.717,88.6,1.016999999999996,0.7870000000000026,-0.6030000000000086,-1.9680000000000035,-2.1630000000000003,11500.0,6436.0,15640.0,2605.0,-0.05779999999999745,-1.812980689297592,27.750639386189256,heating,-2.100999999999999,-10.024000000000001,-0.05779999999999745,1.0747999999999933,-1.2633996105132779,-1.2633996105132779,2.280399610513274,0.41042510335651566,5.556189404263621,Normal,Backwardation,0.6073999999999984,mixed,-0.0014012738853502738,-0.0007289515247236311,-0.006150959397320244,0.00038572313353202325,0.5161999999999978,-0.007000000000005002,-0.027900000000009584,0.41729999999998313,-0.07014295302013807
2021-11-26,2021-12-01,433.111,28.544,602.556,215.422,123.87700000000001,88.8,-0.9089999999999918,1.158999999999999,4.028999999999996,2.160000000000011,-0.917,11600.0,6604.0,15631.0,2704.0,-3.870399999999995,-1.4445147876899216,27.70846394984326,heating,1.016999999999996,-2.1630000000000003,-3.870399999999995,2.9614000000000034,-1.3887329664338572,-1.3887329664338572,0.4797329664338654,0.08647255393263747,5.547806149076846,High,Backwardation,0.3141999999999996,mixed,-0.009217286189181273,-0.024089556468754214,0.01106800547695097,-0.019217081850533724,-2.0774999999999864,-0.011700000000004707,-0.9850999999999885,0.9357000000000113,0.658724832214773
2021-12-03,2021-12-08,432.87,30.917,600.867,219.304,126.61,89.8,-0.24099999999998545,2.373000000000001,3.882000000000005,2.73299999999999,1.008,11700.0,6499.0,15785.0,2270.0,1.4593999999999938,-1.2455045378388865,27.422869813113717,heating,-0.9089999999999918,-0.917,1.4593999999999938,-1.7003999999999793,0.04266219472806118,0.04266219472806118,-0.28366219472804666,-0.05122795714064895,5.537253690387024,High,Backwardation,0.2676000000000016,mixed,0.0043025676613464015,0.005037115588547136,0.0058094553894614265,0.008232091880767456,0.19950000000001467,-0.04279999999999973,1.4261000000000195,1.0453000000000117,0.40750335570469076
2021-12-10,2021-12-15,428.286,32.211,598.917,218.585,123.758,89.8,-4.584000000000003,1.293999999999997,-0.7189999999999941,-2.852000000000004,-8.008000000000001,11700.0,6471.0,15670.0,3645.0,-2.755000000000007,-1.3168976969592063,27.331589023611997,heating,-0.24099999999998545,1.008,-2.755000000000007,-1.8289999999999962,-1.169645384534525,-1.169645384534525,-3.414354615465478,-0.6178133880541626,5.5265144483501345,High,Backwardation,0.20080000000000098,all-draw,0.0019793581224374357,0.002442333785617201,-0.0005291050323135149,0.015998667005378442,1.2086999999999932,-0.004599999999996385,0.5118999999999971,0.05829999999998847,-0.3705006711409453
2021-12-17,2021-12-22,423.571,33.674,596.381,224.118,124.154,89.6,-4.714999999999975,1.463000000000001,5.532999999999987,0.3960000000000008,-6.321,11600.0,6194.0,15818.0,2879.0,-1.6869999999999892,-1.3375179258399057,26.777784802124163,heating,-4.584000000000003,-8.008000000000001,-1.6869999999999892,-3.027999999999986,-2.365023922212902,-2.365023922212902,-2.349976077787073,-0.4257914498222761,5.519077658247823,Normal,Backwardation,0.3276000000000039,mixed,0.02305961754780661,0.017707488510408265,0.017790522388688057,0.02176657430560236,0.3429000000000002,0.09080000000000155,-0.30569999999999453,0.29070000000000107,0.39202953020134146
2021-12-24,2021-12-29,419.995,34.729,595.028,222.659,122.428,89.7,-3.576000000000022,1.0549999999999997,-1.4590000000000032,-1.725999999999999,-0.511,11800.0,6759.0,15703.0,2929.0,-4.865200000000004,-1.211081482927353,26.746163153537537,heating,-4.714999999999975,-6.321,-4.865200000000004,1.2891999999999824,-3.470558465028215,-3.470558465028215,-0.10544153497180675,-0.019137058906812297,5.509808768696025,Normal,Backwardation,0.384200000000007,all-draw,0.007633587786259444,0.0036736762097797637,0.006783978442842731,0.0014566872430583633,-0.4002999999999872,0.000699999999980605,0.30619999999997916,-0.11660000000000537,-0.11194429530202399
2021-12-31,2022-01-05,417.851,37.306,593.682,232.787,126.846,89.8,-2.1440000000000055,2.576999999999998,10.128000000000014,4.418000000000006,-5.159,11800.0,5884.0,15867.0,2554.0,,,26.33459381105439,heating,-3.576000000000022,-0.511,,,,,,,5.499270296433453,Normal,Backwardation,0.26250000000000284,mixed,0.011170281854786301,0.010000000000000009,0.014051828667958732,0.0006697639612112116,-1.0309999999999917,0.12630000000000052,0.060500000000008214,1.023699999999991,0.5487966442953081
2022-01-07,2022-01-12,413.298,34.838,593.3820000000001,240.74800000000002,129.383,88.4,-4.552999999999997,-2.4679999999999964,7.961000000000013,2.537000000000006,1.687,11700.0,6069.0,15573.0,1955.0,-1.875400000000002,-1.408571836484632,26.539395106915816,heating,-2.1440000000000055,-5.159,-1.875400000000002,-2.6775999999999955,-1.682320915180331,-1.682320915180331,-2.8706790848196664,-0.5220109087348267,5.499270296433453,Normal,Backwardation,0.5379999999999967,mixed,0.017483378478207356,0.011347348303870186,0.020554940216144457,0.012518892950690974,-0.6178999999999917,0.10650000000001114,-0.19370000000001397,-0.05370000000002051,-0.11388859060403433
2022-01-14,2022-01-19,413.813,33.524,592.034,246.621,127.952,88.1,0.5149999999999864,-1.314,5.8729999999999905,-1.4310000000000116,2.674,11700.0,6745.0,15453.0,2610.0,-2.5987999999999944,-1.2037669904661046,26.77881317543519,heating,-4.552999999999997,1.687,-2.5987999999999944,3.113799999999981,-2.2780712432673447,-2.2780712432673447,2.793071243267331,0.5086718860402389,5.490909405294679,Low,Backwardation,0.5955999999999904,mixed,0.017909399508369228,0.010627356873500027,0.016554443746307435,-0.01000090332196657,-2.2978999999999985,0.41800000000000637,-0.5316000000000045,-0.8871999999999929,-0.3438570469798492
2022-01-21,2022-01-26,416.19,31.701,590.782,247.918,125.154,87.7,2.3770000000000095,-1.8230000000000004,1.296999999999997,-2.798000000000002,-3.1990000000000003,11600.0,6236.0,15497.0,2796.0,2.7371999999999956,-1.1572245790247664,26.85616570949216,heating,0.5149999999999864,2.674,2.7371999999999956,-0.3601999999999861,1.035099564503334,1.035099564503334,1.3419004354966755,0.24469529046889787,5.483965109934302,Low,Backwardation,1.164900000000003,mixed,0.0204439252336448,0.01995464852607709,0.023401479618293086,0.01978762067007378,-0.2523999999999944,0.2522999999999911,0.7311000000000085,0.8571000000000026,0.7693107382550295
2022-01-28,2022-02-02,415.14300000000003,30.528000000000002,588.912,250.037,122.744,86.7,-1.0469999999999686,-1.1729999999999983,2.1189999999999998,-2.4099999999999966,6.727,11500.0,7085.0,15248.0,2376.0,1.5597999999999956,-1.3538932226017244,27.226062434417628,heating,2.3770000000000095,-3.1990000000000003,1.5597999999999956,-2.6067999999999643,0.7908135991072966,0.7908135991072966,-1.8378135991072653,-0.33569880634611937,5.474590806892543,Low,Backwardation,1.7028999999999996,mixed,0.0006802721088434716,0.003476895468820018,0.004565114019780436,-0.00026871487112867243,-0.4252999999999929,-0.12869999999999493,0.8334999999999937,0.6318999999999875,0.2840671140939577
2022-02-04,2022-02-09,410.387,27.727,587.515,248.393,121.81400000000001,88.2,-4.756000000000029,-2.801000000000002,-1.6440000000000055,-0.9299999999999926,-4.816,11600.0,6389.0,15577.0,3100.0,3.869799999999998,-1.494047303624426,26.34570199653335,heating,-1.0469999999999686,6.727,3.869799999999998,-8.625800000000027,1.278321999423646,1.278321999423646,-6.034321999423675,-1.1041781975264964,5.464989267983506,Low,Backwardation,1.487099999999998,all-draw,0.003357206803939139,0.008482044503194563,-0.0023457705956653196,0.005305068837758498,0.6950000000000074,-0.3208000000000055,1.504200000000008,1.7142000000000053,0.7231570469798498
2022-02-11,2022-02-16,411.508,25.827,584.828,247.061,120.262,85.3,1.120999999999981,-1.8999999999999986,-1.3319999999999936,-1.5520000000000067,1.5190000000000001,11600.0,5790.0,14902.0,2271.0,3.1630000000000225,-1.5070115632728582,27.614279962421147,heating,-4.756000000000029,-4.816,3.1630000000000225,-2.0420000000000416,-0.6146044010237005,-0.6146044010237005,1.7356044010236813,0.3175461370777172,5.465676317135938,Low,Backwardation,1.8323999999999927,mixed,0.01726946888237224,0.016402229845626115,0.02132110027809664,-0.015856009597649323,-3.4410000000000025,0.025400000000004752,-1.4065000000000154,-0.9753000000000185,-1.0865093959731524
2022-02-18,2022-02-23,416.022,23.778000000000002,582.384,246.479,119.678,87.4,4.51400000000001,-2.0489999999999995,-0.5819999999999936,-0.5840000000000032,3.472,11600.0,6828.0,15246.0,2686.0,-0.8444000000000301,-1.3364844262628197,27.28728846910665,heating,1.120999999999981,1.5190000000000001,-0.8444000000000301,5.3584000000000405,-0.18495384203254508,-0.18495384203254508,4.698953842032555,0.8610887986003914,5.456991020752106,Normal,Backwardation,0.4067000000000007,mixed,-0.002707092582566295,0.0,-0.00330086580086586,0.00995809839118511,1.2675000000000125,1.0211999999999932,0.7166000000000281,0.3218000000000103,0.007674496644284545
2022-02-25,2022-03-02,413.425,22.806,580.02,246.011,119.104,87.7,-2.59699999999998,-0.9720000000000013,-0.46800000000001774,-0.5739999999999981,-12.789,11600.0,5767.0,15398.0,3796.0,-0.4779999999999859,-1.3875577350658648,26.84926613845954,heating,4.51400000000001,3.472,-0.4779999999999859,-2.118999999999994,0.9552473318320425,0.9552473318320425,-3.5522473318320227,-0.6511148804350243,5.455638380524628,Normal,Backwardation,3.3785000000000025,all-draw,0.06952905908519491,0.07583118986377069,0.05694446178776191,0.06510214186251106,1.0799000000000092,0.4364999999999952,4.147500000000019,5.852700000000013,8.404296644295286
2022-03-04,2022-03-09,411.562,22.221,577.496,244.606,113.87400000000001,89.3,-1.8629999999999995,-0.5850000000000009,-1.4050000000000011,-5.22999999999999,0.84,11600.0,6319.0,15377.0,2422.0,8.006600000000015,-1.5441935728929155,26.764778565389868,heating,-2.59699999999998,-12.789,8.006600000000015,-9.869600000000014,1.3449550640804875,1.3449550640804875,-3.207955064080487,-0.5887318298030884,5.448924113978079,Normal,Backwardation,4.196700000000007,all-draw,-0.12126111560226349,-0.13158305985310204,-0.13372466410465977,-0.13017373244569563,-0.038100000000014234,-0.2546999999999997,-7.033000000000001,-22.046599999999998,-40.227855704698
2022-03-11,2022-03-16,415.907,24.007,575.513,240.991,114.206,90.4,4.34499999999997,1.7860000000000014,-3.6149999999999807,0.33199999999999363,-3.794,11600.0,6395.0,15601.0,2936.0,4.4769999999999985,-1.5499573093902506,26.658996218191138,heating,-1.8629999999999995,0.84,4.4769999999999985,-0.1320000000000281,0.8581029319873196,0.8581029319873196,3.486897068012651,0.6407938710728669,5.441526870684042,High,Backwardation,1.5800000000000125,mixed,-0.014516798009124754,-0.018917025322790493,-0.005344976298698234,-0.007359233270580301,-0.216700000000003,-0.12330000000001462,1.869400000000006,5.4786,6.11757248322148
2022-03-18,2022-03-23,413.399,25.242,571.323,238.043,112.135,91.1,-2.5079999999999814,1.2349999999999994,-2.9480000000000075,-2.070999999999998,-11.452,11600.0,6486.0,15878.0,3844.0,-0.5814000000000078,-1.4550146586980397,26.03596170802368,heating,4.34499999999997,-3.794,-0.5814000000000078,-1.9265999999999734,0.48903157546761156,0.48903157546761156,-2.997031575467593,-0.5512718436377851,5.436576545775485,High,Backwardation,2.041700000000006,all-draw,0.02836435218324973,0.052996189816418404,0.02447030389831273,0.06036529999301532,4.180300000000003,0.883899999999997,3.564899999999966,7.090100000000007,3.059154362416095
2022-03-25,2022-03-30,409.95,24.233,568.322,238.828,113.53,92.1,-3.4490000000000123,-1.0090000000000003,0.7849999999999966,1.394999999999996,-6.594,11700.0,6259.0,15913.0,2988.0,1.7689999999999941,-1.6020649380752165,25.76195563375856,heating,-2.5079999999999814,-11.452,1.7689999999999941,-5.218000000000006,-0.8729709867118627,-0.8729709867118627,-2.5760290132881494,-0.47450445392586477,5.42888268376638,High,Backwardation,2.199299999999994,mixed,0.03434382194934771,0.02921164837158674,0.02087233941240907,0.0132482318750895,-0.7188000000000017,-9.99999999891088e-05,1.5000999999999962,-1.3391000000000162,-0.2916919463087311
2022-04-01,2022-04-06,412.371,25.887,564.58,236.787,114.301,92.5,2.4209999999999923,1.654,-2.040999999999997,0.7710000000000008,-10.787,11800.0,6300.0,15948.0,3693.0,3.428800000000001,-1.6472706081641855,25.857223476297968,driving,-3.4490000000000123,-6.594,3.428800000000001,-1.007800000000009,-0.27282644370114917,-0.27282644370114917,2.693826443701141,0.4969665734558725,5.420538498129666,High,Backwardation,1.2567000000000093,mixed,-0.056198509219301584,-0.05223180795198812,-0.030878978349795472,-0.036472785763448146,-0.7575000000000074,-0.36950000000000216,-1.1147999999999811,0.4363999999999919,1.2853859060402755
2022-04-08,2022-04-13,421.753,26.337,560.681,233.139,111.399,90.0,9.382000000000005,0.4499999999999993,-3.647999999999996,-2.902000000000001,0.644,11800.0,5995.0,15523.0,2180.0,3.9648000000000136,-1.6361532498211258,27.169554854087483,driving,2.4209999999999923,-10.787,3.9648000000000136,5.417199999999991,1.1191606373011393,1.1191606373011393,8.262839362698866,1.5262406992815285,5.413850755381221,High,Backwardation,0.45929999999999893,mixed,0.03628230616302197,0.039564220183486265,0.036589257012443976,0.03753800695801357,0.25730000000000075,0.03249999999999886,3.820200000000014,7.272599999999997,-2.8253201342281784
2022-04-15,2022-04-20,413.733,26.152,555.98,232.37800000000001,108.735,91.0,-8.019999999999982,-0.18499999999999872,-0.7609999999999957,-2.6640000000000015,-15.75,11900.0,5837.0,15717.0,4270.0,1.9713999999999714,-1.8579875675652646,26.32391677801107,driving,9.382000000000005,0.644,1.9713999999999714,-9.991399999999953,2.987139763361468,2.987139763361468,-11.00713976336145,-2.027461607387343,5.42902500508783,Normal,Backwardation,0.4013999999999953,all-draw,0.001852574102964022,-0.004195804195804231,0.004680187207488418,-0.0023243921714471982,-0.730000000000004,0.0566000000000173,2.114200000000004,4.160999999999987,2.850671140939596
2022-04-22,2022-04-27,414.42400000000004,27.45,553.07,230.805,107.286,90.3,0.6910000000000309,1.2979999999999983,-1.5730000000000075,-1.448999999999998,-10.997,11900.0,5934.0,15684.0,3721.0,3.9248000000000047,-1.9524580894917978,26.423361387401172,driving,-8.019999999999982,-15.75,3.9248000000000047,-3.233799999999974,-1.6021523365722508,-1.6021523365722508,2.2931523365722817,0.4202347206886198,5.456836914414391,Normal,Backwardation,1.2508999999999872,mixed,0.0031465093411995326,0.003143156491094423,0.0003134550583812068,-0.0021927018010869936,-0.2633000000000152,0.14910000000001844,7.225599999999986,11.895999999999987,2.4684409395973432
2022-04-29,2022-05-04,415.72700000000003,28.829,549.985,228.57500000000002,104.94200000000001,88.4,1.3029999999999973,1.3790000000000013,-2.2299999999999898,-2.343999999999994,-5.656,11900.0,6332.0,15466.0,3574.0,4.8606000000000105,-2.1471782128942345,26.880059485322644,driving,0.6910000000000309,-10.997,4.8606000000000105,-3.557600000000013,1.124853180681944,1.124853180681944,0.17814681931805332,0.03269131173298829,5.44936283906553,Normal,Backwardation,1.5349999999999966,mixed,0.05272922566155658,0.04925216728589121,0.04901642530858208,0.03966541891081765,-0.8418000000000063,0.07330000000000325,1.1307000000000258,0.7862999999999971,-2.7998489932885917
2022-05-06,2022-05-11,424.214,28.242,542.994,224.96800000000002,104.029,90.0,8.486999999999966,-0.5869999999999997,-3.6069999999999993,-0.9130000000000109,-3.5420000000000003,11800.0,6269.0,15696.0,2879.0,-2.9614000000000145,-1.7628088136241382,27.026885830784913,driving,1.3029999999999973,-5.656,-2.9614000000000145,11.448399999999982,-1.2867438568660476,-1.2867438568660476,9.773743856866014,1.796757235779263,5.439657435205536,Normal,Backwardation,1.330699999999993,mixed,0.059643143544506616,0.04928752683974236,0.05614311103341785,0.0585224196485703,0.35670000000000357,0.3593000000000046,-1.5940999999999903,-5.701699999999988,-7.729120805369135
2022-05-13,2022-05-18,420.82,25.839000000000002,537.984,220.189,105.264,91.8,-3.3940000000000055,-2.4029999999999987,-4.779000000000025,1.2349999999999994,-6.909,11900.0,6568.0,15935.0,3520.0,0.22060000000002447,-1.8961375891309014,26.40853467210543,driving,8.486999999999966,-3.5420000000000003,0.22060000000002447,-3.61460000000003,1.8567341721061021,1.8567341721061021,-5.250734172106108,-0.961018220563813,5.463719687880206,Normal,Backwardation,2.793700000000001,mixed,-0.025000000000000022,-0.0251943178772448,-0.025873596006418254,-0.031122539457350662,-0.6075000000000017,-0.4462000000000046,-5.048099999999977,-2.376899999999978,-1.436308724832216
2022-05-20,2022-05-25,419.801,24.778000000000002,532.013,219.707,106.921,93.2,-1.0190000000000055,-1.061,-0.4819999999999993,1.6570000000000107,-15.568,11900.0,6486.0,16269.0,4341.0,0.484800000000007,-2.202754535176173,25.803737168848727,driving,-3.3940000000000055,-6.909,0.484800000000007,-1.5038000000000125,-1.2058238845007334,-1.2058238845007334,0.18682388450072795,0.034205581979764026,5.461795230125092,Normal,Backwardation,2.588300000000004,mixed,0.0051015760225927576,0.004138781261007418,0.006189771849204551,0.00609244085390892,0.01120000000001653,0.05999999999998806,1.128499999999974,3.0101000000000084,4.726563087248337
2022-05-27,2022-06-01,414.733,25.034,526.592,218.996,106.392,92.6,-5.067999999999984,0.2559999999999967,-0.7109999999999843,-0.5290000000000106,-13.335,11900.0,6218.0,16033.0,3990.0,-0.8128000000000156,-2.1792826185452046,25.86746086197218,driving,-1.0190000000000055,-15.568,-0.8128000000000156,-4.255199999999968,-1.537540011172734,-1.537540011172734,-3.53045998882725,-0.6475333838630136,5.45216675589057,Normal,Backwardation,2.7643000000000058,all-draw,0.005145199267463152,-0.05332139368283939,-0.0020256255084685204,-0.057919765882209484,-6.8917,-0.165300000000002,0.8451000000000235,2.8079000000000036,12.818503355704706
2022-06-03,2022-06-08,416.758,23.441,519.323,218.184,108.98400000000001,94.2,2.0249999999999773,-1.593,-0.8120000000000118,2.592000000000013,-3.955,11900.0,6154.0,16387.0,2232.0,0.9963999999999942,-2.2085998315907465,25.432232867516934,driving,-5.067999999999984,-13.335,0.9963999999999942,1.028599999999983,-1.818400714783838,-1.818400714783838,3.843400714783815,0.7057616299670699,5.445749034221574,Low,Backwardation,2.3134000000000015,mixed,0.02261117159366899,0.024964750767189292,0.021485771753636307,0.024287650738173516,0.355899999999977,0.027000000000001023,-0.8336000000000325,-2.7319999999999993,-1.6720154362416082
2022-06-10,2022-06-15,418.714,22.615000000000002,511.612,217.47400000000002,109.709,93.7,1.9560000000000173,-0.825999999999997,-0.7099999999999795,0.7249999999999943,-7.42,12000.0,6985.0,16320.0,3725.0,-0.6237999999999829,-1.953096490118948,25.656495098039215,driving,2.0249999999999773,-3.955,-0.6237999999999829,2.5798,-0.1797195276833606,-0.1797195276833606,2.135719527683378,0.3924602720034502,5.441874452109135,Low,Backwardation,2.5438999999999936,mixed,-0.03043807281594224,-0.021952628538417063,-0.022509396511676938,-0.016731066748141732,0.6415999999999968,-0.19789999999998997,1.6962000000000188,8.125,6.379104697986591
2022-06-17,2022-06-22,418.32800000000003,22.043,504.818,218.963,109.842,94.0,-0.38599999999996726,-0.5720000000000027,1.488999999999976,0.13299999999999557,-11.263,12000.0,6226.0,16263.0,3572.0,-3.5222000000000095,-1.7407039436173326,25.722683391748138,driving,1.9560000000000173,-7.42,-3.5222000000000095,3.1362000000000423,-1.3936005163390508,-1.3936005163390508,1.0076005163390835,0.18541516749515166,5.434293914306826,Normal,Backwardation,1.1903999999999968,mixed,-0.04030727519204702,-0.02538159616223301,-0.04694751114920792,-0.04053688935372812,0.5357000000000056,1.013600000000011,5.862900000000003,3.8889000000000067,4.130865771812083
2022-06-24,2022-06-29,415.56600000000003,21.261,497.868,221.608,112.401,95.0,-2.7620000000000005,-0.782,2.6450000000000102,2.5589999999999975,-13.636000000000001,12100.0,5998.0,16666.0,3380.0,-5.746600000000001,-1.4880411914538114,24.934957398295932,driving,-0.38599999999996726,-11.263,-5.746600000000001,2.9846000000000004,-2.9108858843278456,-2.9108858843278456,0.1488858843278451,0.027442655642901773,5.425345355246457,Normal,Backwardation,2.889700000000005,mixed,-0.017716535433070946,-0.014578742159688018,-0.021947404657175817,-0.021583220568335504,-0.10060000000000002,-0.11180000000000234,-3.2535999999999703,-5.583200000000019,-2.750013422818796
2022-07-01,2022-07-06,423.8,21.330000000000002,492.028,219.112,111.135,94.5,8.23399999999998,0.06900000000000261,-2.4960000000000093,-1.2659999999999911,-0.777,12100.0,6839.0,16438.0,2612.0,-4.010400000000004,-1.2789435431873382,25.7817252707142,driving,-2.7620000000000005,-13.636000000000001,-4.010400000000004,12.244399999999985,-2.9765332407960496,-2.9765332407960496,11.21053324079603,2.069918175869881,5.415930625414609,High,Backwardation,2.907499999999999,mixed,-0.009748743718592912,-0.020239369465797408,-0.008816658712416103,-0.04781710334775047,-4.135099999999994,0.708200000000005,-4.103700000000018,-6.304500000000019,-7.2469033557046885
2022-07-08,2022-07-13,427.05400000000003,21.646,485.147,224.937,113.803,94.9,3.254000000000019,0.31599999999999895,5.825000000000017,2.667999999999992,-6.923,12000.0,6675.0,16640.0,3024.0,-6.1815999999999915,-0.9191936789331758,25.664302884615385,driving,8.23399999999998,-0.777,-6.1815999999999915,9.435600000000012,-0.25076058250629546,-0.25076058250629546,3.5047605825063144,0.6431716425478824,5.449183935756922,High,Backwardation,2.540299999999988,all-build,0.004799666110183676,0.0008041009146648737,0.0012573383933451865,0.006384716201230045,0.5130000000000052,-0.06459999999999866,-0.5221000000000231,1.2698999999999927,-7.965514765100679
2022-07-15,2022-07-20,426.60900000000004,22.789,480.149,228.435,112.508,93.7,-0.4449999999999932,1.1430000000000007,3.4979999999999905,-1.2950000000000017,-11.613,11900.0,6519.0,16319.0,3759.0,-3.4792000000000143,-0.9215711109917711,26.141859182547954,driving,3.254000000000019,-6.923,-3.4792000000000143,3.034200000000021,-0.7019730738074569,-0.7019730738074569,0.2569730738074637,0.047200171160568336,5.444325041391852,High,Backwardation,3.365300000000005,mixed,-0.01880637113797734,-0.004005589194224446,-0.01257670481869766,-0.005219741809199818,0.7475999999999914,-0.14090000000000202,-0.25900000000001455,-0.6957999999999771,-0.5719865771812067
2022-07-22,2022-07-27,422.086,23.54,474.545,225.131,111.724,92.2,-4.523000000000025,0.7509999999999977,-3.304000000000002,-0.7839999999999918,-16.177,12100.0,6164.0,16027.0,4548.0,-3.4381999999999833,-0.8882158757965158,26.335933112872027,driving,-0.4449999999999932,-11.613,-3.4381999999999833,-1.0848000000000413,-1.780054376423357,-1.780054376423357,-2.7429456235766674,-0.5046825024712145,5.4349925153846925,Normal,Backwardation,2.137299999999996,all-draw,0.024005053695514755,0.021264367816091978,0.03387794253753418,0.02616961034170706,-0.4788999999999959,-0.09850000000000136,0.967099999999995,3.1371000000000038,2.0376818791946363
2022-07-29,2022-08-03,426.553,24.466,469.855,225.294,109.324,91.0,4.4669999999999845,0.9260000000000019,0.16300000000001091,-2.4000000000000057,0.539,12100.0,7342.0,15853.0,3512.0,-4.183999999999992,-0.753106263411871,26.906768434996533,driving,-4.523000000000025,-16.177,-4.183999999999992,8.650999999999977,-3.2829770708742796,-3.2829770708742796,7.749977070874264,1.4279034086074236,5.427521934717211,Normal,Backwardation,1.2162000000000006,mixed,-0.03982207159500106,-0.03739805052715339,-0.03811369714637913,-0.028695804458232166,0.725200000000001,-0.3067999999999955,0.024099999999975807,5.024899999999988,4.828197986577166
2022-08-05,2022-08-10,432.01,25.189,464.558,220.316,111.49000000000001,94.3,5.456999999999994,0.722999999999999,-4.978000000000009,2.166000000000011,-2.24,12200.0,6171.0,16581.0,2110.0,-1.8326000000000136,-0.6285744953546112,26.054520234002773,driving,4.4669999999999845,0.539,-1.8326000000000136,7.289600000000007,0.39766228963161515,0.39766228963161515,5.0593377103683785,0.9302627543268104,5.4386114964148975,Normal,Backwardation,0.841399999999993,mixed,0.015801104972375857,0.011317620184819965,0.009459683205474967,0.005489952351356742,-0.3270000000000124,-0.12539999999999907,3.050399999999989,1.6167999999999836,1.9420402684563811
2022-08-12,2022-08-17,424.954,25.381,461.156,215.674,112.256,93.5,-7.055999999999983,0.19200000000000017,-4.641999999999996,0.7659999999999911,-22.337,12100.0,6132.0,16423.0,5000.0,-1.1039999999999963,-0.8795994162872426,25.875540400657613,driving,5.456999999999994,-2.24,-1.1039999999999963,-5.951999999999987,0.8903398900897685,0.8903398900897685,-7.946339890089751,-1.4612058823359402,5.438206885251807,Normal,Backwardation,0.44310000000000116,mixed,0.018259563157286385,0.014186701321204254,0.013297186986853005,0.0031821368858206966,-0.8556999999999988,-0.0028000000000076852,1.6282999999999674,4.347099999999983,4.335872483221479
2022-08-19,2022-08-24,421.672,25.807000000000002,453.065,215.647,111.59400000000001,93.8,-3.2819999999999823,0.42600000000000193,-0.027000000000015234,-0.6619999999999919,-15.827,12000.0,6171.0,16255.0,4177.0,-3.3520000000000096,-0.8489692114361507,25.941064287911416,driving,-7.055999999999983,-22.337,-3.3520000000000096,0.07000000000002737,-3.673964911517144,-3.673964911517144,0.39196491151716195,0.07195397477321844,5.4474393214904495,Normal,Backwardation,0.4806000000000097,all-draw,0.012267975250693564,0.009978048293753705,0.017621615848774308,0.015805233199576163,-0.06699999999999307,0.024399999999985766,-2.6999999999999886,6.313199999999981,6.063536912751687
2022-08-26,2022-08-31,418.346,25.284,449.998,214.475,111.706,92.7,-3.326000000000022,-0.5230000000000032,-1.171999999999997,0.11199999999999477,-15.043000000000001,12100.0,5956.0,16238.0,3967.0,-5.130799999999977,-0.8022603531535516,25.76339450671265,driving,-3.2819999999999823,-15.827,-5.130799999999977,1.8047999999999549,-3.1010790866518785,-3.1010790866518785,-0.22492091334814335,-0.04135863116784194,5.43830651540104,Normal,Backwardation,0.4876000000000005,mixed,-0.022806634657354885,-0.028395931930319307,-0.03278027685420615,-0.035238884893777356,-0.5063999999999993,-0.010900000000006571,-0.785499999999999,-0.956300000000013,-3.6355322147651066
2022-09-02,2022-09-07,427.19100000000003,24.783,442.471,214.808,111.801,90.9,8.845000000000027,-0.5009999999999977,0.3329999999999984,0.09499999999999886,-3.3810000000000002,12100.0,6779.0,15929.0,3433.0,-4.204800000000023,-0.43567951705885843,26.818444346788876,shoulder,-3.326000000000022,-15.043000000000001,-4.204800000000023,13.049800000000051,-2.7985702910648533,-2.7985702910648533,11.643570291064881,2.1446665034302397,5.429081991275487,Normal,Backwardation,0.3662999999999954,all-build,-0.056860036832412475,-0.05203059355811701,-0.05478802013577799,-0.05544053667343862,-0.404200000000003,-0.017300000000005866,1.599499999999999,4.396699999999996,4.339097315436234
2022-09-09,2022-09-14,429.633,24.648,434.057,213.04,116.02,91.5,2.4419999999999504,-0.13500000000000156,-1.7680000000000007,4.218999999999994,-11.515,12100.0,5792.0,16022.0,3515.0,-1.1629999999999996,-0.2985720777444979,26.815191611534136,shoulder,8.845000000000027,-3.3810000000000002,-1.1629999999999996,3.60499999999995,1.8235756898346638,1.8235756898346638,0.6184243101652867,0.11318481926796807,5.463845011769208,Normal,Backwardation,0.43670000000000186,mixed,0.013400526858321049,0.0099817537834066,0.0133847384053003,0.011191265103717374,-0.12499999999998579,0.02169999999999561,-2.3700999999999794,-8.471299999999985,-9.029921476510069
2022-09-16,2022-09-21,430.774,24.991,427.158,214.61,117.25,93.6,1.1410000000000196,0.34299999999999997,1.5700000000000216,1.230000000000004,-5.936,12100.0,6947.0,16355.0,3540.0,-1.4437999999999989,-0.22798586771157356,26.338978905533477,shoulder,2.4419999999999504,-11.515,-1.4437999999999989,2.584800000000018,-0.04919489220854161,-0.04919489220854161,1.1901948922085612,0.21818971253106545,5.454862552418017,Normal,Backwardation,0.5383000000000067,all-build,-0.017880402605091827,-0.00871772235709567,-0.01803075835248369,-0.009533207265302823,0.6633999999999958,-0.010000000000005116,2.0717999999999783,-0.09540000000001214,0.9572040268456306
2022-09-23,2022-09-28,430.559,25.683,422.583,212.18800000000002,114.35900000000001,90.6,-0.214999999999975,0.6920000000000002,-2.421999999999997,-2.890999999999991,-13.636000000000001,12000.0,6449.0,15751.0,4646.0,-0.5403999999999997,-0.22580290876715986,27.335343787696022,shoulder,1.1410000000000196,-5.936,-0.5403999999999997,0.32540000000002467,-0.08222878206713183,-0.08222878206713183,-0.13277121793284316,-0.02437813866800036,5.446323024945442,Normal,Backwardation,0.7099999999999937,all-draw,0.046496815286624305,0.03535412078358635,0.04624689312344654,0.040451980036382285,-0.15930000000000177,0.24039999999999395,1.7028999999999996,5.2420999999999935,4.3050402684563664
2022-09-30,2022-10-05,429.20300000000003,25.956,416.389,207.46,110.916,91.3,-1.3559999999999945,0.2729999999999997,-4.728000000000009,-3.443000000000012,-17.955000000000002,12000.0,5947.0,15961.0,4551.0,1.5307999999999993,-0.34300864064913755,26.890733663304307,shoulder,-0.214999999999975,-13.636000000000001,1.5307999999999993,-2.886799999999994,0.1646835401251342,0.1646835401251342,-1.5206835401251286,-0.2796808269627268,5.4372105397406845,Normal,Backwardation,1.0359999999999872,all-draw,0.01433194637078139,0.017102396514161233,0.018079141857609615,0.02148212147525741,0.41099999999998715,-0.12429999999997676,0.6610999999999763,6.322699999999983,7.597655704697985
2022-10-07,2022-10-12,439.082,25.647000000000002,408.699,209.482,106.063,89.9,9.878999999999962,-0.3089999999999975,2.0219999999999914,-4.852999999999994,-4.144,11900.0,6063.0,15683.0,2872.0,1.8026000000000066,-0.10478928479667904,27.997321940955175,heating,-1.3559999999999945,-17.955000000000002,1.8026000000000066,8.076399999999955,-0.12483224251564036,-0.12483224251564036,10.003832242515603,1.8427833227867803,5.428653558350604,Normal,Backwardation,1.361699999999999,mixed,-0.02327923894795747,-0.019514264503128653,-0.01534988305012508,-0.014576560251558845,-0.009699999999995157,-0.15170000000000528,1.345199999999977,1.0679999999999836,0.597285234899303
2022-10-14,2022-10-19,437.357,26.23,405.135,209.368,106.187,89.5,-1.724999999999966,0.5829999999999984,-0.11400000000000432,0.12399999999999523,-12.46,12000.0,5908.0,15550.0,4138.0,2.4620000000000117,-0.2877236296016399,28.125852090032154,heating,9.878999999999962,-4.144,2.4620000000000117,-4.186999999999978,3.511988468053487,3.511988468053487,-5.236988468053453,-0.9606450913640829,5.451533053291419,Normal,Backwardation,0.7932999999999879,mixed,0.032963052402801285,0.026435632566922163,0.029403917798341617,0.021704319343849088,-0.480000000000004,0.35010000000001185,-0.9851000000000028,-6.596299999999999,-7.251934899328859
2022-10-21,2022-10-26,439.945,26.897000000000002,401.718,207.89000000000001,106.357,88.9,2.5879999999999654,0.6670000000000016,-1.4779999999999802,0.1700000000000017,-16.695,12000.0,6180.0,15436.0,5129.0,0.8139999999999873,-0.23093897503971159,28.5012308888313,heating,-1.724999999999966,-12.46,0.8139999999999873,1.7739999999999783,-0.3559103444534263,-0.3559103444534263,2.943910344453392,0.5401475447184139,5.4501966605959336,Normal,Backwardation,1.0305000000000035,mixed,0.030356305672761374,0.023203592814371232,0.03701372055258756,0.03153560924065202,-0.20879999999999654,0.18199999999998795,-1.0286999999999864,4.599300000000028,2.840709395973164
2022-10-28,2022-11-02,436.83,28.164,399.79200000000003,206.633,106.784,90.6,-3.115000000000009,1.2669999999999995,-1.257000000000005,0.4270000000000067,-11.634,11900.0,6205.0,15842.0,3925.0,3.0144000000000006,-0.49021485060644876,27.57416992803939,heating,2.5879999999999654,-16.695,3.0144000000000006,-6.129400000000009,1.6609249963477322,1.6609249963477322,-4.775924996347741,-0.8772488033601776,5.444208049135245,Low,Backwardation,1.1855999999999938,mixed,0.018445173701482354,0.015953512942419312,0.01024749784882939,0.009507644010669836,-0.004400000000003956,-0.06479999999999109,2.7054999999999936,1.299900000000008,0.1433805369127299
2022-11-04,2022-11-09,440.755,27.241,396.219,205.733,106.263,92.1,3.9250000000000114,-0.9230000000000018,-0.9000000000000057,-0.5210000000000008,-7.392,12100.0,6454.0,16089.0,3521.0,2.2482000000000086,-0.5279482178222494,27.39480390328796,heating,-3.115000000000009,-11.634,2.2482000000000086,1.6768000000000027,-0.3547262121985765,-0.3547262121985765,4.279726212198588,0.7864903208412432,5.4415497543833995,Normal,Backwardation,0.9481000000000108,mixed,-0.034641772579012464,-0.02841862416107377,-0.035872537267661264,-0.02720452156676667,0.6193999999999988,-0.10800000000000409,-0.7428999999999988,-0.9025000000000176,-1.1894677852349105
2022-11-11,2022-11-16,435.355,25.617,392.119,207.94,107.383,92.9,-5.399999999999977,-1.6239999999999988,2.2069999999999936,1.1199999999999903,-16.485,12100.0,5559.0,16152.0,3862.0,3.9243999999999915,-1.0375881168083885,26.95362803368004,heating,3.9250000000000114,-7.392,3.9243999999999915,-9.324399999999969,2.129233957632757,2.129233957632757,-7.529233957632734,-1.384380385994923,5.438703143877355,Normal,Backwardation,0.5862999999999943,mixed,-0.015301426599171664,-0.010654165778819502,-0.02399405493469009,-0.009651274394795739,1.1937000000000069,0.013599999999996726,1.0375000000000014,-0.40449999999998454,-0.7560738255033641
2022-11-18,2022-11-23,431.665,24.73,390.51800000000003,210.998,109.101,93.9,-3.6899999999999977,-0.8870000000000005,3.0579999999999927,1.7180000000000035,-10.423,12100.0,7063.0,16410.0,4242.0,0.6085999999999899,-1.2629949028377367,26.304996953077392,heating,-5.399999999999977,-16.485,0.6085999999999899,-4.298599999999988,-1.5214106226050763,-1.5214106226050763,-2.1685893773949214,-0.39820711546275855,5.445883042232413,Normal,Backwardation,0.22469999999999857,mixed,-0.037183446571958045,-0.033386147578089664,-0.04569454025820441,-0.041980198019801906,-0.0006999999999948159,-0.3246999999999929,0.1869000000000156,-1.3054999999999808,0.9398657718120802
2022-11-25,2022-11-30,419.084,24.315,389.116,213.768,112.648,95.2,-12.581000000000017,-0.41499999999999915,2.7700000000000102,3.546999999999997,-24.143,12100.0,6037.0,16638.0,4948.0,0.39660000000000084,-2.047706842438599,25.188363986056014,heating,-3.6899999999999977,-10.423,0.39660000000000084,-12.977600000000018,-1.1314647293945155,-1.1314647293945155,-11.449535270605502,-2.1054171483236623,5.43813147894309,Normal,Backwardation,-0.06059999999999377,mixed,0.030051150895140655,0.028905214982536398,0.02414203828288275,0.035792868661530086,1.0952000000000055,-0.04430000000000689,1.1872000000000043,0.10640000000000782,0.3928617449664529
2022-12-02,2022-12-07,413.898,23.942,387.019,219.08700000000002,118.807,95.5,-5.185999999999979,-0.3730000000000011,5.319000000000017,6.159000000000006,-12.621,12200.0,6012.0,16585.0,3430.0,-3.8753999999999906,-2.0181550186221524,24.95616520952668,heating,-12.581000000000017,-24.143,-3.8753999999999906,-1.310599999999988,-5.029004653052819,-5.029004653052819,-0.15699534694715922,-0.02871869575402027,5.466660056286915,Normal,Flat,-0.20309999999999206,mixed,-0.030168350168350067,-0.027473219911783198,-0.023809878203731816,-0.02970383930586551,-0.6093999999999937,-0.10170000000000812,-2.182800000000004,-4.027999999999992,-1.861979865771815
2022-12-09,2022-12-14,424.129,24.368000000000002,382.271,223.583,120.171,92.2,10.230999999999995,0.42600000000000193,4.495999999999981,1.3640000000000043,-10.325000000000001,12100.0,6867.0,16126.0,4316.0,1.8889999999999874,-1.1774370825151024,26.300942577204513,heating,-5.185999999999979,-12.621,1.8889999999999874,8.342000000000008,-1.1780574127954542,-1.1780574127954542,11.409057412795448,2.090409062330872,5.457810922458396,Normal,Backwardation,-0.02389999999999759,all-build,0.025069637883008422,0.02503718393653931,0.02136464718403941,0.029909215271732403,0.7881,-0.02009999999999934,2.8812999999999924,4.863700000000009,3.396637583892627
2022-12-16,2022-12-21,418.234,25.221,378.624,226.113,119.929,90.9,-5.895000000000039,0.852999999999998,2.530000000000001,-0.24200000000000443,-16.919,12100.0,5819.0,15976.0,4360.0,-3.1591999999999985,-1.2718323478845062,26.178893340010013,heating,10.230999999999995,-10.325000000000001,-3.1591999999999985,-2.73580000000004,1.3881918318468838,1.3881918318468838,-7.283191831846922,-1.3268476180167421,5.489094401611251,Normal,Backwardation,-0.14289999999999736,mixed,0.02891312918911826,0.027628453556694632,0.02053331594732044,0.03181880328586506,0.9620000000000033,0.198599999999999,0.00449999999998596,0.3908999999999878,1.1713536912751579
2022-12-23,2022-12-28,418.952,25.026,375.128,223.008,120.212,92.0,0.7180000000000177,-0.19500000000000028,-3.1049999999999898,0.28300000000000125,-9.534,12000.0,6252.0,16149.0,3465.0,-3.0811999999999897,-1.0660098436603136,25.942906681528267,heating,-5.895000000000039,-16.919,-3.0811999999999897,3.7992000000000075,-2.9679504326107997,-2.9679504326107997,3.6859504326108175,0.6708091429588112,5.494782638699277,Normal,Backwardation,-0.09489999999999554,mixed,-0.007167106752169139,-0.012688248547373382,-0.0239463147522172,-0.020441826215022108,0.18480000000000985,-0.01660000000001105,0.9720000000000013,-1.1503999999999905,-0.8041543624160994
2022-12-30,2023-01-04,420.646,25.27,372.38,222.662,118.785,79.6,1.6940000000000168,0.24399999999999977,-0.34600000000000364,-1.4270000000000067,-1.5050000000000001,12100.0,5712.0,13820.0,4207.0,-5.703200000000004,-0.7915286963862098,30.437481910274965,heating,0.7180000000000177,-9.534,-5.703200000000004,7.397200000000021,-2.028271650363257,-2.028271650363257,3.722271650363274,0.677948983128982,5.490489318508351,Normal,Backwardation,-0.19370000000000687,mixed,-0.05316521513063832,-0.051887941534713655,-0.05253900117865651,-0.05148827602964401,-0.15489999999999782,-0.06380000000000052,-0.4851000000000063,-1.0534999999999854,1.1171946308724756
2023-01-06,2023-01-11,439.607,27.781,371.58,226.776,117.71600000000001,84.1,18.961000000000013,2.5109999999999992,4.114000000000004,-1.0689999999999884,12.334,12200.0,6350.0,14651.0,2137.0,-3.605400000000009,0.07027049070494197,30.005255613951267,heating,1.6940000000000168,-1.5050000000000001,-3.605400000000009,22.566400000000023,-0.9349075317847337,-0.9349075317847337,19.895907531784747,3.6264877335254275,5.4862745978305805,Normal,Backwardation,-0.24679999999999325,mixed,0.030484558040468457,0.03208489388264679,0.02328585466879396,0.04096810647915605,1.4997000000000043,-0.014200000000016644,2.2116000000000113,1.1895999999999987,-1.5429013422818656
2023-01-13,2023-01-18,448.015,31.427,371.579,230.25900000000001,115.777,85.3,8.407999999999959,3.646000000000001,3.483000000000004,-1.9390000000000072,2.352,12200.0,6861.0,14853.0,3872.0,-2.965199999999993,0.5185531348092156,30.163266680131958,heating,18.961000000000013,12.334,-2.965199999999993,11.373199999999951,3.949429800219494,3.949429800219494,4.458570199780464,0.7970742471683033,5.593669869049264,Normal,Backwardation,-0.2732999999999919,mixed,-0.00873035669743083,-0.010940409683426466,0.0013819793405374092,-0.024229316261498934,-2.2106999999999886,-0.022500000000007958,-0.18020000000000636,1.4942000000000064,1.8360167785234722
2023-01-20,2023-01-25,448.548,35.694,371.579,232.022,115.27,86.1,0.5330000000000155,4.267000000000003,1.7629999999999768,-0.507000000000005,-11.081,12200.0,5905.0,14981.0,4707.0,2.6446000000000027,0.40759662539536967,29.941125425539017,heating,8.407999999999959,2.352,2.6446000000000027,-2.1115999999999873,2.861063797303763,2.861063797303763,-2.3280637973037477,-0.41640691895993687,5.590838411423548,Normal,Backwardation,-0.30859999999999843,mixed,0.00024959440908545183,-0.00011610356437929958,0.006041959791139195,-0.002471179221260167,-0.6966000000000037,0.022500000000007958,-3.120699999999978,-3.750699999999995,-3.450674496644311
2023-01-27,2023-02-01,452.688,38.009,371.579,234.598,117.59,85.7,4.139999999999986,2.3149999999999977,2.576000000000022,2.3200000000000074,7.21,12200.0,7283.0,14961.0,3492.0,0.05720000000000027,0.6763384611162421,30.25787046320433,heating,0.5330000000000155,-11.081,0.05720000000000027,4.082799999999986,-0.14758250738102607,-0.14758250738102607,4.287582507381012,0.767926439564424,5.583324504119138,Low,Backwardation,-0.2937999999999903,all-build,-0.031190566755420424,-0.01952893833589764,-0.027036147953823364,-0.016998343587316667,0.6863000000000028,-0.013600000000010937,-3.5875999999999877,-7.4739999999999895,-5.543165771812085
2023-02-03,2023-02-08,455.111,39.052,371.579,239.606,120.522,87.9,2.423000000000002,1.0429999999999993,5.007999999999981,2.932000000000002,7.336,12300.0,7058.0,15410.0,2900.0,0.15259999999999535,0.765021276420282,29.53348475016223,heating,4.139999999999986,7.21,0.15259999999999535,2.2704000000000066,1.1162683375957685,1.1162683375957685,1.3067316624042333,0.23417787181950223,5.580081722714714,Low,Backwardation,-0.2634999999999934,all-build,0.01724137931034475,0.016728402437567347,0.020504922821766858,0.011583378921580234,-0.6010999999999882,0.03719999999999857,-1.6730999999999767,-2.3730999999999938,-0.9572214765100711
2023-02-10,2023-02-15,471.394,39.711,371.579,241.922,119.23700000000001,86.5,16.283000000000015,0.6589999999999989,2.3160000000000025,-1.2849999999999966,2.513,12300.0,6232.0,15027.0,3146.0,1.4818000000000098,1.5737113975739354,31.369801024821985,heating,2.423000000000002,7.336,1.4818000000000098,14.801200000000005,1.0629063316747145,1.0629063316747145,15.220093668325301,2.7315840290464015,5.571892904073923,Low,Backwardation,-0.183400000000006,mixed,-0.005944852011130819,-0.0023369946249124363,0.0010949307494321214,0.00046915317851259353,-0.04640000000001976,-0.023199999999988563,-0.7402000000000442,-2.829000000000022,-3.4024161073825354
2023-02-17,2023-02-22,479.041,40.411,371.579,240.066,121.935,85.9,7.646999999999991,0.7000000000000028,-1.8559999999999945,2.6979999999999933,-6.867,12300.0,6326.0,15010.0,4597.0,-0.05440000000002101,2.200658339464586,31.914790139906728,heating,16.283000000000015,2.513,-0.05440000000002101,7.701400000000012,4.097436729005167,4.097436729005167,3.549563270994824,0.6305827489439663,5.629020579676909,Low,Backwardation,-0.12219999999999231,mixed,-0.029017857142857095,-0.02950030102347989,-0.03349553827688767,-0.027330070690592567,0.30580000000000496,-0.10760000000000502,-0.5587000000000053,-0.25910000000000366,-0.8758838926174519
2023-02-24,2023-03-01,480.207,40.718,371.579,239.192,122.114,85.8,1.1659999999999968,0.30700000000000216,-0.8739999999999952,0.17900000000000205,-14.700000000000001,12300.0,6208.0,14979.0,5629.0,-1.2975999999999772,2.421156875748418,32.058682155017024,heating,7.646999999999991,-6.867,-1.2975999999999772,2.463599999999974,1.4136503290238993,1.4136503290238993,-0.2476503290239025,-0.04403540974445056,5.623890647573955,Low,Backwardation,-0.1355999999999966,mixed,0.008306294613886989,0.005006556204553592,0.002457785557238523,0.014775706554419621,1.0388999999999982,-0.015599999999992065,6.936299999999989,0.9863,2.031010738255034
2023-03-03,2023-03-08,478.51300000000003,39.828,371.579,238.058,122.25200000000001,86.0,-1.69399999999996,-0.8900000000000006,-1.1340000000000146,0.13800000000000523,0.994,12200.0,6271.0,14967.0,3362.0,5.992200000000002,1.3912879714723716,31.971203313957375,heating,1.1659999999999968,-14.700000000000001,5.992200000000002,-7.686199999999962,1.569860699315303,1.569860699315303,-3.263860699315263,-0.5812616517663677,5.6151316526677375,Low,Backwardation,-0.15200000000000102,mixed,-0.01185872647589592,-0.007563933245287702,-0.013323525970009631,-0.007052084336189424,0.45010000000000616,0.001999999999995339,0.11770000000000636,-0.7279000000000053,-1.2385906040268537
2023-03-10,2023-03-15,480.063,37.912,371.579,235.997,119.715,88.2,1.5499999999999545,-1.916000000000004,-2.0609999999999786,-2.537000000000006,-14.063,12200.0,6216.0,15398.0,5027.0,5.3933999999999855,1.1086917280350521,31.176971035199376,heating,-1.69399999999996,0.994,5.3933999999999855,-3.843400000000031,1.1176856082172515,1.1176856082172515,0.43231439178270303,0.07707233277149877,5.6092034097944445,Low,Backwardation,-0.1547000000000054,mixed,-0.05215196971821112,-0.0485474499677212,-0.047496550268219306,-0.04232701971395436,0.11230000000000473,-0.001300000000000523,-1.4131,-1.4074999999999847,-1.6870402684563715
2023-03-17,2023-03-22,481.18,36.849000000000004,371.579,229.598,116.402,88.6,1.1170000000000186,-1.0629999999999953,-6.399000000000001,-3.3130000000000024,-12.852,12300.0,6172.0,15376.0,4932.0,-2.073799999999994,1.137720480073571,31.29422476586889,heating,1.5499999999999545,-14.063,-2.073799999999994,3.1908000000000127,-0.6420144085951022,-0.6420144085951022,1.759014408595121,0.3140766861263768,5.6005889207813935,Normal,Backwardation,-0.1501999999999981,mixed,0.022645319486513937,0.018189060010621372,0.009839678000395091,0.009442505926537503,0.026700000000005275,0.013599999999996726,1.3196999999999903,0.7624999999999886,-0.5179798657718209
2023-03-24,2023-03-29,473.69100000000003,35.217,371.579,226.69400000000002,116.683,90.3,-7.488999999999976,-1.632000000000005,-2.9039999999999964,0.2810000000000059,-20.104,12200.0,5325.0,15813.0,4584.0,0.9057999999999993,0.8229433785423327,29.9557958641624,heating,1.1170000000000186,-12.852,0.9057999999999993,-8.394799999999975,0.1443802089833392,0.1443802089833392,-7.633380208983315,-1.364839293322042,5.592878404316408,Normal,Backwardation,-0.12580000000001235,mixed,-0.0031420765027323494,-0.004704386522568438,-0.005834017965287264,-0.008008921330089236,-0.2038000000000153,-0.020599999999987517,-2.3452000000000055,-4.195999999999998,-2.6621879194630793
2023-03-31,2023-04-05,469.952,34.247,371.175,222.57500000000002,113.051,89.6,-3.7390000000000327,-0.9699999999999989,-4.119,-3.632000000000005,-10.57,12200.0,7144.0,15615.0,5239.0,3.5997999999999934,0.5749480174778151,30.096189561319243,heating,-7.488999999999976,-20.104,3.5997999999999934,-7.338800000000026,-1.6571217289154658,-1.6571217289154658,-2.081878271084567,-0.37177037918418354,5.599903563196886,Normal,Backwardation,-0.00549999999999784,all-draw,-0.001239003840911801,0.000588650812338054,-0.0012609369196118214,-0.004527700634394449,-0.2844000000000051,-0.017000000000010118,3.1983000000000175,2.4199000000000126,1.0554436241610716
2023-04-07,2023-04-12,470.54900000000004,33.838,369.575,222.245,112.44500000000001,89.3,0.5970000000000368,-0.4089999999999989,-0.3300000000000125,-0.6059999999999945,1.2670000000000001,12300.0,6193.0,15585.0,2727.0,6.274400000000003,0.42087395825076046,30.192428617260187,driving,-3.7390000000000327,-10.57,6.274400000000003,-5.677399999999966,0.34776254509917626,0.34776254509917626,0.24923745490086058,0.04456736623162783,5.592375676981016,Normal,Backwardation,0.048799999999999955,mixed,0.02121918312277704,0.02009111085153603,0.022025712219137183,0.0192878511662693,-0.143100000000004,0.12770000000000437,-1.1481999999999886,-0.48740000000000805,-1.4424463087248256
2023-04-14,2023-04-19,465.968,32.75,367.963,223.544,112.09,91.0,-4.581000000000017,-1.088000000000001,1.2990000000000066,-0.355000000000004,-12.747,12300.0,6294.0,15844.0,4571.0,0.5741999999999962,0.21281820597722836,29.40974501388538,driving,0.5970000000000368,1.2670000000000001,0.5741999999999962,-5.155200000000013,0.40067269836370123,0.40067269836370123,-4.9816726983637185,-0.8921567317460696,5.583853734549446,Low,Backwardation,-0.033999999999991815,mixed,-0.02102399208508532,-0.01946443317211266,-0.020708363202355362,-0.02359158663760086,-0.3294999999999959,-0.032600000000016394,-1.8343999999999987,0.005199999999987881,-0.17271879194630912
2023-04-21,2023-04-26,460.914,33.069,366.942,221.136,111.513,91.3,-5.0540000000000305,0.3190000000000026,-2.4080000000000155,-0.5769999999999982,-14.532,12200.0,6376.0,15833.0,4819.0,4.7912000000000035,-0.06148425387209698,29.110970757279098,driving,-4.581000000000017,-12.747,4.7912000000000035,-9.845200000000034,-0.34896104553734686,-0.34896104553734686,-4.705038954462683,-0.8429252938891315,5.581798278652116,Low,Backwardation,0.2108999999999952,all-draw,-0.035941352017646255,-0.03813297016218886,-0.03623819455349875,-0.03670985935028925,-0.17200000000001125,-0.09979999999998768,0.633399999999984,-0.3914000000000186,-0.09428322147651613
2023-04-28,2023-05-03,459.633,33.61,364.938,222.87800000000001,110.32300000000001,90.7,-1.281000000000006,0.5409999999999968,1.7420000000000186,-1.1899999999999977,-12.432,12300.0,6396.0,15735.0,4737.0,5.3072,-0.2248083952363994,29.21086749285033,driving,-5.0540000000000305,-14.532,5.3072,-6.588200000000006,-0.4835659875025965,-0.4835659875025965,-0.7974340124974094,-0.14293476462800844,5.579006720812482,Low,Backwardation,0.12409999999999854,mixed,-0.042701646664806026,-0.039697291556027525,-0.04780375477171228,-0.04395557647158921,0.11480000000000246,-0.08039999999999736,-0.8824000000000183,0.05279999999999063,0.015406711409383433
2023-05-05,2023-05-10,462.584,34.007,362.014,219.711,106.153,91.0,2.951000000000022,0.39699999999999847,-3.1670000000000016,-4.170000000000002,-5.376,12300.0,5553.0,15745.0,2876.0,-0.21460000000000717,-0.14964186219147252,29.379739599872973,driving,-1.281000000000006,-12.432,-0.21460000000000717,3.165600000000029,-0.9254993116366799,-0.9254993116366799,3.8764993116367017,0.695877349027043,5.57066459636417,Normal,Backwardation,0.08409999999999229,mixed,-0.015601682268348793,-0.013300619834710758,-0.009581172499217416,-0.009051793859791046,0.004400000000003956,-0.04980000000000473,1.2722999999999942,1.1491000000000184,0.8998892617449741
2023-05-12,2023-05-17,467.624,35.468,359.586,218.33,106.233,92.0,5.0400000000000205,1.4610000000000056,-1.3810000000000002,0.0799999999999983,-8.68,12200.0,6860.0,15990.0,4310.0,-0.10759999999999081,-0.016466000434419332,29.244777986241402,driving,2.951000000000022,-5.376,-0.10759999999999081,5.147600000000011,0.49181328549459624,0.49181328549459624,4.548186714505424,0.8170473889039478,5.566613119719681,Normal,Backwardation,0.0049999999999954525,mixed,0.02780129833474465,0.02736617274062203,0.03139022986713691,0.027453163174922635,-0.1629000000000076,-0.06819999999999027,1.2530999999999892,0.6202999999999861,0.6919449664429607
2023-05-19,2023-05-24,455.168,37.230000000000004,357.954,216.27700000000002,105.672,91.7,-12.456000000000017,1.7620000000000005,-2.0529999999999973,-0.561000000000007,-17.276,12300.0,5850.0,16069.0,4549.0,1.167400000000009,-0.3807499547372792,28.325844794324478,driving,5.0400000000000205,-8.68,1.167400000000009,-13.623400000000027,1.2450190074835599,1.2450190074835599,-13.701019007483577,-2.4623824628620974,5.564131167324223,Low,Backwardation,0.05570000000000164,all-draw,0.019613221780277135,0.019781363872982682,0.011482096166660183,0.009865507848705546,-0.07390000000000896,-0.02209999999999468,1.3573999999999984,0.7945999999999884,0.6161362416107465
2023-05-26,2023-05-31,459.657,38.858000000000004,355.43600000000004,216.07,106.657,93.1,4.488999999999976,1.6280000000000001,-0.20700000000002206,0.9849999999999994,-11.641,12200.0,7217.0,16165.0,4915.0,-0.5408000000000129,-0.22155001838074084,28.435323229198886,driving,-12.456000000000017,-17.276,-0.5408000000000129,5.029799999999989,-3.9405800541855758,-3.9405800541855758,8.429580054185552,1.5038638634377874,5.605281341700562,Low,Backwardation,-0.13500000000000512,mixed,-0.019723581917650335,-0.01196627685613283,-0.027902376088592584,-0.01341930229401389,0.9577999999999918,0.003500000000002501,0.7158000000000015,1.278599999999983,0.01796912751677837
2023-06-02,2023-06-07,459.205,40.579,353.569,218.815,111.73100000000001,95.8,-0.4519999999999982,1.7209999999999965,2.7450000000000045,5.074000000000012,-2.254,12400.0,6400.0,16647.0,2475.0,0.7423999999999978,-0.2593724586209705,27.58485012314531,driving,4.488999999999976,-11.641,0.7423999999999978,-1.194399999999996,0.6262397102509416,0.6262397102509416,-1.0782397102509398,-0.19197690913580723,5.6165072930108355,Low,Backwardation,-0.13269999999999982,mixed,0.011011987733481998,0.008651199370821816,0.01490327964406557,0.008951087527582224,-0.38469999999999516,0.03879999999999484,1.6414000000000257,0.5970000000000084,1.020822147650989
2023-06-09,2023-06-14,467.124,42.133,351.687,220.923,113.854,93.7,7.91900000000004,1.554000000000002,2.108000000000004,2.1229999999999905,-7.525,12400.0,6381.0,16586.0,3270.0,0.09960000000002082,-0.06199428829844183,28.163752562402024,driving,-0.4519999999999982,-2.254,0.09960000000002082,7.819400000000019,-0.13945880949158257,-0.13945880949158257,8.058458809491622,1.4368663643250434,5.608356496866721,Normal,Backwardation,-0.15059999999999718,all-build,-0.01656583117257282,-0.014672230448243395,-0.005576235057974888,-0.007900286339902474,-0.20070000000001187,-0.024799999999999045,-0.073599999999999,-0.7147999999999968,-0.6548543624160885
2023-06-16,2023-06-21,463.293,42.035000000000004,349.968,221.40200000000002,114.288,93.1,-3.8310000000000173,-0.09799999999999898,0.4790000000000134,0.4339999999999975,-18.564,12200.0,6161.0,16470.0,4543.0,-3.1092000000000097,-0.07679539560734895,28.129508196721314,driving,7.91900000000004,-7.525,-3.1092000000000097,-0.7218000000000075,0.5941561106449988,0.5941561106449988,-4.425156110645016,-0.7877089113540237,5.6177555526678535,Low,Backwardation,-0.20659999999999457,mixed,0.02879432624113476,0.01607378129117265,0.02910908431303616,0.020348035837353562,-0.5187999999999846,0.2300999999999931,-0.4314999999999998,1.5621000000000151,2.428955033557031
2023-06-23,2023-06-28,453.69,43.244,348.617,222.005,114.411,92.2,-9.603000000000009,1.208999999999996,0.6029999999999802,0.12300000000000466,-19.684,12200.0,6580.0,16254.0,5338.0,-6.3225999999999996,-0.1447594765947475,27.9125138427464,driving,-3.8310000000000173,-18.564,-6.3225999999999996,-3.280400000000009,-3.534662736465377,-3.534662736465377,-6.068337263534632,-1.0808667640474017,5.614324970832857,Normal,Backwardation,-0.2138000000000062,mixed,0.02747415066469716,0.024494879601439257,0.02225967204979229,0.014486264568925211,-0.455600000000004,0.05160000000000764,0.8238999999999876,-1.7885000000000133,-1.4036342281879115
2023-06-30,2023-07-05,452.182,42.844,347.159,219.45600000000002,113.366,91.1,-1.5079999999999814,-0.3999999999999986,-2.548999999999978,-1.0450000000000017,-3.451,12400.0,7038.0,16030.0,3901.0,-1.103800000000001,-0.16923698537288015,28.208484092326888,driving,-9.603000000000009,-19.684,-1.103800000000001,-0.40419999999998035,-3.5464300191547657,-3.5464300191547657,2.0384300191547844,0.36301295373366016,5.615309311111705,Low,Backwardation,-0.34139999999999304,all-draw,0.028657400773749897,0.02679169457468178,0.013226760563380235,0.005051699446875002,-0.5545999999999935,0.28119999999998413,1.3988999999999834,1.3793000000000148,2.260211409395964
2023-07-07,2023-07-12,458.128,41.239000000000004,346.758,219.452,118.181,93.7,5.9459999999999695,-1.6049999999999969,-0.004000000000019099,4.814999999999998,-4.361,12300.0,5880.0,16659.0,2144.0,-4.017999999999995,0.06426387268320109,27.50033015186986,driving,-1.5079999999999814,-3.451,-4.017999999999995,9.963999999999965,-1.5390911121456354,-1.5390911121456354,7.485091112145605,1.3346536547375139,5.608264800067324,Low,Backwardation,0.1349999999999909,mixed,0.012294534277696112,0.008942065491183815,0.014370210152474083,0.010199272668620862,-0.2668999999999926,0.07850000000000534,0.5546999999999898,0.09549999999998704,-0.042057718120815935
2023-07-14,2023-07-19,457.42,38.348,346.759,218.386,118.194,94.3,-0.70799999999997,-2.8910000000000053,-1.0660000000000025,0.01300000000000523,-6.4750000000000005,12300.0,7174.0,16585.0,3814.0,-2.6228000000000065,0.1150800608004231,27.580343684051854,driving,5.9459999999999695,-4.361,-2.6228000000000065,1.9148000000000365,0.3456339270716485,0.3456339270716485,-1.0536339270716184,-0.18764007042590777,5.615186162955849,Low,Backwardation,0.07650000000001,mixed,-0.005280528052805322,-0.0021348737912847415,-0.005667379104493553,-0.0038762845280514435,0.11980000000001212,-0.02600000000001046,1.6823000000000192,1.995900000000006,1.63168791946309
2023-07-21,2023-07-26,456.82,35.739,346.759,217.6,117.949,93.4,-0.6000000000000227,-2.6090000000000018,-0.7860000000000014,-0.24500000000000455,-17.514,12200.0,6367.0,16478.0,4591.0,-2.9011999999999944,0.15658400222162258,27.723024638912488,driving,-0.70799999999997,-6.4750000000000005,-2.9011999999999944,2.3011999999999717,-1.2366643821470162,-1.2366643821470162,0.6366643821469935,0.113544516702366,5.60717858191145,Low,Backwardation,0.4450000000000074,all-draw,-0.010674368956423375,-0.008608321377331363,-0.008534822048834712,-0.003876778958746163,0.35660000000000025,-0.032400000000009754,3.076199999999993,3.3422000000000054,3.3573906040268326
2023-07-28,2023-08-02,439.771,34.480000000000004,346.759,219.08100000000002,117.153,92.7,-17.048999999999978,-1.2589999999999932,1.481000000000023,-0.7959999999999923,-20.524,12200.0,6668.0,16517.0,5283.0,-2.9851999999999976,-0.1690217821180125,26.62535569413332,driving,-0.6000000000000227,-17.514,-2.9851999999999976,-14.063799999999981,-2.0112551824334974,-2.0112551824334974,-15.03774481756648,-2.6857329411302353,5.599121411988995,Low,Backwardation,0.4450000000000074,mixed,-0.023104338208184916,-0.020138970674832057,-0.021716456782179816,-0.027521865889212793,-0.5880999999999972,-0.052400000000005775,-1.1751000000000147,1.0956999999999937,0.40089932885906876
2023-08-04,2023-08-09,445.622,34.639,347.754,216.42000000000002,115.447,93.8,5.850999999999999,0.15899999999999892,-2.6610000000000014,-1.706000000000003,2.4010000000000002,12600.0,6682.0,16579.0,2360.0,0.5489999999999895,-0.042838044100201755,26.878701972374692,driving,-17.048999999999978,-20.524,0.5489999999999895,5.302000000000009,-4.690544342342093,-4.690544342342093,10.541544342342092,1.866229510128256,5.648578744003265,Low,Backwardation,0.5871000000000066,mixed,0.017848528702363753,0.01601485435766503,0.01712060001786897,0.015179618130114259,-0.11019999999999186,0.11209999999998388,2.8813999999999993,4.48299999999999,4.928535570469791
2023-08-11,2023-08-16,439.66200000000003,33.802,348.354,216.15800000000002,115.74300000000001,94.7,-5.9599999999999795,-0.8370000000000033,-0.26200000000000045,0.2960000000000065,-10.409,12700.0,7158.0,16746.0,4599.0,-0.7261999999999944,-0.19474959506455966,26.25474740236475,driving,5.850999999999999,2.4010000000000002,-0.7261999999999944,-5.233799999999985,1.1835114629518007,1.1835114629518007,-7.14351146295178,-1.2599490172667756,5.669682951496162,Low,Backwardation,0.4842000000000013,mixed,-0.019878997407087318,-0.01696312875485917,-0.022395940766614997,-0.02011728026409232,0.10199999999998965,-0.12409999999999854,2.2206000000000117,1.3973999999999904,1.3420724832214717
2023-08-18,2023-08-23,433.528,30.669,348.948,217.626,116.688,94.5,-6.1340000000000146,-3.132999999999999,1.4679999999999893,0.9449999999999932,-9.107,12800.0,6933.0,16776.0,4258.0,-3.343000000000006,-0.26591558385788283,25.842155460181214,driving,-5.9599999999999795,-10.409,-3.343000000000006,-2.7910000000000084,-2.694367165522501,-2.694367165522501,-3.4396328344775133,-0.6062068819094766,5.674024721796453,Low,Backwardation,0.830299999999994,mixed,-0.018170504044803915,-0.009758419612043379,-0.024889576683754022,-0.010275682949708598,1.1450999999999993,-0.5454999999999899,1.0397999999999996,0.8101999999999947,0.2159926174496718
2023-08-25,2023-08-30,422.944,29.165,349.54200000000003,217.412,117.923,93.3,-10.584000000000003,-1.5040000000000013,-0.21399999999999864,1.2349999999999994,-11.998000000000001,12800.0,6617.0,16603.0,4528.0,-4.717599999999981,-0.4324017316168171,25.47395049087514,driving,-6.1340000000000146,-9.107,-4.717599999999981,-5.866400000000022,-3.0288332049218822,-3.0288332049218822,-7.5551667950781205,-1.3328144493074454,5.668581098444665,Low,Backwardation,0.48560000000000514,mixed,0.00579103006407089,0.004327991577962376,0.005936380617920456,0.005180898638508236,-0.039199999999993906,0.03650000000000375,-1.5992999999999924,-5.4044999999999845,-5.054202013422824
2023-09-01,2023-09-06,416.637,27.415,350.34000000000003,214.746,118.602,93.1,-6.307000000000016,-1.75,-2.665999999999997,0.679000000000002,-13.895,12800.0,6770.0,16623.0,4932.0,-3.351800000000014,-0.559466677226276,25.063887384948565,shoulder,-10.584000000000003,-11.998000000000001,-3.351800000000014,-2.9552000000000023,-3.7241295107714687,-3.7241295107714687,-2.5828704892285477,-0.45518777337105715,5.674296719571726,Low,Backwardation,0.6914000000000016,mixed,0.00980505248586927,0.006219458018658308,0.01179928756842652,0.0063856960408685826,-0.44819999999999993,0.08750000000000568,-0.8846000000000167,-2.320999999999998,-2.4877516778523443
2023-09-08,2023-09-13,420.592,24.965,350.63,220.30700000000002,122.533,93.7,3.954999999999984,-2.4499999999999993,5.561000000000007,3.9309999999999974,4.144,12900.0,7582.0,16800.0,3090.0,-1.8522000000000047,-0.3567710498696214,25.035238095238093,shoulder,-6.307000000000016,-13.895,-1.8522000000000047,5.807199999999989,-2.7453851172697084,-2.7453851172697084,6.700385117269692,1.1822252737719376,5.667604360962308,Low,Backwardation,0.6846999999999923,all-build,-0.0036019810895994153,-0.0019552465783185813,-0.001769035689985654,0.0027885144526398342,0.4136999999999915,-0.05709999999999127,1.89609999999999,4.49169999999998,-1.0910577181208083
2023-09-15,2023-09-20,418.456,22.901,351.23,219.476,119.666,91.9,-2.1359999999999673,-2.064,-0.8310000000000173,-2.8670000000000044,-13.678,12900.0,6517.0,16304.0,5067.0,-2.1337999999999964,-0.3661971582845585,25.665848871442588,shoulder,3.954999999999984,4.144,-2.1337999999999964,-0.002199999999970892,0.5249347356989227,0.5249347356989227,-2.66093473569889,-0.4691830738954646,5.671420994807145,Low,Backwardation,0.8100000000000023,all-draw,-0.01008771929824559,-0.008585965656137451,-0.010266761224155818,-0.01270791397393789,-0.25849999999999795,-0.14240000000000919,-1.3759999999999764,-2.7424000000000035,-2.2872382550335715
2023-09-22,2023-09-27,416.28700000000003,21.958000000000002,350.98,220.50300000000001,120.06400000000001,89.5,-2.1689999999999827,-0.9429999999999978,1.0270000000000152,0.39800000000001035,0.364,12900.0,7229.0,16065.0,4012.0,-0.2141999999999939,-0.4337648986295888,25.91266728913788,shoulder,-2.1359999999999673,-13.678,-0.2141999999999939,-1.9547999999999888,-1.463631273106867,-1.463631273106867,-0.7053687268931157,-0.12451600859655695,5.66488385584679,Low,Backwardation,1.6443000000000012,mixed,0.03639783161854204,0.027564921243082185,0.03356326913525742,0.027059397407135366,-0.4947999999999979,0.7299000000000007,-0.8808000000000042,0.382000000000005,0.6048067114094238
2023-09-29,2023-10-04,414.063,22.09,351.28000000000003,226.984,118.795,87.3,-2.2240000000000464,0.1319999999999979,6.4809999999999945,-1.2690000000000055,-10.101,12900.0,6215.0,15602.0,4956.0,2.4641999999999937,-0.6289379024191867,26.539097551595948,shoulder,-2.1689999999999827,0.364,2.4641999999999937,-4.68820000000004,0.4937558422134074,0.4937558422134074,-2.717755842213454,-0.48043364914225767,5.656880709886995,Low,Backwardation,1.8521999999999963,mixed,-0.056147035750308216,-0.05620325560932682,-0.05463345465913405,-0.05536411569237254,-0.15000000000000568,-0.09189999999999543,-2.245300000000004,-2.906099999999995,-2.480646308724829
2023-10-06,2023-10-11,424.23900000000003,21.771,351.274,225.671,116.958,85.7,10.176000000000045,-0.31899999999999906,-1.3130000000000166,-1.8370000000000033,8.813,13200.0,6329.0,15203.0,3067.0,4.327800000000002,-0.46103598119333283,27.90495296980859,heating,-2.2240000000000464,-10.101,4.327800000000002,5.848200000000043,0.15176617946370752,0.15176617946370752,10.024233820536336,1.774054234713385,5.650466386195823,Normal,Backwardation,1.7827999999999946,mixed,-0.028847272304292293,-0.0208784940102682,-0.020511182034116948,-0.024641125408822795,-0.4017999999999944,-0.347999999999999,0.34779999999998523,1.5825999999999993,1.0265718120805332
2023-10-13,2023-10-18,419.748,21.013,351.274,223.30100000000002,113.773,86.1,-4.491000000000042,-0.7579999999999991,-2.369999999999976,-3.1850000000000023,-10.885,13200.0,5942.0,15396.0,5301.0,3.2632000000000176,-0.8425074438820234,27.263445050662508,heating,10.176000000000045,8.813,3.2632000000000176,-7.7542000000000595,3.5602813429683664,3.5602813429683664,-8.051281342968409,-1.4203671554073167,5.668450803242879,Normal,Backwardation,1.3061000000000007,all-draw,0.0191553196399723,0.017797552836484876,0.010121610566622419,0.005114386273647131,-0.41840000000000543,-0.2850999999999999,0.6622000000000021,-2.0426000000000357,-1.5472147651006765
2023-10-20,2023-10-25,421.12,21.226,351.274,223.457,112.087,85.6,1.372000000000014,0.2129999999999974,0.1559999999999775,-1.6859999999999928,-5.663,13200.0,6013.0,15189.0,4833.0,1.1603999999999814,-0.8842755959381619,27.725327539666864,heating,-4.491000000000042,-10.885,1.1603999999999814,0.21160000000003265,-1.1596558423281231,-1.1596558423281231,2.5316558423281372,0.44603161753049897,5.67595601483347,Normal,Backwardation,0.7212999999999994,mixed,0.019703845235252038,0.023390484841603332,0.0197414769567148,0.023505098448890482,0.4194999999999851,0.007100000000008322,-1.4041000000000174,-2.3057000000000016,-2.187449664429522
2023-10-27,2023-11-01,421.89300000000003,21.498,351.274,223.522,111.295,85.4,0.7730000000000246,0.272000000000002,0.06499999999999773,-0.7920000000000016,-3.661,13200.0,6425.0,15251.0,4897.0,2.878399999999999,-0.9562170219626509,27.663300767162813,heating,1.372000000000014,-5.663,2.878399999999999,-2.1053999999999746,0.7632750496460738,0.7632750496460738,0.009724950353950712,0.0017152295832798016,5.66976598861769,Normal,Backwardation,0.4519999999999982,mixed,-0.007158726240434454,-0.031804141402585584,-0.004083818622803825,-0.029121216003514028,-2.214100000000002,-0.09399999999999409,-1.0165000000000077,-0.588099999999983,3.7418671140939637
2023-11-03,2023-11-08,435.762,23.085,351.274,217.21,108.001,85.2,13.868999999999971,1.5869999999999997,-6.311999999999983,-3.293999999999997,-1.162,13200.0,6394.0,15235.0,4525.0,2.585800000000006,-0.61623319917589,28.602691171644242,heating,0.7730000000000246,-3.661,2.585800000000006,11.283199999999965,0.7173548722428968,0.7173548722428968,13.151645127757075,2.3228715772235944,5.661804663121558,Normal,Backwardation,0.17600000000000193,mixed,-0.026366808840636025,-0.025364538659477964,-0.02943936240457501,-0.02025227552622888,0.6377999999999986,-0.13280000000000314,0.15359999999999374,-0.8208000000000055,-2.5301302013422884
2023-11-10,2023-11-15,439.354,25.01,351.274,215.67000000000002,106.57900000000001,86.1,3.5919999999999845,1.9250000000000007,-1.539999999999992,-1.421999999999997,-5.005,13200.0,6373.0,15399.0,4889.0,2.473599999999999,-0.5347171060284043,28.531333203454768,heating,13.868999999999971,-1.162,2.473599999999999,1.1183999999999856,3.178328659119128,3.178328659119128,0.41367134088085633,0.07260583755301153,5.697494234934257,Normal,Backwardation,0.06459999999999866,mixed,-0.02044467160746244,-0.015642051655147204,-0.02514994017683203,-0.015931781628379826,0.6613000000000113,-0.18850000000000477,1.4796000000000156,2.2552000000000163,1.9137348993288583
2023-11-17,2023-11-22,448.05400000000003,25.868000000000002,351.274,216.42000000000002,105.561,87.0,8.700000000000045,0.8580000000000005,0.75,-1.0180000000000007,-3.927,13200.0,6529.0,15504.0,4786.0,0.241599999999994,-0.10659438388377904,28.899251805985553,heating,3.5919999999999845,-5.005,0.241599999999994,8.45840000000005,0.43695526639935023,0.43695526639935023,8.263044733600696,1.4523061447259666,5.689602542554715,Normal,Backwardation,-0.11560000000000059,mixed,-0.00861514722900869,-0.005942995755003122,-0.011577932098765453,-0.008719759287568851,0.1816000000000031,-0.006799999999998363,0.6231000000000115,0.1863000000000028,-1.101917449664441
2023-11-24,2023-11-29,449.664,27.722,351.587,218.184,110.778,89.8,1.6099999999999568,1.8539999999999992,1.7639999999999816,5.216999999999999,-12.208,13200.0,5833.0,16022.0,4755.0,-1.433800000000008,0.03487448883986133,28.065410061165892,heating,8.700000000000045,-3.927,-1.433800000000008,3.0437999999999645,0.9558174845158198,0.9558174845158198,0.654182515484137,0.11479214875493517,5.698843715180584,Normal,Backwardation,-0.15760000000000218,all-build,0.018976573746891878,0.017384916748285795,0.014771588918826684,0.015114429078448177,0.1039999999999992,0.05890000000000839,-0.4085999999999892,-3.4662000000000006,-1.2098322147651004
2023-12-01,2023-12-06,445.031,29.551000000000002,351.91700000000003,223.604,112.045,90.5,-4.632999999999981,1.8290000000000006,5.420000000000016,1.266999999999996,0.47600000000000003,13100.0,7508.0,16201.0,4339.0,-3.7905999999999835,-0.001263941713263541,27.469353743596074,heating,1.6099999999999568,-12.208,-3.7905999999999835,-0.8423999999999978,-1.599317586205519,-1.599317586205519,-3.0336824137944625,-0.5330608635006002,5.691061980938405,Normal,Backwardation,-0.22460000000000946,mixed,-0.040652654867256555,-0.03756476683937826,-0.035009469683868755,-0.03523157688347345,-0.1827000000000112,-0.029799999999980287,-0.4822000000000166,0.22059999999999036,0.25124630872483067
2023-12-08,2023-12-13,440.773,30.779,351.911,224.013,113.539,90.2,-4.257999999999981,1.227999999999998,0.4089999999999918,1.4939999999999998,-1.7570000000000001,13100.0,6517.0,16097.0,3771.0,4.95859999999999,-0.3325905577778383,27.382307262222774,heating,-4.632999999999981,0.47600000000000003,4.95859999999999,-9.216599999999971,0.8702647910167337,0.8702647910167337,-5.128264791016715,-0.9020270983903627,5.685266884074695,Normal,Flat,-0.265900000000002,mixed,0.012534615945197558,0.013926815947569837,0.01615677502748425,0.017435914219556592,0.17489999999999384,0.026499999999998636,0.7134999999999891,0.5511000000000053,0.9313731543624186
2023-12-15,2023-12-20,443.682,32.465,352.54,226.723,115.024,92.4,2.908999999999992,1.6860000000000035,2.710000000000008,1.4849999999999994,-3.997,13300.0,6750.0,16500.0,4121.0,-3.0392000000000055,-0.11624350985785163,26.889818181818182,heating,-4.257999999999981,-1.7570000000000001,-3.0392000000000055,5.948199999999997,-1.7553465989085368,-1.7553465989085368,4.664346598908528,0.8206788544025949,5.6835223350599104,Normal,Flat,-0.3161000000000058,all-build,0.0106209150326797,0.005932096428120648,0.002983753009896617,-0.001676064313450576,-0.3526000000000096,0.06419999999999959,-0.12869999999999138,0.061700000000016075,-0.23622751677851284
2023-12-22,2023-12-27,436.568,33.973,353.333,226.054,115.765,93.3,-7.114000000000033,1.5079999999999956,-0.6690000000000111,0.7409999999999997,-6.279,13300.0,6276.0,16558.0,3915.0,-2.0157999999999903,-0.2919077704938438,26.36598623022104,heating,2.908999999999992,-3.997,-2.0157999999999903,-5.098200000000043,-0.2613543187468255,-0.2613543187468255,-6.8526456812532075,-1.2061909966906055,5.681227682891541,Normal,Backwardation,-0.13479999999999848,mixed,-0.019319835913722327,-0.01751572714937688,-0.024753965405965306,-0.01780195326987266,0.4432000000000045,-0.06740000000000634,1.00679999999997,-0.46880000000000166,0.10051006711410082
2023-12-29,2024-01-03,431.065,34.679,354.38800000000003,236.954,125.855,93.5,-5.502999999999986,0.7060000000000031,10.900000000000006,10.090000000000003,-13.132,13200.0,6895.0,16679.0,5292.0,-3.880600000000004,-0.3667561248322177,25.844774866598712,heating,-7.114000000000033,-6.279,-3.880600000000004,-1.622399999999982,-2.8005557240517622,-2.8005557240517622,-2.7024442759482237,-0.47541481338554775,5.68439223991243,Normal,Backwardation,-0.2453000000000003,mixed,0.03296391020176204,0.03109764132296755,0.03425737277621588,0.03147008547008534,-0.014499999999998181,0.06819999999999027,0.6442000000000121,1.4394000000000062,0.2521093959731644
2024-01-05,2024-01-10,432.403,34.173,354.994,244.982,132.383,92.9,1.3380000000000223,-0.5060000000000002,8.027999999999992,6.528000000000006,-2.793,13200.0,6241.0,16518.0,3322.0,1.176400000000001,-0.3954486738048583,26.177684949751786,heating,-5.502999999999986,-13.132,1.176400000000001,0.16160000000002128,-1.447820315459523,-1.447820315459523,2.7858203154595453,0.4906170593017118,5.678197002412764,Normal,Backwardation,0.0031000000000034333,all-build,-0.01204318936877058,-0.010181724449026985,-0.018900138152875612,-0.009244896853070061,0.6585000000000178,-0.06210000000000093,0.2143000000000086,-1.3089000000000084,-0.6202845637584034
2024-01-12,2024-01-17,429.911,32.074,355.59000000000003,248.065,134.75300000000001,92.6,-2.4920000000000186,-2.0990000000000038,3.0829999999999984,2.3700000000000045,-6.734,13300.0,7420.0,16653.0,5029.0,0.08859999999999672,-0.5212890976554411,25.81582897976341,heating,1.3380000000000223,-2.793,0.08859999999999672,-2.5806000000000155,0.15435494859115004,0.15435494859115004,-2.646354948591169,-0.46652508363007494,5.672481590913902,Normal,Backwardation,-0.12099999999999511,mixed,0.0022099447513812542,-0.005236939583599609,0.0026604483250542987,0.002172582344463825,-0.022599999999997067,0.18479999999999563,0.03770000000001872,-0.6370999999999754,0.06559932885906505
2024-01-19,2024-01-24,420.678,30.066,356.51,252.977,133.336,85.5,-9.233000000000004,-2.007999999999999,4.912000000000006,-1.4170000000000016,-12.81,12300.0,5580.0,15276.0,4434.0,2.9654,-1.0130135999044476,27.538491751767477,heating,-2.4920000000000186,-6.734,2.9654,-12.198400000000003,0.09619756014133085,0.09619756014133085,-9.329197560141335,-1.6464435657629695,5.666272293893136,Normal,Backwardation,0.10499999999998977,mixed,0.009681323114158813,0.006159648020113151,0.00951510814828005,0.006269985579033133,-0.2061000000000064,-0.010299999999986653,-0.836300000000012,-1.0463000000000022,-0.09174496644295971
2024-01-26,2024-01-31,421.91200000000003,28.094,357.402,254.13400000000001,130.79500000000002,82.9,1.2340000000000373,-1.9719999999999978,1.1570000000000107,-2.540999999999997,-0.9590000000000001,13000.0,5605.0,14848.0,3894.0,-0.4699999999999932,-1.0904026356548453,28.415409482758623,heating,-9.233000000000004,-12.81,-0.4699999999999932,1.7040000000000304,-2.6302564514666518,-2.6302564514666518,3.864256451466689,0.6804721568676536,5.6787870193758065,Normal,Backwardation,0.19409999999999172,mixed,-0.025314829092778157,-0.013997827923253436,-0.026408597515526266,-0.025302325581395446,-0.035900000000012255,-0.039499999999989654,0.24550000000000338,3.1210999999999984,3.0843328859060506
2024-02-02,2024-02-07,427.432,28.061,358.017,250.988,127.574,82.4,5.519999999999982,-0.03300000000000125,-3.146000000000015,-3.221000000000018,12.397,13300.0,6907.0,14840.0,3596.0,0.258199999999988,-0.796286434777903,28.80269541778976,heating,1.2340000000000373,-0.9590000000000001,0.258199999999988,5.261799999999994,0.2917268149845068,0.2917268149845068,5.228273185015475,0.9212914977816159,5.674939145324438,Low,Backwardation,-0.050600000000002865,mixed,0.0075023871231754136,0.007889044407685342,0.0035400016090916253,0.00835865393039592,0.39870000000000516,-0.017099999999999227,1.8445999999999785,2.2142000000000053,2.8782637583892665
2024-02-09,2024-02-14,439.45,28.771,358.76300000000003,247.33,125.659,80.6,12.017999999999972,0.7100000000000009,-3.657999999999987,-1.914999999999992,6.167,13300.0,6470.0,14542.0,4347.0,4.370200000000011,-0.44222298102031954,30.219364599092284,heating,5.519999999999982,12.397,4.370200000000011,7.647799999999961,3.2476595078155217,3.2476595078155217,8.77034049218445,1.5456713681099736,5.674130137319362,Low,Backwardation,0.2751999999999981,mixed,-0.015795556697059232,-0.01413555636100039,-0.011352804202936717,-0.014501417709325448,-0.31340000000000146,0.07970000000000255,-2.5185000000000066,-2.79849999999999,-2.3000221476510063
2024-02-16,2024-02-21,442.964,29.512,359.511,247.037,121.651,80.6,3.51400000000001,0.7409999999999997,-0.29300000000000637,-4.00800000000001,2.9050000000000002,13300.0,6654.0,14574.0,4965.0,1.7981999999999858,-0.37531238298317454,30.39412652669137,heating,12.017999999999972,6.167,1.7981999999999858,1.7158000000000242,3.2471419434518864,3.2471419434518864,0.26685805654812356,0.046938713705400176,5.6852443427187955,Low,Backwardation,1.720399999999998,mixed,-0.0034535686876440153,0.008379888268156499,-0.018444640828178205,0.0074997000847032425,2.079899999999995,-1.1585000000000036,1.0451999999999941,-0.5087999999999937,-0.8979067114093766
2024-02-23,2024-02-28,447.163,30.970000000000002,360.254,244.205,121.141,81.5,4.199000000000012,1.458000000000002,-2.8319999999999936,-0.5099999999999909,1.981,13300.0,6385.0,14674.0,4728.0,-1.6681999999999788,-0.09036158717372815,30.473149788741996,heating,3.51400000000001,2.9050000000000002,-1.6681999999999788,5.8671999999999915,0.4555956170132614,0.4555956170132614,3.7434043829867507,0.6593250695757994,5.67763089214127,Low,Backwardation,0.6651000000000096,mixed,-0.004184100418409997,0.00035863717872097745,-0.005844838496548932,0.0014735328972828032,0.5835000000000008,0.08229999999998938,-3.3232999999999997,-4.726099999999988,-3.4559288590603927
2024-03-01,2024-03-06,448.53000000000003,31.671,360.96,239.745,117.01,84.9,1.3670000000000186,0.700999999999997,-4.460000000000008,-4.131,3.619,13200.0,7222.0,15268.0,4637.0,5.171800000000007,-0.22186201543313772,29.377128635053708,heating,4.199000000000012,1.981,5.171800000000007,-3.8047999999999886,2.6314004674342346,2.6314004674342346,-1.264400467434216,-0.2228603852401979,5.673509296286332,Low,Backwardation,0.674199999999999,mixed,0.01253998720409455,0.011214041930765362,0.01988413443077275,0.01075793130771352,-0.6657999999999902,0.09770000000000323,-0.008300000000001972,1.2992999999999881,1.8859563758389157
2024-03-08,2024-03-13,446.994,31.451,361.556,234.083,117.898,86.8,-1.5360000000000014,-0.21999999999999886,-5.662000000000006,0.887999999999991,-1.498,13100.0,5491.0,15658.0,3147.0,4.6989999999999785,-0.4258812153122867,28.547324051603017,heating,1.3670000000000186,3.619,4.6989999999999785,-6.23499999999998,2.121738852167078,2.121738852167078,-3.6577388521670793,-0.6455319019302999,5.666240260519327,Low,Backwardation,0.3307000000000073,mixed,0.02784940691077864,0.0257568359375,0.024825502924352483,0.019422898523976384,-0.3316999999999837,0.08789999999999054,1.1375000000000064,0.9667000000000172,-1.6396000000000157
2024-03-15,2024-03-20,445.04200000000003,31.433,362.306,230.773,118.522,87.8,-1.9519999999999982,-0.018000000000000682,-3.3100000000000023,0.6240000000000094,-9.016,13100.0,6278.0,15785.0,4881.0,-1.3259999999999876,-0.4126655294989248,28.193981628127972,heating,-1.5360000000000014,-1.498,-1.3259999999999876,-0.6260000000000105,-0.6494499292449892,-0.6494499292449892,-1.302550070755009,-0.2300652689897885,5.661654522972883,Low,Backwardation,0.6738999999999891,mixed,-0.02144483047801593,-0.016365300984206854,-0.02254493766614163,-0.011915039986241438,0.8418999999999812,-0.0718999999999852,0.10729999999998086,-1.0043000000000006,-1.6165986577181144
2024-03-22,2024-03-27,448.207,33.54,363.05,232.072,117.337,88.7,3.1649999999999636,2.1069999999999993,1.2990000000000066,-1.1850000000000023,-2.177,13100.0,6702.0,15932.0,4181.0,-0.9206000000000018,-0.2772806192029825,28.132500627667586,heating,-1.9519999999999982,-9.016,-0.9206000000000018,4.085599999999966,-1.1931042861930528,-1.1931042861930528,4.358104286193017,0.770738196655721,5.654454787764628,Low,Backwardation,0.6024000000000029,mixed,-0.0033080127419751193,-0.0018550724637680371,0.00279146926991114,0.005530007567378981,0.24750000000000227,0.004199999999997317,-0.958300000000019,-1.0843000000000131,-0.018046979865772528
2024-03-29,2024-04-03,451.41700000000003,33.163000000000004,363.641,227.816,116.069,88.6,3.2100000000000364,-0.37699999999999534,-4.256,-1.2680000000000007,-1.407,13100.0,6618.0,15897.0,4022.0,3.7753999999999905,-0.3118877303541571,28.39636409385419,heating,3.1649999999999636,-2.177,3.7753999999999905,-0.5653999999999542,1.6669863420472595,1.6669863420472595,1.543013657952777,0.27302100784965416,5.651629777890483,Low,Backwardation,0.8819000000000017,mixed,0.0032883147386963962,0.004835807467386433,0.005000229098842679,0.0031946841173438045,-0.14050000000000296,-0.05729999999999791,-0.0630000000000237,0.4941999999999922,0.3949805369127404
2024-04-05,2024-04-10,457.258,32.993,364.236,228.531,117.72800000000001,88.3,5.840999999999951,-0.1700000000000017,0.7150000000000034,1.659000000000006,7.308,13100.0,6434.0,15782.0,2708.0,5.732600000000002,-0.3445440480389934,28.97338740337093,driving,3.2100000000000364,-1.407,5.732600000000002,0.10839999999994898,2.338570946470473,2.338570946470473,3.5024290535294784,0.6204721511667605,5.644780425589403,Low,Backwardation,0.7575000000000074,all-build,0.011498298721107414,0.011854171326325158,0.011548989463421977,0.012202473987406925,0.10739999999999839,0.019300000000001205,0.29400000000001825,0.6691999999999894,0.05552348993289513
2024-04-12,2024-04-17,459.993,33.026,364.884,227.377,114.968,88.1,2.7350000000000136,0.03300000000000125,-1.1539999999999964,-2.760000000000005,-7.546,13100.0,6461.0,15913.0,4726.0,-0.127800000000002,-0.1963605022349628,28.906742914598127,driving,5.840999999999951,7.308,-0.127800000000002,2.8628000000000156,1.689305535296243,1.689305535296243,1.0456944647037707,0.18539530575003418,5.640350280031715,Low,Backwardation,0.5209000000000117,mixed,-0.0312792877225867,-0.030326594090202108,-0.02980230675341522,-0.02941000166509411,-0.10759999999999081,-0.004600000000010596,-1.1877999999999815,-0.7845999999999975,-1.0656335570469793
2024-04-19,2024-04-24,453.625,32.367,365.677,226.743,116.58200000000001,88.5,-6.367999999999995,-0.659000000000006,-0.6340000000000146,1.6140000000000043,-10.171,13100.0,6497.0,15871.0,5179.0,3.3463999999999943,-0.45324978547648725,28.582004914624157,driving,2.7350000000000136,-7.546,3.3463999999999943,-9.714399999999989,1.0850818127635082,1.0850818127635082,-7.453081812763504,-1.3230582824818253,5.633222596046811,Low,Backwardation,0.8149999999999977,mixed,-0.00659788867562372,-0.004523863379325976,-0.004814051124238716,-0.003818192096783246,0.06340000000000146,-0.08849999999999625,0.32130000000002923,-0.594300000000004,-0.4082194630872493
2024-04-26,2024-05-01,460.89,33.456,366.271,227.08700000000002,115.85000000000001,87.5,7.264999999999986,1.0890000000000057,0.3440000000000225,-0.7319999999999993,2.191,13100.0,6772.0,15641.0,3918.0,3.807400000000007,-0.33609908742976075,29.466786011124608,driving,-6.367999999999995,-10.171,3.807400000000007,3.4575999999999794,-0.6112253703120666,-0.6112253703120666,7.876225370312053,1.396878703941213,5.638446164358964,Low,Backwardation,0.6547000000000054,mixed,-0.03576223605516915,-0.05030730707944464,-0.03126804314541276,-0.04856733198297636,-1.7173000000000087,-0.09189999999999543,-1.9502999999999986,0.25329999999998165,1.5918255033557074
2024-05-03,2024-05-08,459.528,35.336,367.218,228.002,116.41,88.5,-1.3619999999999663,1.8799999999999955,0.914999999999992,0.5599999999999881,-2.4290000000000003,13100.0,6969.0,15948.0,4468.0,0.8149999999999977,-0.4159579086092941,28.814145974416856,driving,7.264999999999986,2.191,0.8149999999999977,-2.176999999999964,1.8053077886825577,1.8053077886825577,-3.167307788682524,-0.5610022463364087,5.645802328540458,Low,Backwardation,0.34189999999999543,mixed,0.007782597601428964,0.005050505050504972,0.009150171892241765,0.009227202230821074,0.04759999999998854,0.10290000000000532,-0.8189000000000242,-0.0461000000000098,0.4647161073825572
2024-05-10,2024-05-15,457.02,34.995,367.81100000000004,227.767,116.36500000000001,90.4,-2.508000000000038,-0.3410000000000011,-0.23500000000001364,-0.044999999999987494,-3.822,13100.0,6744.0,16255.0,4135.0,1.1812000000000125,-0.5165589397360553,28.11565672100892,driving,-1.3619999999999663,-2.4290000000000003,1.1812000000000125,-3.6892000000000507,0.10471123706543797,0.10471123706543797,-2.612711237065476,-0.4631953740711828,5.640624633405689,Low,Backwardation,0.3941999999999979,all-draw,0.007818508074852515,0.004491381403253225,0.00984298581662868,0.0015464166626395492,-0.6410000000000053,0.09210000000000207,0.36779999999998836,-0.4834000000000316,-0.32934228187919246
2024-05-17,2024-05-22,458.845,36.32,368.80400000000003,226.822,116.744,91.7,1.8250000000000455,1.3250000000000028,-0.9449999999999932,0.3789999999999907,-10.143,13100.0,6663.0,16482.0,4730.0,-2.4793999999999983,-0.3979296142238221,27.839157869190636,driving,-2.508000000000038,-3.822,-2.4793999999999983,4.304400000000044,-1.3417683783241043,-1.3417683783241043,3.16676837832415,0.5620076912012967,5.634742064748532,Low,Backwardation,0.5297000000000054,mixed,-0.021322230633358696,-0.011824324324324231,-0.024129545663912677,-0.010095711170341803,1.0787999999999869,-0.12120000000000175,0.16910000000000736,0.22790000000000532,-0.634109395973141
2024-05-24,2024-05-29,454.689,34.554,369.289,228.844,119.288,94.3,-4.156000000000006,-1.7659999999999982,2.0219999999999914,2.543999999999997,-10.073,13100.0,6769.0,17083.0,4225.0,1.080999999999983,-0.49740477444031944,26.616460808991395,driving,1.8250000000000455,-10.143,1.080999999999983,-5.236999999999989,-0.026205396314257556,-0.026205396314257556,-4.129794603685748,-0.733550553950728,5.629870472380753,Low,Backwardation,0.4843000000000046,mixed,-0.007515971439308489,-0.0073616718119212665,-0.01432214024994194,-0.012536572391169454,0.0875999999999948,-0.054200000000008686,-0.7503000000000029,-0.800699999999992,-0.7851375838926202
2024-05-31,2024-06-05,455.922,35.408,370.187,230.946,122.485,95.4,1.233000000000004,0.8539999999999992,2.102000000000004,3.1970000000000027,-10.409,13100.0,7058.0,17144.0,4501.0,0.23759999999999765,-0.48719882909978474,26.59367708819412,driving,-4.156000000000006,-10.073,0.23759999999999765,0.9954000000000065,-1.2805176971923986,-1.2805176971923986,2.5135176971924027,0.44674234103460325,5.626325213256904,Low,Backwardation,0.2026000000000039,all-build,0.011194539249146596,0.011480908152734726,0.011415895761739625,0.019124716324052216,0.6388000000000034,0.061199999999985266,-0.4993999999999872,-0.16899999999998272,-0.522579865771803
2024-06-07,2024-06-12,459.652,33.815,370.526,233.512,123.366,95.0,3.7299999999999613,-1.5930000000000035,2.5660000000000025,0.8810000000000002,8.883000000000001,13200.0,8304.0,17047.0,3188.0,2.512000000000023,-0.4455381246872059,26.96380594826069,driving,1.233000000000004,-10.409,2.512000000000023,1.2179999999999382,0.267843198061273,0.267843198061273,3.462156801938688,0.6159746098661603,5.62061608787893,Low,Backwardation,0.3666999999999945,all-build,0.007702182284980763,0.00830078125,0.00592535719054621,0.004006375161204057,-0.13219999999999743,-0.009599999999991837,-0.6729000000000092,0.12229999999999563,0.8601093959731401
2024-06-14,2024-06-19,457.105,34.122,370.91200000000003,231.232,121.64,93.5,-2.5469999999999686,0.30700000000000216,-2.280000000000001,-1.725999999999999,-6.503,13200.0,7054.0,16765.0,4418.0,-2.6926000000000045,-0.4330598736136929,27.265433939755443,driving,3.7299999999999613,8.883000000000001,-2.6926000000000045,0.14560000000003592,0.6570818969480453,0.6570818969480453,-3.204081896948014,-0.570500984886596,5.616260062346642,Low,Backwardation,0.8259000000000043,all-draw,0.007355645457889137,0.004453298956990537,0.004753825449343774,-0.001040430325732089,-0.47630000000000905,0.4701000000000022,-0.11590000000001055,0.42730000000000246,1.1730147651006746
2024-06-21,2024-06-26,460.696,33.896,372.197,233.886,121.263,92.2,3.591000000000008,-0.2259999999999991,2.6539999999999964,-0.37699999999999534,-4.417,13200.0,6611.0,16532.0,3910.0,-6.2650000000000095,-0.17221087386393216,27.86692475199613,driving,-2.5469999999999686,-6.503,-6.2650000000000095,9.856000000000018,-2.7408385543553955,-2.7408385543553955,6.331838554355404,1.1284159553629556,5.611262871871361,Low,Backwardation,0.7475000000000023,mixed,0.0008660150934061139,0.0028231972709091835,-0.0020020069562936005,0.0032761719996183825,0.44009999999998684,-0.01300000000000523,1.2874000000000088,1.027000000000001,0.4465322147650994
2024-06-28,2024-07-03,448.539,34.241,372.595,231.672,119.72800000000001,93.5,-12.157000000000039,0.34499999999999886,-2.2139999999999986,-1.5349999999999966,-10.122,13200.0,6547.0,16792.0,4401.0,-1.6543999999999983,-0.4779972838454242,26.711469747498807,driving,3.591000000000008,-4.417,-1.6543999999999983,-10.50260000000004,-0.09204710426005536,-0.09204710426005536,-12.064952895739983,-2.149286322191099,5.613469350812373,Low,Backwardation,0.911200000000008,all-draw,0.012921144789276529,0.012755102040816535,0.008509767083363373,0.005638783002123615,-0.21829999999999927,-0.05360000000000298,0.028400000000026182,-0.8451999999999913,-1.4312530201342213
2024-07-05,2024-07-10,445.096,33.539,373.072,229.666,124.61200000000001,95.4,-3.4429999999999836,-0.7019999999999982,-2.0060000000000002,4.884,-7.336,13300.0,6760.0,17109.0,3999.0,-0.3021999999999935,-0.5371405383670804,26.015313577649188,driving,-12.157000000000039,-10.122,-0.3021999999999935,-3.1407999999999903,-2.678753134640659,-2.678753134640659,-0.7642468653593246,-0.13553115146627812,5.638901884113919,Low,Backwardation,0.8745999999999867,mixed,0.008475617246038514,0.0049610205527994555,0.010061042877105297,0.005110271492733576,-0.38649999999999807,0.1694000000000102,-1.4605999999999995,-0.7242000000000104,-0.6943671140939642
2024-07-12,2024-07-17,440.226,32.664,373.722,232.994,128.066,93.7,-4.8700000000000045,-0.875,3.328000000000003,3.4539999999999935,-3.8850000000000002,13300.0,7037.0,16928.0,3964.0,-3.931600000000003,-0.5875191744875236,26.00578922495274,driving,-3.4429999999999836,-7.336,-3.931600000000003,-0.9384000000000015,-2.214464676426764,-2.214464676426764,-2.6555353235732406,-0.4715248966375325,5.6318029917614005,Low,Backwardation,1.0493000000000023,mixed,0.02587914809311531,0.01612325331422415,0.02501629051144172,0.01595267028643721,-0.6855000000000047,0.4076000000000022,-1.1019999999999932,-1.258800000000008,-0.2658476510066947
2024-07-19,2024-07-24,436.485,30.956,374.41200000000003,227.422,125.313,91.6,-3.7409999999999854,-1.708000000000002,-5.572000000000003,-2.753,-2.954,13300.0,6871.0,16407.0,4186.0,-1.7918000000000007,-0.5908513297863746,26.60358383616749,driving,-4.8700000000000045,-3.8850000000000002,-1.7918000000000007,-1.9491999999999847,-1.5096481997011777,-1.5096481997011777,-2.2313518002988078,-0.39660728582324273,5.626098864187941,Low,Backwardation,1.0781000000000063,all-draw,0.008186070686070801,0.00864090852981092,0.0026496900289409986,-0.0006658140649848932,-0.25919999999999277,-0.012700000000009481,1.259499999999992,1.0467000000000155,1.1057496644295242
2024-07-26,2024-07-31,433.04900000000004,29.85,375.097,223.757,126.84700000000001,90.1,-3.4359999999999786,-1.105999999999998,-3.664999999999992,1.534000000000006,-5.712,13300.0,6953.0,16150.0,4919.0,-7.155599999999993,-0.5390314427967366,26.81417956656347,driving,-3.7409999999999854,-2.954,-7.155599999999993,3.719600000000014,-2.948312761840907,-2.948312761840907,-0.4876872381590718,-0.08677762478933589,5.619965277258934,Low,Backwardation,0.8717000000000041,mixed,0.04255319148936154,0.026580185679766055,0.04438725421633616,0.02034323604142685,-1.7220999999999975,0.22860000000000014,0.3428000000000111,-0.2787999999999897,1.4541013422818736
2024-08-02,2024-08-07,429.321,30.429000000000002,375.833,225.097,127.796,90.5,-3.7280000000000086,0.5790000000000006,1.3400000000000034,0.9489999999999981,-2.912,13400.0,6224.0,16402.0,3638.0,1.9893999999999892,-0.7948983831966749,26.17491769296427,driving,-3.4359999999999786,-5.712,1.9893999999999892,-5.717399999999998,-0.26080246102190274,-0.26080246102190274,-3.467197538978106,-0.6177219279338335,5.61287754601046,Low,Backwardation,0.8656000000000006,mixed,0.027732240437158495,0.024189330543932908,0.03192500349184013,0.032279802955665016,0.12590000000000146,0.23760000000000048,-0.5506000000000206,0.39859999999998763,0.2985791946308751
2024-08-09,2024-08-14,430.678,28.764,376.527,222.203,126.123,91.5,1.356999999999971,-1.6650000000000027,-2.8940000000000055,-1.6730000000000018,-4.466,13300.0,6285.0,16467.0,3756.0,-3.2791999999999915,-0.6586252658629025,26.154004979656285,driving,-3.7280000000000086,-2.912,-3.2791999999999915,4.636199999999962,-1.7434492006503084,-1.7434492006503084,3.1004492006502793,0.5528319231441493,5.608303484026276,Normal,Backwardation,1.5434000000000054,mixed,-0.017485641352903536,-0.01152559177097523,-0.01696299145799962,-0.011914683458344899,0.3667000000000087,-0.32690000000000907,-0.49389999999999645,0.3573000000000093,0.33580536912751313
2024-08-16,2024-08-21,426.029,28.204,377.163,220.597,122.811,92.3,-4.649000000000001,-0.5599999999999987,-1.6059999999999945,-3.3119999999999976,-4.774,13400.0,6652.0,16689.0,4045.0,-3.4026000000000067,-0.6797845085714331,25.527533105638444,driving,1.356999999999971,-4.466,-3.4026000000000067,-1.2463999999999942,-1.0735421442618378,-1.0735421442618378,-3.575457855738163,-0.6380675370921635,5.603572737820884,Normal,Backwardation,0.7789999999999964,all-draw,-0.0284981091301999,-0.014896373056994872,-0.028472653612424126,-0.013690483902312756,1.0516999999999967,-0.17610000000000525,0.4437999999999924,1.4238,0.04998859060403049
2024-08-23,2024-08-28,425.183,27.536,377.908,218.394,123.086,93.3,-0.8460000000000036,-0.6679999999999993,-2.203000000000003,0.2749999999999915,-4.7250000000000005,13300.0,6560.0,16864.0,3671.0,-6.321199999999988,-0.5014473083055269,25.21246442125237,driving,-4.649000000000001,-4.774,-6.321199999999988,5.475199999999984,-2.9839964890151056,-2.9839964890151056,2.137996489015102,0.38183950548610684,5.599201911529011,Normal,Backwardation,1.1148000000000025,mixed,-0.013372169998676076,-0.011313639220615901,-0.013380951123551088,-0.01708487450007312,-0.3504999999999825,0.006199999999992656,-0.6553000000000111,-1.2965000000000089,-1.2824295302013553
2024-08-30,2024-09-04,418.31,26.394000000000002,379.672,219.24200000000002,122.715,93.3,-6.8729999999999905,-1.1419999999999995,0.8480000000000132,-0.3709999999999951,-10.948,13300.0,5792.0,16900.0,3756.0,-3.7528000000000135,-0.6527238118607601,24.752071005917163,driving,-0.8460000000000036,-4.7250000000000005,-3.7528000000000135,-3.120199999999977,-1.5571769433079876,-1.5571769433079876,-5.315823056692003,-0.9503862579494362,5.593329040932769,Normal,Backwardation,0.7348999999999961,mixed,-0.0162069945976685,-0.014237288135593218,-0.020818230663607662,-0.012844151210134158,0.5178999999999974,-0.07939999999999259,0.24099999999999433,-0.8706000000000103,-1.3663335570469712
2024-09-06,2024-09-11,419.14300000000003,24.69,379.951,221.552,125.023,92.8,0.8330000000000268,-1.7040000000000006,2.309999999999974,2.3079999999999927,0.721,13300.0,6867.0,16759.0,3305.0,-0.0020000000000095497,-0.6029849542664885,25.010024464466856,shoulder,-6.8729999999999905,-10.948,-0.0020000000000095497,0.8350000000000364,-1.869566379562068,-1.869566379562068,2.7025663795620947,0.4832613916876935,5.592349039355128,Normal,Backwardation,0.6370999999999896,all-build,0.023726235741444945,0.020523196993785353,0.013999474226523922,0.014672119385851667,0.09590000000000032,0.05400000000001626,0.16259999999998875,0.056199999999989814,0.05132550335568453
2024-09-13,2024-09-18,417.51300000000003,22.711000000000002,380.606,221.621,125.148,92.1,-1.6299999999999955,-1.9789999999999992,0.06900000000001683,0.125,-10.808,13200.0,6322.0,16477.0,4589.0,-2.1495999999999866,-0.6057881140978292,25.339139406445348,shoulder,0.8330000000000268,0.721,-2.1495999999999866,0.5195999999999912,-0.36938453909543784,-0.36938453909543784,-1.2606154609045577,-0.22562701984257957,5.587165321706999,Normal,Backwardation,1.2447000000000088,mixed,-0.003933136676499527,-0.0006784260515603213,-0.019199046985039048,-0.012381016949152501,0.4568000000000012,-0.2843000000000018,1.3992999999999807,0.7188999999999908,0.16436174496644185
2024-09-20,2024-09-25,413.04200000000003,22.827,381.89300000000003,220.083,122.921,90.9,-4.471000000000004,0.11599999999999966,-1.538000000000011,-2.2269999999999897,-4.158,13200.0,6456.0,16353.0,3897.0,-1.0183999999999969,-0.7238439573042038,25.25787317311808,shoulder,-1.6299999999999955,-10.808,-1.0183999999999969,-3.4526000000000066,-1.3460876593875981,-1.3460876593875981,-3.1249123406124055,-0.5599702910024501,5.580496663525195,Normal,Backwardation,0.7165999999999997,all-draw,-0.026131917272219196,-0.02274843687641359,-0.024607788039177847,-0.019393611938788857,0.30290000000000816,-0.16160000000000707,0.6836000000000109,1.0336000000000212,0.31795771812078044
2024-09-27,2024-10-02,416.931,23.667,382.553,221.202,121.637,87.6,3.888999999999953,0.8399999999999999,1.1189999999999998,-1.284000000000006,2.513,13300.0,6628.0,15691.0,3878.0,0.42439999999999145,-0.6369474325146391,26.57134663182716,shoulder,-4.471000000000004,-4.158,0.42439999999999145,3.4645999999999617,-0.792990493160765,-0.792990493160765,4.681990493160718,0.8397348649117241,5.575558058617592,Normal,Backwardation,0.4684000000000026,mixed,0.0038665330087355176,0.004622077215878262,0.008806039726666048,0.0025863666517160766,-0.4270000000000067,0.03629999999999711,0.14479999999998405,0.052399999999991564,-0.18421073825503242
2024-10-04,2024-10-09,422.741,24.914,382.93,214.898,118.513,86.7,5.810000000000002,1.2469999999999999,-6.304000000000002,-3.1239999999999952,1.7850000000000001,13400.0,6239.0,15590.0,3794.0,5.165600000000007,-0.661285334733912,27.116164207825527,heating,3.888999999999953,2.513,5.165600000000007,0.6443999999999956,2.5689605820585193,2.5689605820585193,3.241039417941483,0.5814771651976474,5.573803430165371,Normal,Backwardation,0.5781000000000063,mixed,-0.004485523990757079,-0.007774034724021828,-0.005955305432727376,-0.009227592437245913,-0.2750000000000057,0.12999999999999545,0.02559999999999718,-0.6603999999999957,0.10537583892617874
2024-10-11,2024-10-16,420.55,25.022000000000002,383.882,212.697,114.979,87.7,-2.190999999999974,0.10800000000000054,-2.2009999999999934,-3.534000000000006,-5.9430000000000005,13500.0,5529.0,15755.0,4123.0,1.0670000000000073,-0.857956772574527,26.693113297365915,heating,5.810000000000002,1.7850000000000001,1.0670000000000073,-3.2579999999999814,1.5150699650063262,1.5150699650063262,-3.7060699650063,-0.6654311274080206,5.569426815727932,Normal,Backwardation,0.5953999999999979,all-draw,-0.0026919807310852306,-0.00040404040404040664,-0.005668158905847931,-0.0023000146011410427,0.23029999999999973,-0.023499999999998522,0.19199999999997885,-0.446399999999997,-0.3700986577181027
2024-10-18,2024-10-23,426.024,24.676000000000002,384.642,213.57500000000002,113.839,89.5,5.4739999999999895,-0.3460000000000001,0.8780000000000143,-1.1400000000000006,-1.855,13500.0,6431.0,16084.0,4112.0,0.16559999999998354,-0.6558847486119551,26.487440935090774,heating,-2.190999999999974,-5.9430000000000005,0.16559999999998354,5.308400000000006,-0.6559699344900622,-0.6559699344900622,6.129969934490052,1.1014418060777966,5.565405181340177,Normal,Backwardation,0.5386000000000024,mixed,-0.01831044527673753,-0.014203051025776126,-0.015184691612087242,-0.0052844910239032705,0.6953999999999922,-0.1174000000000035,0.16679999999999495,0.838799999999992,0.09714362416109168
2024-10-25,2024-10-30,425.509,25.357,385.831,210.868,112.86200000000001,89.1,-0.5149999999999864,0.6809999999999974,-2.707000000000022,-0.9769999999999897,-5.873,13500.0,5975.0,16053.0,4261.0,2.3896000000000073,-0.7509105954839136,26.506509686662927,heating,5.4739999999999895,-1.855,2.3896000000000073,-2.9045999999999936,1.567008253850978,1.567008253850978,-2.0820082538509643,-0.3739783121430478,5.5671898242446485,Normal,Backwardation,0.3936999999999955,all-draw,0.020830233596191183,0.020106861642294582,0.02441769863078891,0.022989745450165078,-0.0007999999999981355,0.02909999999999968,0.3921000000000099,0.772900000000007,0.6191429530201304
2024-11-01,2024-11-06,427.658,25.879,387.223,211.28,115.809,90.5,2.149000000000001,0.522000000000002,0.41200000000000614,2.9469999999999885,3.892,13500.0,6240.0,16334.0,2850.0,4.202999999999998,-1.1154313805258687,26.18207420105302,heating,-0.5149999999999864,-5.873,4.202999999999998,-2.0539999999999967,0.9007300379937702,0.9007300379937702,1.2482699620062307,0.22445988913910128,5.561216156676699,Normal,Backwardation,0.4251999999999896,all-build,-0.004167245450756973,-0.008076261088309278,0.0007160484177146653,-0.004836700133860061,-0.41660000000001673,0.02380000000000848,-0.6490999999999936,-1.0719000000000136,-0.7708476510067044
2024-11-08,2024-11-13,429.747,25.191,387.79,206.873,114.415,91.4,2.0889999999999986,-0.6880000000000024,-4.407000000000011,-1.3939999999999912,-0.28,13400.0,6509.0,16509.0,3440.0,1.1379999999999995,-0.9762940213913871,26.031073959658368,heating,2.149000000000001,3.892,1.1379999999999995,0.9509999999999992,1.1587509353307142,1.1587509353307142,0.9302490646692845,0.1674669241069445,5.554822659041775,Normal,Backwardation,0.14730000000000132,mixed,0.0045507927187316,0.005424954792043302,0.008632901124995485,0.004042938798271223,-0.29749999999999943,0.007099999999994111,-0.3214999999999968,0.14330000000002485,0.574093959731556
2024-11-15,2024-11-20,430.29200000000003,25.051000000000002,389.19,208.927,114.301,90.2,0.5450000000000159,-0.13999999999999702,2.054000000000002,-0.11400000000000432,1.953,13201.0,7684.0,16228.0,4378.0,1.0114000000000032,-0.9672064019967199,26.515405472023662,heating,2.0889999999999986,-0.28,1.0114000000000032,-0.46639999999998727,0.7549880095941447,0.7549880095941447,-0.20998800959412878,-0.037847384244197445,5.548283290577023,Normal,Backwardation,0.04529999999999745,mixed,-0.007493875198155253,-0.006820351930159618,-0.0030079248639718337,-0.0030051167466713657,-0.012000000000014666,0.12410000000001276,0.2404999999999795,-0.3755000000000024,0.25812550335571416
2024-11-22,2024-11-27,428.44800000000004,24.142,390.362,212.241,114.717,90.5,-1.843999999999994,-0.9090000000000025,3.3140000000000214,0.4159999999999968,-9.674,13493.0,6083.0,16295.0,4663.0,-1.8272000000000161,-0.8700664147910572,26.29321877876649,heating,0.5450000000000159,1.953,-1.8272000000000161,-0.016799999999977944,-0.19082779998748337,-0.19082779998748337,-1.6531722000125106,-0.2983240598164402,5.541531584913778,Low,Backwardation,0.3316999999999979,mixed,-0.0007270612185545922,0.0002746875429198159,-0.0014232129836769802,-3.70167260762555e-05,0.09470000000000312,0.039699999999996294,-0.9497999999999891,-1.498599999999982,-1.3555953020134126
2024-11-29,2024-12-04,423.375,24.192,391.807,214.603,118.10000000000001,93.3,-5.073000000000036,0.05000000000000071,2.3619999999999948,3.3830000000000098,-2.394,13513.0,7290.0,16910.0,4235.0,-3.252599999999984,-0.9059596901183289,25.036960378474276,heating,-1.843999999999994,-9.674,-3.252599999999984,-1.8204000000000518,-2.00686378621446,-2.00686378621446,-3.066136213785576,-0.553921894392089,5.535322298734118,Low,Backwardation,0.395300000000006,mixed,-0.020017157563625876,-0.017794077696278165,-0.021071400552032937,-0.015934784113535883,0.3032000000000039,-0.02740000000000009,0.008599999999990615,-0.9714000000000027,-0.5167382550335589
2024-12-06,2024-12-11,421.95,22.894000000000002,392.531,219.689,121.33500000000001,92.4,-1.4250000000000114,-1.2979999999999983,5.085999999999984,3.2349999999999994,-1.0010000000000001,13631.0,5984.0,16659.0,3099.0,4.348599999999999,-0.9984789893559097,25.32865117954259,heating,-5.073000000000036,-2.394,4.348599999999999,-5.773600000000011,0.585876161280827,0.585876161280827,-2.010876161280838,-0.3635962859371227,5.5305189823324605,Low,Backwardation,0.32510000000000616,mixed,0.02478495407493808,0.018423604377337588,0.020552011547774196,0.02140894228755097,0.13090000000001112,0.07919999999998595,-0.22660000000000124,-0.2909999999999968,0.4743241610738238
2024-12-13,2024-12-18,421.016,23.002,393.05,222.037,118.155,91.8,-0.9339999999999691,0.10799999999999699,2.348000000000013,-3.180000000000007,-8.771,13604.0,6649.0,16611.0,4895.0,-2.358000000000004,-0.9329243945240847,25.345614351935463,heating,-1.4250000000000114,-1.0010000000000001,-2.358000000000004,1.424000000000035,-0.9305657224027191,-0.9305657224027191,-0.003434277597250013,-0.0006216321866050875,5.524613543590129,Low,Backwardation,0.431200000000004,mixed,0.007134703196347125,0.0027326137450471855,0.007663064712542189,-0.00454942177612927,-0.8709999999999951,0.09539999999999793,-0.07819999999998117,0.9326000000000221,0.9476536912751783
2024-12-20,2024-12-25,416.779,22.682000000000002,393.31,223.667,116.461,92.5,-4.237000000000023,-0.31999999999999673,1.6299999999999955,-1.6940000000000026,-3.374,13585.0,6471.0,16816.0,3722.0,-3.4293999999999984,-0.9401132572375631,24.784669362511895,heating,-0.9339999999999691,-8.771,-3.4293999999999984,-0.8076000000000247,-1.8661680064603954,-1.8661680064603954,-2.370831993539628,-0.429657594410246,5.517956680816651,Low,Backwardation,0.23980000000000246,mixed,-0.006847360912981326,-0.00434900788257675,-0.006295695425080461,-0.0048100492276355045,0.08779999999998722,0.16429999999999723,-0.46799999999999997,-1.187599999999989,-0.3370751677852155
2024-12-27,2025-01-01,415.601,22.54,393.57,231.38400000000001,122.867,92.7,-1.1779999999999973,-0.142000000000003,7.717000000000013,6.406000000000006,-1.484,13573.0,6926.0,16857.0,3854.0,-4.982600000000002,-0.8480842353389423,24.654505546657177,heating,-4.237000000000023,-3.374,-4.982600000000002,3.804600000000005,-2.4093259486305474,-2.4093259486305474,1.2313259486305501,0.22337317764361106,5.512416314348692,Low,Backwardation,0.4954000000000036,mixed,0.019659788064696038,0.01728295819935699,0.00038833005549343547,0.014775507695103718,-0.2617999999999938,-0.011400000000008959,-0.1062999999999974,-0.26309999999999434,0.3824476510067001
2025-01-03,2025-01-08,414.642,20.038,393.817,237.714,128.93800000000002,93.3,-0.9590000000000032,-2.501999999999999,6.329999999999984,6.071000000000012,0.077,13563.0,6428.0,16902.0,3078.0,1.780000000000007,-1.0650543830011658,24.532126375576855,heating,-1.1779999999999973,-1.484,1.780000000000007,-2.73900000000001,0.3988015374460155,0.3988015374460155,-1.3578015374460186,-0.24659473887541622,5.506206432619808,Low,Backwardation,0.6846999999999923,mixed,-0.012525252525252606,-0.011550940947436694,-0.014112675145853903,-0.01371185811016351,-0.011400000000008959,-0.045099999999990814,0.28349999999999476,0.13229999999998654,0.2539308724832239
2025-01-10,2025-01-15,412.68,20.803,394.317,243.566,132.01500000000001,91.7,-1.961999999999989,0.7650000000000006,5.852000000000004,3.076999999999998,-7.84,13481.0,6124.0,16647.0,4078.0,0.12679999999999153,-1.1828359151682295,24.790052261668766,heating,-0.9590000000000032,0.077,0.12679999999999153,-2.0887999999999805,0.029236405621693592,0.029236405621693592,-1.9912364056216827,-0.3620466715313496,5.499943963576148,Low,Backwardation,1.134999999999991,mixed,0.032774193548387176,0.026401401401401348,0.027647122463383633,0.026996633826864347,0.021199999999993224,0.17740000000000578,0.5007999999999981,1.2343999999999937,0.4999852348993272
2025-01-17,2025-01-22,411.663,20.655,394.56600000000003,245.898,128.945,85.9,-1.016999999999996,-0.1479999999999997,2.3319999999999936,-3.0700000000000216,1.295,13477.0,6745.0,15522.0,4515.0,-0.4752000000000066,-1.0998678696230817,26.521260146888288,heating,-1.961999999999989,-7.84,-0.4752000000000066,-0.5417999999999893,-1.0009703457543875,-1.0009703457543875,-0.016029654245608427,-0.0029175984141899584,5.4941263224051,Low,Backwardation,0.3027000000000015,mixed,-0.005929634998023459,-0.0036574599571195243,-0.006038043621247602,-0.0050528967254408474,0.057800000000000296,0.4455999999999989,-1.2798000000000052,-2.531400000000005,-1.906853691275174
2025-01-24,2025-01-29,415.12600000000003,20.981,394.814,248.85500000000002,123.95100000000001,83.5,3.4630000000000223,0.3260000000000005,2.957000000000022,-4.993999999999986,5.691,13240.0,6448.0,15189.0,3686.0,-0.40699999999998226,-1.0909571090716481,27.33069984857463,heating,-1.016999999999996,1.295,-0.40699999999998226,3.8700000000000045,-0.055977601877836014,-0.055977601877836014,3.5189776018778582,0.6412616223012837,5.487584909961349,Low,Backwardation,0.8748999999999967,mixed,-0.015588992815507519,-0.011743450767841002,-0.013087381900798056,-0.009159420289855058,0.25560000000000116,-0.19660000000000366,0.5424000000000078,1.113599999999991,1.1640201342281955
2025-01-31,2025-02-05,423.79,20.947,395.064,251.088,118.48,84.5,8.663999999999987,-0.03400000000000247,2.2329999999999757,-5.471000000000004,4.9910000000000005,13478.0,6915.0,15349.0,4331.0,1.109599999999989,-0.748612074884895,27.61026776988729,heating,3.4630000000000223,5.691,1.109599999999989,7.5543999999999984,1.4973537470801843,1.4973537470801843,7.1666462529198025,1.3068401458615626,5.483950179840118,Low,Backwardation,0.41159999999999286,mixed,-0.022971114167812945,-0.020866141732283516,-0.02664703666929169,-0.01800854419980291,0.5756999999999977,-0.14149999999999352,-0.02689999999999415,0.08510000000001128,-0.19879194630871666
2025-02-07,2025-02-12,427.86,21.819,395.313,248.053,118.61500000000001,85.0,4.069999999999993,0.8719999999999999,-3.0349999999999966,0.13500000000000512,3.241,13494.0,6309.0,15431.0,3909.0,6.047199999999998,-0.8599981005500467,27.727302183915494,heating,8.663999999999987,4.9910000000000005,6.047199999999998,-1.9772000000000052,3.8272385467060226,3.8272385467060226,0.24276145329397059,0.04422757095396277,5.488916710950848,Low,Backwardation,0.24389999999999645,mixed,-0.026595744680850908,-0.023636363636363567,-0.025612662022797328,-0.024252436765178742,0.014899999999997249,-0.077699999999993,-0.5442000000000071,-0.5414000000000101,-1.3112879194630835
2025-02-14,2025-02-19,432.493,23.291,395.313,247.90200000000002,116.56400000000001,84.9,4.632999999999981,1.4720000000000013,-0.15099999999998204,-2.051000000000002,-3.36,13497.0,5820.0,15416.0,4381.0,1.766599999999994,-0.760300135541258,28.054813181110532,heating,4.069999999999993,3.241,1.766599999999994,2.866399999999987,1.6248234844898117,1.6248234844898117,3.0081765155101694,0.548691858837721,5.482451520024933,Low,Backwardation,0.004199999999997317,mixed,0.005567153792623625,0.0026371308016877038,0.004799766068842581,0.004271304384554586,-0.021100000000004115,0.1361000000000132,-0.4091000000000129,-0.5211000000000041,0.5488832214765154
2025-02-21,2025-02-26,430.161,24.573,395.313,248.27100000000002,120.47200000000001,86.5,-2.3319999999999936,1.282,0.3689999999999998,3.9080000000000013,-3.5,13502.0,5919.0,15733.0,4188.0,0.9010000000000218,-0.8669479713883632,27.341320790694716,heating,4.632999999999981,-3.36,0.9010000000000218,-3.2330000000000156,0.8295216588917632,0.8295216588917632,-3.1615216588917567,-0.5771233074866933,5.478069622001278,Low,Backwardation,0.23380000000000223,mixed,-0.004497316117800687,-0.006710490276636505,-0.006222293164619308,-0.0043713216135592425,0.1092000000000013,0.04250000000000398,-0.9418000000000077,-2.1373999999999995,-1.3128161073825595
2025-02-28,2025-03-05,433.77500000000003,25.697,395.313,246.838,119.154,85.9,3.6140000000000327,1.1239999999999988,-1.4330000000000211,-1.318000000000012,-1.414,13508.0,5813.0,15387.0,4136.0,4.031400000000008,-0.748027773524478,28.191005394163906,heating,-2.3319999999999936,-3.5,4.031400000000008,-0.4173999999999749,0.8056394490757992,0.8056394490757992,2.8083605509242338,0.5130710306700516,5.473629152783427,Low,Backwardation,0.5336999999999961,mixed,-0.028567242894813938,-0.024493243243243423,-0.026650077231733293,-0.02472954042969744,0.0601999999999947,-0.10679999999999268,-0.47329999999998407,-0.25210000000001287,0.5531456375838957
2025-03-07,2025-03-12,435.223,24.469,395.588,241.101,117.595,86.5,1.447999999999979,-1.227999999999998,-5.736999999999995,-1.5589999999999975,0.329,13575.0,5470.0,15708.0,3290.0,5.164199999999982,-0.8225602548557512,27.707091927680164,heating,3.6140000000000327,-1.414,5.164199999999982,-3.7162000000000033,2.2354512757070175,2.2354512757070175,-0.7874512757070384,-0.14398389697000386,5.469023219111009,Low,Backwardation,0.33500000000000796,mixed,0.021584905660377407,0.01998274870615302,0.018348251161153017,0.01392146542945727,-0.24609999999999843,-0.03920000000000812,0.05870000000001596,-1.1732999999999834,-1.2865946308724858
2025-03-14,2025-03-19,436.968,23.46,395.863,240.574,114.783,86.9,1.7450000000000045,-1.0090000000000003,-0.5269999999999868,-2.8119999999999976,-9.443,13573.0,5385.0,15663.0,4644.0,0.20140000000001237,-0.7254870868268629,27.89810381153036,heating,1.447999999999979,0.329,0.20140000000001237,1.543599999999992,0.48172838133224366,0.48172838133224366,1.2632716186677608,0.23125339656970748,5.462715953177227,Low,Backwardation,0.12539999999999907,mixed,0.0038863976083705065,0.0031179138321995037,0.004825734060057929,0.006275912989152088,0.11910000000000309,0.09140000000000725,0.1922999999999888,1.1218999999999824,0.7996107382550264
2025-03-21,2025-03-26,433.627,22.705000000000002,396.149,239.12800000000001,114.36200000000001,87.0,-3.341000000000008,-0.754999999999999,-1.445999999999998,-0.42099999999999227,-4.13,13574.0,6195.0,15750.0,4609.0,-0.8476000000000112,-0.798094335417149,27.531873015873018,heating,1.7450000000000045,-9.443,-0.8476000000000112,-2.4933999999999967,-0.7389236575924123,-0.7389236575924123,-2.602076342407596,-0.47685638498325733,5.456729582217833,Low,Backwardation,0.4347000000000065,all-draw,0.009420289855072594,0.010545056149000365,0.008113587330599303,0.01141345943581884,0.2740000000000009,0.0013999999999896318,0.10810000000001452,-0.5778999999999854,-0.2293953020134012
2025-03-28,2025-04-02,439.79200000000003,25.078,396.434,237.577,114.626,86.0,6.1650000000000205,2.3729999999999976,-1.5510000000000161,0.2639999999999958,4.249,13580.0,6466.0,15558.0,3881.0,2.969799999999998,-0.7240194528438396,28.267900758452246,heating,-3.341000000000008,-4.13,2.969799999999998,3.1952000000000225,0.27738871226117096,0.27738871226117096,5.887611287738849,1.0799585623207222,5.451701105167373,Low,Backwardation,0.48699999999999477,mixed,0.007162921348314422,0.006175325547053356,0.00895215917821024,-0.014903329752953831,-1.747399999999999,0.02030000000000598,0.6127999999999929,0.7191999999999865,0.5214630872483355
2025-04-04,2025-04-09,442.345,25.759,396.71000000000004,235.977,111.08200000000001,86.7,2.5529999999999973,0.6810000000000009,-1.5999999999999943,-3.543999999999997,5.432,13458.0,6189.0,15627.0,3244.0,5.494999999999993,-0.9195436289868953,28.30645677353299,driving,6.1650000000000205,4.249,5.494999999999993,-2.9419999999999957,3.262009446253541,3.262009446253541,-0.7090094462535439,-0.13002174951788448,5.4530065076229395,Normal,Backwardation,0.4322999999999979,mixed,0.046492111446794215,0.04234320280165549,0.06728284686180186,0.06646648271384503,0.15529999999999688,0.13970000000000482,-1.3902999999999963,-0.2394999999999925,-0.32654362416106153
2025-04-11,2025-04-16,442.86,25.105,397.009,234.019,109.23100000000001,86.3,0.5149999999999864,-0.6539999999999999,-1.9579999999999984,-1.850999999999999,-8.407,13462.0,6001.0,15564.0,5100.0,0.6984000000000037,-0.7778356002488829,28.454124903623747,driving,2.5529999999999973,5.432,0.6984000000000037,-0.18340000000001733,1.307785523314856,1.307785523314856,-0.7927855233148697,-0.14555182581496692,5.446757667765021,Normal,Backwardation,0.5742000000000047,mixed,0.01858796673732277,0.018246482140095832,0.020119291663076577,0.017088890602112494,-0.12930000000000064,0.09979999999999478,-0.21699999999998454,0.22820000000001528,0.43532416107383654
2025-04-18,2025-04-23,443.104,25.019000000000002,397.47700000000003,229.543,106.878,88.1,0.24399999999997135,-0.08599999999999852,-4.475999999999999,-2.3530000000000086,-2.723,13460.0,5589.0,15889.0,3549.0,0.9769999999999982,-0.7038860133411854,27.887469318396374,driving,0.5149999999999864,-8.407,0.9769999999999982,-0.7330000000000269,-0.23247843905676735,-0.23247843905676735,0.4764784390567387,0.0875790354344779,5.440553628992811,High,Backwardation,0.6768999999999963,mixed,-0.03172134971233087,-0.019572953736654686,-0.03148874247140143,-0.024502814203581025,0.36370000000000147,0.0002000000000066393,1.2735999999999947,1.088799999999999,0.10968657718120767
2025-04-25,2025-04-30,440.408,25.701,398.54200000000003,225.54,107.815,88.6,-2.6959999999999695,0.6819999999999986,-4.003000000000014,0.9369999999999976,-8.652000000000001,13465.0,5498.0,16078.0,4121.0,3.273599999999999,-0.8293270665553227,27.39196417464859,driving,0.24399999999997135,-2.723,3.273599999999999,-5.969599999999969,1.0346913382748604,1.0346913382748604,-3.7306913382748297,-0.6865035048066904,5.434336914747928,Normal,Backwardation,0.5748999999999995,mixed,-0.036577292287322094,-0.01758754863813239,-0.034977740683526104,-0.014092030864390481,1.2057999999999893,0.007600000000003604,0.29359999999999076,-0.46240000000000947,-1.421598657718107
2025-05-02,2025-05-07,438.37600000000003,24.961000000000002,399.122,225.728,106.708,89.0,-2.0319999999999823,-0.7399999999999984,0.1880000000000166,-1.1069999999999993,-4.578,13367.0,6056.0,16071.0,4006.0,1.3352000000000088,-0.9660813253633055,27.27745628772323,driving,-2.6959999999999695,-8.652000000000001,1.3352000000000088,-3.367199999999991,-0.5898267607270717,-0.5898267607270717,-1.4421732392729105,-0.26555093332910407,5.430872417554595,Normal,Backwardation,0.41380000000000194,mixed,-0.017261804027754346,-0.016572807723250205,-0.01722189132847829,-0.0172973408541498,-0.055499999999995,-0.04410000000000025,-0.4717999999999911,-0.36820000000000874,-0.12996174496644386
2025-05-09,2025-05-14,441.83,23.892,399.65000000000003,224.70600000000002,103.553,90.2,3.453999999999951,-1.0690000000000026,-1.0219999999999914,-3.155000000000001,-3.794,13387.0,5841.0,16401.0,3369.0,-0.40660000000000307,-0.8418798961141924,26.939211023718066,driving,-2.0319999999999823,-4.578,-0.40660000000000307,3.860599999999954,-0.6722965565305261,-0.6722965565305261,4.126296556530477,0.7606068292694887,5.425005926509369,Normal,Backwardation,0.46649999999999636,mixed,-0.008167111669546201,-0.008104457451598268,-0.012754865561705797,-0.010172579127575077,0.134999999999998,-0.0006999999999948159,1.2808000000000064,1.8828000000000102,0.7201557046979872
2025-05-16,2025-05-21,443.158,23.435,400.493,225.522,104.132,90.7,1.3280000000000314,-0.45700000000000074,0.8159999999999741,0.5790000000000077,-3.612,13392.0,6089.0,16490.0,3507.0,-3.062399999999991,-0.7348892911229267,26.87434808975136,driving,3.453999999999951,-3.794,-3.062399999999991,4.390400000000023,-0.6918610068804635,-0.6918610068804635,2.019861006880495,0.37249208845552995,5.422560826071441,Normal,Backwardation,0.522199999999998,all-build,-0.015824808184143224,-0.007188742734781317,-0.01987326498485731,-0.014516178219633358,0.2914999999999992,0.020400000000002194,1.1189000000000071,1.0629000000000133,0.6399194630872387
2025-05-23,2025-05-28,440.363,23.51,401.313,223.08100000000002,103.408,90.2,-2.795000000000016,0.07500000000000284,-2.440999999999974,-0.7240000000000038,-6.139,13401.0,6351.0,16328.0,4301.0,0.3061999999999898,-0.7418102518704467,26.969806467417932,driving,1.3280000000000314,-3.612,0.3061999999999898,-3.1012000000000057,0.1308018612959484,0.1308018612959484,-2.925801861295964,-0.5400852660534603,5.417296203385696,Low,Backwardation,0.563600000000001,all-draw,0.01560190507472492,0.012638477141519777,0.009572971359794735,0.009433918219662996,0.02240000000000464,0.06679999999999353,-0.08679999999998245,-0.579599999999985,0.315504697986583
2025-05-30,2025-06-04,436.059,24.086000000000002,401.822,228.3,107.638,93.4,-4.303999999999974,0.5760000000000005,5.218999999999994,4.230000000000004,-8.057,13408.0,6346.0,16998.0,3907.0,-0.8700000000000045,-0.8653607368185465,25.653547476173667,driving,-2.795000000000016,-6.139,-0.8700000000000045,-3.433999999999969,-1.0693346439285907,-1.0693346439285907,-3.2346653560713827,-0.5975955962198606,5.412799854169811,Low,Backwardation,0.9149999999999991,mixed,-0.008831414603374776,-0.011732439433186026,-0.008426207922245799,-0.010901615737093473,-0.1817000000000064,0.02470000000000283,-1.1393000000000093,-0.7220999999999975,-0.21748590604026674
2025-06-06,2025-06-11,432.415,23.683,402.059,229.804,108.884,94.3,-3.6440000000000055,-0.40300000000000225,1.5039999999999907,1.2459999999999951,-6.356,13428.0,6176.0,17226.0,3286.0,2.816800000000012,-1.0175599984106636,25.102461395564845,driving,-4.303999999999974,-8.057,2.816800000000012,-6.460800000000018,-0.28468339897502615,-0.28468339897502615,-3.3593166010249793,-0.6210950432669035,5.408699743207222,Low,Backwardation,1.0940000000000083,mixed,0.04878424130501702,0.04336772842829362,0.0460968707491376,0.06253489419180558,1.1744000000000057,0.1950999999999965,0.035899999999987386,-0.5268999999999977,-0.26535771812081066
2025-06-13,2025-06-18,420.942,22.688,402.289,230.013,109.398,93.2,-11.473000000000013,-0.995000000000001,0.20900000000000318,0.5139999999999958,-16.016000000000002,13431.0,5504.0,16862.0,4361.0,-2.580799999999999,-1.2240833908478521,24.963942592812238,driving,-3.6440000000000055,-6.356,-2.580799999999999,-8.892200000000013,-1.775336723468746,-1.775336723468746,-9.697663276531268,-1.7942777015447973,5.404772777470282,Normal,Backwardation,1.6619000000000028,mixed,0.004008551576696995,0.0032701111837802888,-0.0007595416586574366,-0.014209639803058005,-1.0398000000000138,0.00920000000000698,1.5423000000000044,1.4303000000000026,1.7566463087248536
2025-06-20,2025-06-25,415.106,22.224,402.526,227.93800000000002,105.33200000000001,94.7,-5.836000000000013,-0.46399999999999864,-2.0749999999999886,-4.065999999999988,-13.146,13435.0,5944.0,16987.0,4270.0,-2.989200000000005,-1.2437404956220812,24.436686878200973,driving,-11.473000000000013,-16.016000000000002,-2.989200000000005,-2.8468000000000075,-4.000872271466005,-4.000872271466005,-1.8351277285340073,-0.33871811937460095,5.417861116855315,High,Backwardation,1.2237999999999971,all-draw,0.008544352959453105,0.008042895442359255,0.004509645373685922,-0.002171820008758041,-0.44010000000000105,0.2740000000000009,-0.31380000000001473,-0.07860000000000866,-0.13233758389260686
2025-06-27,2025-07-02,418.951,20.731,402.765,232.126,103.622,94.9,3.8450000000000273,-1.4929999999999986,4.187999999999988,-1.710000000000008,6.594,13433.0,6919.0,17105.0,2305.0,-3.868799999999999,-1.1570734389654032,24.492896813797135,driving,-5.836000000000013,-13.146,-3.868799999999999,7.713800000000026,-3.2259966457077676,-3.2259966457077676,7.070996645707795,1.3064600970508542,5.412332654988509,High,Backwardation,1.3233999999999924,mixed,0.030557677616501078,0.029801817910892536,0.023165012276634478,0.02811840266420873,0.36950000000000216,0.11780000000000257,0.2716000000000065,1.9599999999999937,0.3570221476510085
2025-07-04,2025-07-09,426.021,21.195,403.003,229.46800000000002,102.797,94.7,7.069999999999993,0.46399999999999864,-2.657999999999987,-0.8250000000000028,-2.555,13385.0,6013.0,17006.0,2757.0,0.9090000000000031,-0.9391167571867407,25.051217217452663,driving,3.8450000000000273,6.594,0.9090000000000031,6.16099999999999,1.6254876915890977,1.6254876915890977,5.4445123084108955,1.0050727117557976,5.4170332601107845,High,Backwardation,1.3444999999999965,mixed,0.0007317430118543022,0.0005702066999286881,-0.0002269090738741264,0.002009876536155586,0.15619999999998413,0.048500000000004206,-0.41150000000001796,-1.5091000000000037,-0.2805255033557046
2025-07-11,2025-07-16,422.16200000000003,21.408,402.70300000000003,232.86700000000002,106.97,93.9,-3.8589999999999804,0.21300000000000097,3.399000000000001,4.173000000000002,-4.291,13375.0,6379.0,16849.0,3518.0,-4.282400000000007,-0.9666095075928789,25.05561160899757,driving,7.069999999999993,-2.555,-4.282400000000007,0.42340000000002664,-0.441024482067366,-0.441024482067366,-3.4179755179326143,-0.6309303183488999,5.417358174952212,Normal,Backwardation,1.1744000000000057,mixed,-0.0021046301864101613,-0.002765245233590452,0.0002549050478695136,-0.001297305149996264,-0.10629999999999029,0.09189999999999543,-0.843,-0.3445999999999998,-0.07848523489934678
2025-07-18,2025-07-23,418.993,21.863,402.503,231.129,109.901,95.5,-3.1690000000000396,0.4549999999999983,-1.738000000000028,2.9309999999999974,-10.794,13273.0,5976.0,16936.0,3855.0,-0.37299999999999045,-0.9676441949044179,24.739785073216815,driving,-3.8589999999999804,-4.291,-0.37299999999999045,-2.796000000000049,-0.9010516432934793,-0.9010516432934793,-2.2679483567065604,-0.41894027468263273,5.413536233594728,Low,Backwardation,1.0597999999999956,mixed,-0.014499320344358746,-0.0011663507799970496,-0.010814388758838778,-0.0004950206743927765,0.6816000000000031,-0.2639999999999958,1.3189999999999777,0.896199999999979,0.3336107382550182
2025-07-25,2025-07-30,426.69100000000003,22.553,402.741,228.405,113.536,95.4,7.698000000000036,0.6900000000000013,-2.7239999999999895,3.635000000000005,-1.113,13314.0,6136.0,16911.0,2698.0,-6.143599999999992,-0.6865302852432165,25.23156525338537,driving,-3.1690000000000396,-10.794,-6.143599999999992,13.841600000000028,-3.334438560234033,-3.334438560234033,11.03243856023407,2.0398628956229214,5.408421607112496,Low,Backwardation,0.935299999999998,mixed,0.011414535471752751,0.010067576885946616,0.015378981001926473,0.012039075399009391,-0.1916000000000082,0.23490000000001032,-0.20420000000001437,-2.738200000000006,-1.9430671140939495
2025-08-01,2025-08-06,423.66200000000003,23.006,402.976,227.082,112.971,96.9,-3.0289999999999964,0.4529999999999994,-1.3230000000000075,-0.5649999999999977,-8.372,13284.0,5962.0,17124.0,3318.0,0.7667999999999893,-0.8793595457618907,24.740831581406216,driving,7.698000000000036,-1.113,0.7667999999999893,-3.7957999999999856,1.4104708498021041,1.4104708498021041,-4.439470849802101,-0.8178823342393091,5.42800677304167,Low,Backwardation,0.964500000000001,all-draw,-0.012430939226519389,-0.011088113542282674,-0.016701118574412366,-0.011206376969166931,0.32970000000000255,-0.030000000000001137,1.1009000000000064,1.218500000000006,0.9688953020134221
2025-08-08,2025-08-13,426.69800000000004,23.051000000000002,403.202,226.29,113.685,96.4,3.0360000000000014,0.045000000000001705,-0.7920000000000016,0.7139999999999986,-3.5700000000000003,13327.0,6920.0,17180.0,3577.0,-3.323799999999994,-0.7017679717819649,24.83690337601863,driving,-3.0289999999999964,-8.372,-3.323799999999994,6.3597999999999955,-2.081073847845909,-2.081073847845909,5.11707384784591,0.9430970951283518,5.4258186927714975,Low,Backwardation,0.7057999999999964,mixed,-0.008231755580180522,-0.0074107683000605995,-0.0067517294875650835,-0.005629775323398145,0.05439999999999401,0.01190000000000424,0.31030000000001223,0.41390000000000526,-2.47465167785235
2025-08-15,2025-08-20,420.684,23.47,403.425,223.57,116.028,96.6,-6.01400000000001,0.41899999999999693,-2.719999999999999,2.3430000000000035,-11.907,13382.0,6497.0,17208.0,4372.0,-3.786000000000013,-0.7470864324554762,24.447001394700138,driving,3.0360000000000014,-3.5700000000000003,-3.786000000000013,-2.227999999999997,-0.8998294913481741,-0.8998294913481741,-5.114170508651836,-0.942641265715799,5.425362430710443,Low,Backwardation,0.5523999999999987,mixed,0.01379310344827589,0.015959872321021473,0.010114549353267943,0.01625403545590598,0.4402999999999935,-0.07379999999999853,0.7725999999999758,0.2797999999999803,0.39262348993288754
2025-08-22,2025-08-27,418.29200000000003,22.632,404.201,222.334,114.242,94.6,-2.391999999999996,-0.8379999999999974,-1.23599999999999,-1.7860000000000014,-7.119,13439.0,6234.0,16880.0,3810.0,-4.4849999999999905,-0.6882312039745085,24.780331753554506,driving,-6.01400000000001,-11.907,-4.4849999999999905,2.0929999999999946,-3.188877210880654,-3.188877210880654,0.7968772108806581,0.14690378215937228,5.424483966084316,Low,Backwardation,0.4737999999999971,all-draw,0.014229249011857847,0.012347515620350968,0.008810029977477374,0.007793926327918976,-0.03359999999999275,0.07350000000000279,0.23600000000001842,-0.4107999999999805,-0.37985100671141936
2025-08-29,2025-09-03,420.707,24.222,404.71000000000004,218.53900000000002,115.923,94.3,2.4149999999999636,1.5899999999999999,-3.7949999999999875,1.6809999999999974,-4.116,13423.0,6742.0,16869.0,3884.0,-4.1732000000000085,-0.5338460419576174,24.939652617226866,driving,-2.391999999999996,-7.119,-4.1732000000000085,6.588199999999972,-2.1312480509233898,-2.1312480509233898,4.546248050923353,0.839002774766623,5.418632914757567,Low,Backwardation,0.5232999999999919,mixed,-0.024698887025461302,-0.022273647671391505,-0.025685811001324388,-0.025314624620280668,-0.06470000000000198,-0.10789999999999367,0.5806999999999967,0.9586999999999932,0.7908322147651035
2025-09-05,2025-09-10,424.646,23.857,405.224,219.997,120.638,94.9,3.9390000000000214,-0.365000000000002,1.4579999999999984,4.715000000000003,1.421,13495.0,6271.0,16818.0,2745.0,1.5470000000000028,-0.4535641233879872,25.24949458913069,shoulder,2.4149999999999636,-4.116,1.5470000000000028,2.3920000000000186,0.5997092723926958,0.5997092723926958,3.3392907276073256,0.6164417275700307,5.417041998066178,Low,Backwardation,0.346899999999998,all-build,0.016605460641864855,0.016568760355475165,0.017773621698563336,0.015405398501234346,-0.08859999999999957,-0.019199999999997885,-0.47959999999999425,-0.5131999999999977,-0.3300859060402672
2025-09-12,2025-09-17,415.361,23.561,405.728,217.65,124.684,93.3,-9.285000000000025,-0.2959999999999994,-2.3470000000000084,4.045999999999992,-17.689,13482.0,5692.0,16424.0,5277.0,-2.687199999999996,-0.6800242969535331,25.289880662445203,shoulder,3.9390000000000214,1.421,-2.687199999999996,-6.59780000000003,0.04173079862812076,0.04173079862812076,-9.326730798628146,-1.7228789756411649,5.413456737526922,Low,Backwardation,0.3626000000000005,mixed,-0.007284562926224369,-0.007594566963633698,-0.009529148850167979,-0.008430964633745819,0.037800000000004275,-0.017900000000004468,-0.45289999999999253,-1.5056999999999903,-1.2620302013422986
2025-09-19,2025-09-24,414.754,23.738,405.958,216.56900000000002,122.99900000000001,93.0,-0.6069999999999709,0.1769999999999996,-1.0809999999999889,-1.684999999999988,-6.748,13501.0,6495.0,16476.0,4484.0,-2.3949999999999934,-0.6089952445997973,25.17322165574169,shoulder,-9.285000000000025,-17.689,-2.3949999999999934,1.7880000000000225,-3.4967515887798593,-3.4967515887798593,2.8897515887798884,0.5326908685721812,5.424819082267258,Low,Backwardation,0.4735999999999976,all-draw,0.024917205488093286,0.024841046872689843,0.01761405481289091,0.017996264536833673,0.09910000000001418,0.11129999999999285,-0.11089999999997602,0.255900000000004,-0.14865234899330915
2025-09-26,2025-10-01,416.546,23.467,406.7,220.69400000000002,123.577,91.4,1.7919999999999732,-0.2710000000000008,4.125,0.5779999999999887,-4.067,13505.0,5833.0,16168.0,3751.0,0.581399999999985,-0.598674485693918,25.76360712518555,shoulder,-0.6069999999999709,-6.748,0.581399999999985,1.2105999999999881,-0.3519342481864157,-0.3519342481864157,2.143934248186389,0.3955109502683969,5.420669760803078,Low,Backwardation,0.4142999999999972,all-build,-0.009459676126342687,-0.024917934944792663,-0.008846033279381715,-0.023880908697662573,-1.0478999999999985,-0.020899999999997476,-2.266499999999997,-0.5977000000000032,1.0955369127516832
2025-10-03,2025-10-08,420.261,22.704,406.985,219.09300000000002,121.559,92.4,3.715000000000032,-0.7629999999999981,-1.600999999999999,-2.0180000000000007,1.0150000000000001,13629.0,6403.0,16297.0,3590.0,5.742200000000002,-0.7233708242638608,25.78762962508437,heating,1.7919999999999732,-4.067,5.742200000000002,-2.0271999999999704,1.8521891541219666,1.8521891541219666,1.8628108458780652,0.34396242880572164,5.41573930718528,Low,Backwardation,0.4451999999999998,mixed,0.013283654624979713,0.012223071046600475,0.005127692924814742,0.005019393109742198,0.011699999999997601,0.07150000000000034,0.2780999999999949,0.16049999999999187,-0.12194630872484424
2025-10-10,2025-10-15,423.785,22.001,407.745,218.826,117.03,85.7,3.524000000000001,-0.7029999999999994,-0.26700000000002433,-4.528999999999996,-3.045,13636.0,5525.0,15130.0,4466.0,-1.2273999999999887,-0.5764365324174429,28.009583608724387,heating,3.715000000000032,1.0150000000000001,-1.2273999999999887,4.75139999999999,0.3767017877664591,0.3767017877664591,3.147298212233542,0.5816929295814083,5.410583578002861,Low,Flat,0.40729999999999933,mixed,-0.007325383304940369,-0.0076935406315115085,0.00030457912469428194,0.002690498015035292,0.14979999999999905,0.023800000000001376,-0.04020000000000579,-0.5722000000000165,-0.10048590604026941
2025-10-17,2025-10-22,422.824,21.231,408.564,216.679,115.551,88.6,-0.9610000000000127,-0.7699999999999996,-2.1469999999999914,-1.4789999999999992,-2.702,13629.0,5918.0,15730.0,4203.0,1.6001999999999839,-0.7099302294898375,26.880101716465354,heating,3.524000000000001,-3.045,1.6001999999999839,-2.561199999999997,0.8855105424899319,0.8855105424899319,-1.8465105424899446,-0.34151726121028575,5.406785402138063,Low,Flat,0.5730000000000004,all-draw,0.011760636457972984,0.02071102413568182,0.027744808661861464,0.04400657187296764,1.1097000000000037,-0.334699999999998,0.6685999999999979,1.8781999999999925,3.0987805369127415
2025-10-24,2025-10-29,415.966,22.565,409.09700000000004,210.738,112.18900000000001,86.6,-6.858000000000004,1.3339999999999996,-5.9410000000000025,-3.3619999999999948,-6.195,13644.0,5051.0,15219.0,4361.0,1.1462000000000103,-0.9833462997863249,27.332019186543135,heating,-0.9610000000000127,-2.702,1.1462000000000103,-8.004200000000015,0.16552143534482383,0.16552143534482383,-7.023521435344828,-1.300286500124622,5.401518384349664,Low,Backwardation,0.36299999999999955,all-draw,0.005486284289276888,0.00807453416149051,0.006344462271797857,0.006626781820580074,0.04659999999999087,-0.01910000000000167,1.7447999999999908,1.921200000000006,0.9656174496644354
2025-10-31,2025-11-05,421.168,22.865000000000002,409.595,206.00900000000001,111.546,86.0,5.201999999999998,0.3000000000000007,-4.728999999999985,-0.6430000000000007,-0.336,13651.0,5924.0,15256.0,4367.0,3.047000000000003,-1.146940287414414,27.606712113266912,heating,-6.858000000000004,-6.195,3.047000000000003,2.1549999999999954,-0.37414771072475517,-0.37414771072475517,5.5761477107247535,1.0316059291989785,5.40530793096015,Low,Flat,0.273299999999999,mixed,-0.015852047556142668,-0.014276846679081245,-0.013874689163429155,-0.01203283377899389,0.06739999999999924,-0.06859999999999644,0.3500000000000014,0.5011999999999901,1.202926174496639
2025-11-07,2025-11-12,427.581,22.519000000000002,410.39300000000003,205.064,110.909,89.4,6.413000000000011,-0.3460000000000001,-0.9450000000000216,-0.6370000000000005,2.065,13862.0,5222.0,15973.0,2816.0,1.111999999999989,-0.8312121076860614,26.768985162461654,heating,5.201999999999998,-0.336,1.111999999999989,5.3010000000000215,1.1844827235676567,1.1844827235676567,5.228517276432354,0.9671871703089092,5.405900157631766,Low,Flat,0.0613000000000028,mixed,-0.04177588466579285,-0.03759975445058317,-0.04302196513974765,-0.0372569978775229,0.19810000000000372,-0.057900000000003615,-0.3201999999999998,-1.4542000000000073,-6.287751006711403
2025-11-14,2025-11-19,424.15500000000003,21.821,410.926,207.391,111.08,90.0,-3.4259999999999877,-0.6980000000000004,2.326999999999998,0.17099999999999227,-4.242,13834.0,5950.0,16232.0,4158.0,0.844600000000014,-0.9963725122595277,26.130791030064074,heating,6.413000000000011,2.065,0.844600000000014,-4.270600000000002,1.5055807477332979,1.5055807477332979,-4.931580747733285,-0.9122928515464958,5.405699210920479,Low,Backwardation,0.07579999999999387,mixed,-0.021402700032927324,-0.021266759130836865,-0.02143743132988163,-0.016842917792358247,0.2103999999999857,0.10640000000000782,-1.3824000000000005,-1.1052000000000035,-0.9479798657717851
2025-11-21,2025-11-26,426.92900000000003,21.753,411.42400000000004,209.904,112.227,92.3,2.774000000000001,-0.06800000000000139,2.5130000000000052,1.1470000000000056,1.463,13814.0,6436.0,16443.0,3598.0,-2.5104000000000157,-0.6970664540242136,25.964179286018368,heating,-3.4259999999999877,-4.242,-2.5104000000000157,5.284400000000017,-1.465942971920703,-1.465942971920703,4.239942971920704,0.784512528908128,5.404557372489371,Low,Flat,0.2061999999999955,all-build,0.012079378774805694,0.010403329065300948,0.00888970399950173,0.00769855039123768,-0.03190000000000737,-0.004299999999993531,0.14419999999999078,-1.2109999999999985,-2.4617657718120824
2025-11-28,2025-12-03,427.503,21.296,411.67400000000004,214.422,114.286,94.1,0.5739999999999554,-0.45700000000000074,4.518000000000001,2.0589999999999975,-4.851,13815.0,5981.0,16876.0,3613.0,-3.2959999999999923,-0.5105713217693436,25.332009954965628,heating,2.774000000000001,1.463,-3.2959999999999923,3.8699999999999477,-0.35768191324913146,-0.35768191324913146,0.9316819132490869,0.17245510759740623,5.402460537289993,Low,Backwardation,0.27590000000000003,all-build,0.005286493860845898,0.0035228182546036546,0.002024099326656481,0.006201090442591317,0.26729999999999166,0.008700000000004593,-0.48200000000001,-0.9468000000000174,-0.6887134228187861
2025-12-05,2025-12-10,425.69100000000003,21.604,411.922,220.81900000000002,116.788,94.5,-1.811999999999955,0.30799999999999983,6.39700000000002,2.5019999999999953,-2.989,13853.0,6589.0,16860.0,4009.0,3.899199999999996,-0.6284580982090224,25.248576512455518,heating,0.5739999999999554,-4.851,3.899199999999996,-5.711199999999951,1.0474105988335112,1.0474105988335112,-2.859410598833466,-0.5298294052349267,5.396851459321328,Low,Flat,0.1636000000000024,mixed,0.0036051502145921788,0.004359057152082624,0.0028701999343463402,0.006674436874573475,0.2475999999999985,0.0031999999999996476,-0.20899999999999253,0.39580000000000837,1.2095610738255047
2025-12-12,2025-12-17,424.41700000000003,20.862000000000002,412.171,225.627,118.5,94.8,-1.274000000000001,-0.7419999999999973,4.807999999999993,1.7120000000000033,-8.988,13843.0,6525.0,16988.0,4664.0,-2.327800000000002,-0.5902314639143778,24.983341182010832,heating,-1.811999999999955,-2.989,-2.327800000000002,1.0538000000000012,-1.0561207375438513,-1.0561207375438513,-0.21787926245614964,-0.0404034161483356,5.392595063155943,Low,Flat,0.1342999999999961,mixed,0.012122308666545845,0.012898845892735933,0.010659953440528502,0.03130264493240209,1.2506999999999948,-0.011799999999993815,0.03929999999997591,0.17369999999997532,0.6518885906040381
2025-12-19,2025-12-24,424.822,21.569,412.971,228.489,118.702,94.6,0.4049999999999727,0.7069999999999972,2.8619999999999948,0.20199999999999818,-3.367,13825.0,6086.0,16776.0,3616.0,-3.182000000000005,-0.460009336628066,25.32319980925131,heating,-1.274000000000001,-8.988,-3.182000000000005,3.5869999999999775,-1.8216199492990284,-1.8216199492990284,2.226619949299001,0.41334575017684705,5.386821924130967,Low,Backwardation,0.23580000000000467,all-build,-0.0005138746145940676,-0.0022443090734209914,0.0006481048078059715,-0.0030281690140845363,-0.22699999999999676,-0.02410000000000423,-0.36259999999999337,-1.3398000000000039,-0.4181825503355725
2025-12-26,2025-12-31,422.88800000000003,22.112000000000002,413.219,234.334,123.679,94.7,-1.933999999999969,0.5430000000000028,5.844999999999999,4.977000000000004,-10.549,13827.0,4953.0,16847.0,3440.0,-2.925599999999997,-0.4558693852004354,25.101679824301062,heating,0.4049999999999727,-3.367,-2.925599999999997,0.991600000000028,-0.9847549006140076,-0.9847549006140076,-0.9492450993859615,-0.17637008959540712,5.382120639409602,Low,Backwardation,0.21479999999999677,mixed,-0.009145815358067355,-0.0172803617571059,-0.007761598444577689,-0.006232461006330459,0.06829999999999359,0.000800000000005241,-0.47370000000001866,-1.0113000000000056,-0.7511140939597283
2026-01-02,2026-01-07,419.056,22.84,413.464,242.036,129.273,94.7,-3.8320000000000505,0.727999999999998,7.701999999999998,5.593999999999994,-7.154,13811.0,6339.0,16909.0,4263.0,1.3554000000000088,-0.6874435361369999,24.783014962446035,heating,-1.933999999999969,-10.549,1.3554000000000088,-5.187400000000059,-0.622203272620097,-0.622203272620097,-3.2097967273799535,-0.5970015690735966,5.376529801020103,Low,Backwardation,0.20599999999999596,mixed,-0.019954489760196092,-0.012191103789126911,-0.02388353204315763,-0.0024237237450579485,1.2233000000000018,-0.11149999999999238,0.6924000000000099,-0.15039999999999765,-0.4741053691275141
2026-01-09,2026-01-14,422.447,23.585,413.678,251.013,129.244,95.3,3.3910000000000196,0.745000000000001,8.977000000000004,-0.028999999999996362,-2.9330000000000003,13753.0,7092.0,16958.0,4306.0,0.24419999999998937,-0.5753253245506827,24.91136926524354,heating,-3.8320000000000505,-7.154,0.24419999999998937,3.14680000000003,-0.9083786898544859,-0.9083786898544859,4.299378689854505,0.8002204751956133,5.372742666705104,Low,Backwardation,0.24279999999999546,mixed,0.014227309893704021,0.016037879945012934,0.008743320960965972,-0.002112688965744791,-0.6742000000000061,-0.07589999999999009,0.03809999999999647,0.8584999999999852,0.17185704697986637
2026-01-16,2026-01-21,426.04900000000004,25.063,414.484,256.99,132.592,93.3,3.6020000000000323,1.477999999999998,5.977000000000004,3.348000000000013,-0.791,13732.0,6447.0,16604.0,3688.0,-0.5975999999999999,-0.3808776928161674,25.659419417007953,heating,3.3910000000000196,-2.9330000000000003,-0.5975999999999999,4.199600000000032,0.16666829319347792,0.16666829319347792,3.4353317068065543,0.6396274783836098,5.370831965330686,Normal,Backwardation,0.1805000000000021,all-build,0.004640371229698292,0.004929143561306137,0.0038218710292248215,0.019855226214898325,1.0398000000000067,0.06510000000000105,2.0495999999999874,3.788400000000003,1.7344214765100645
2026-01-23,2026-01-28,423.754,24.785,414.999,257.213,132.921,90.9,-2.295000000000016,-0.2779999999999987,0.2230000000000132,0.3289999999999793,-10.22,13696.0,5642.0,16209.0,4589.0,-0.42399999999997817,-0.5123762584936016,26.143130359676725,heating,3.6020000000000323,-0.791,-0.42399999999997817,-1.8710000000000377,0.46303813301124785,0.46303813301124785,-2.7580381330112638,-0.5138336315100561,5.367570287110113,Normal,Backwardation,0.26890000000000214,mixed,0.013143131912165318,0.012283557791919586,0.018569724440398172,0.015435745937961709,-0.10540000000000305,0.03849999999999909,0.3630000000000102,1.1133999999999986,-0.15573825503355465
2026-01-30,2026-02-04,420.29900000000004,24.042,415.213,257.898,127.36800000000001,90.5,-3.454999999999984,-0.7429999999999986,0.6850000000000023,-5.552999999999983,-4.62,13215.0,6201.0,16029.0,4047.0,2.171399999999983,-0.7700459061620477,26.22116164451931,heating,-2.295000000000016,-10.22,2.171399999999983,-5.6263999999999665,-0.3834677275047923,-0.3834677275047923,-3.0715322724951917,-0.5726929213459641,5.363314540847411,Normal,Backwardation,0.4000000000000057,mixed,0.030533143489954062,0.03163522946680519,0.03115825782602344,0.015477594339622591,-0.9155999999999977,0.022499999999993747,0.6202000000000112,0.13860000000001094,-0.03210738255032197
2026-02-06,2026-02-11,428.829,25.113,415.212,259.058,124.665,89.4,8.529999999999973,1.070999999999998,1.1599999999999682,-2.703000000000003,5.453,13713.0,6805.0,16000.0,3739.0,5.369399999999996,-0.6446509827814733,26.8018125,heating,-3.454999999999984,-4.62,5.369399999999996,3.1605999999999765,0.982089558664732,0.982089558664732,7.54791044133524,1.4083454189637044,5.35941704336226,Normal,Backwardation,0.16329999999999956,mixed,0.010475297060662747,0.008720930232558155,0.01309021077165995,0.008543295684911634,-0.24569999999999936,-0.005599999999994054,0.45789999999998443,1.390299999999982,1.114697986577184
2026-02-13,2026-02-18,419.815,24.018,415.44100000000003,255.845,120.099,91.0,-9.01400000000001,-1.0949999999999989,-3.212999999999994,-4.5660000000000025,-2.856,13735.0,6524.0,16077.0,4590.0,2.6101999999999976,-1.208609510934791,26.112769795359828,heating,8.529999999999973,5.453,2.6101999999999976,-11.624200000000007,2.636138279336221,2.636138279336221,-11.65013827933623,-2.1714337010556894,5.365182585898093,Normal,Backwardation,0.08480000000000132,all-draw,0.04588480667415373,0.043458914268762916,0.04461980948413302,0.042142751150022306,0.055300000000009675,0.06069999999999709,0.5095000000000134,2.595499999999994,2.271852348993292
2026-02-20,2026-02-25,435.80400000000003,24.899,415.44100000000003,254.834,120.351,88.6,15.989000000000033,0.8810000000000002,-1.0109999999999957,0.25199999999999534,2.709,13702.0,6659.0,15661.0,4313.0,0.3442000000000121,-0.4670985109114907,27.827341804482476,heating,-9.01400000000001,-2.856,0.3442000000000121,15.644800000000021,-1.052922566169932,-1.052922566169932,17.041922566169966,3.164276327405834,5.385725139922097,Normal,Backwardation,0.09369999999999834,mixed,-0.0031997562090506637,0.0011304224954076236,-0.005277268922345257,-0.0022707484903805586,0.1863000000000028,-0.019099999999994566,0.5860000000000021,-0.6180000000000092,-0.18282348993288622
2026-02-27,2026-03-04,439.279,26.463,415.44100000000003,253.13,120.78,89.2,3.474999999999966,1.564,-1.7040000000000077,0.42900000000000205,1.274,13696.0,6324.0,15841.0,3997.0,4.597400000000016,-0.44286306440869594,27.730509437535506,heating,15.989000000000033,2.709,4.597400000000016,-1.1224000000000505,3.5684942561491444,3.5684942561491444,-0.0934942561491785,-0.01719642111282612,5.436843837200805,Normal,Backwardation,1.0067000000000093,mixed,0.0013412017167380164,0.0,0.0028287728909039966,0.007066642106842602,0.3680000000000092,0.18559999999999377,2.574700000000007,3.3166999999999973,8.240606040268446
2026-03-06,2026-03-11,443.103,26.580000000000002,415.442,249.476,119.431,90.8,3.8240000000000123,0.11700000000000088,-3.6539999999999964,-1.3490000000000038,3.479,13678.0,6422.0,16169.0,3434.0,3.9209999999999807,-0.407394999866256,27.404477704248873,heating,3.474999999999966,1.274,3.9209999999999807,-0.09699999999996844,1.9885039409466492,1.9885039409466492,1.835496059053363,0.3379569117281355,5.431154077209408,High,Backwardation,1.5782999999999987,mixed,0.04553624925104849,0.047608200455580896,0.015465404812741612,0.023199387676999583,0.7817000000000007,-0.3721999999999923,7.050200000000018,11.398599999999988,8.735534899328883
2026-03-13,2026-03-18,449.259,27.524,415.442,244.04,116.904,91.4,6.156000000000006,0.9439999999999991,-5.436000000000007,-2.527000000000001,-1.8760000000000001,13668.0,7194.0,16232.0,4898.0,0.15960000000001173,-0.1979049664466415,27.677365697387877,heating,3.8240000000000123,3.479,0.15960000000001173,5.996399999999994,1.069464361957912,1.069464361957912,5.086535638042093,0.9374084892568412,5.426167670056624,High,Backwardation,0.7190999999999974,mixed,0.001143332293940258,0.03829046606072328,0.023939765802117208,0.059050932637479514,3.808000000000007,0.06759999999999877,1.316999999999986,10.646600000000007,10.668523489932895
2026-03-20,2026-03-25,456.185,30.945,415.442,241.447,119.936,92.9,6.925999999999988,3.4209999999999994,-2.5929999999999893,3.0320000000000107,1.407,13657.0,6464.0,16598.0,3322.0,-1.840400000000011,0.07939530487906969,27.48433546210387,heating,6.156000000000006,-1.8760000000000001,-1.840400000000011,8.766399999999999,0.08913909578219759,0.08913909578219759,6.83686090421779,1.2601182212748998,5.425571020868765,High,Backwardation,2.6673000000000116,mixed,-0.02198159177043857,-0.021724566944205104,-0.010257470563910576,0.033673408089707646,4.305900000000008,0.08910000000000196,-6.791000000000018,-10.867800000000017,-5.524373825503346
2026-03-27,2026-04-01,461.636,31.465,415.064,240.86100000000002,117.825,92.1,5.451000000000022,0.5199999999999996,-0.5859999999999843,-2.111000000000004,1.477,13657.0,6454.0,16379.0,3521.0,1.436200000000008,0.2192801071138775,28.18462665608401,heating,6.925999999999988,1.407,1.436200000000008,4.0148000000000135,1.6052533649120253,1.6052533649120253,3.8457466350879965,0.7083747723260166,5.428971760894473,High,Backwardation,8.275000000000006,mixed,-0.01242848688104159,-0.14524714828897334,-0.02512488980311489,-0.15349190924838385,-15.599999999999994,0.7275000000000063,-5.47660000000004,-3.0042000000000257,19.606275167785213
2026-04-03,2026-04-08,464.717,31.489,413.325,239.272,114.681,92.0,3.0809999999999604,0.02400000000000091,-1.589000000000027,-3.1440000000000055,-3.353,13596.0,6324.0,16250.0,4149.0,2.9701999999999886,0.2581212195417019,28.59796923076923,driving,5.451000000000022,1.477,2.9701999999999886,0.11079999999997181,1.9649063666300197,1.9649063666300197,1.1160936333699407,0.2056861532487523,5.42619722203741,High,Backwardation,14.579999999999998,mixed,-0.16414342629482082,-0.1328818522924865,-0.14372895191568213,-0.06577410308480802,9.326600000000013,-7.61930000000001,0.9747000000000057,-4.19129999999997,-15.838125503355698
2026-04-10,2026-04-15,463.80400000000003,29.762,409.181,232.94400000000002,111.559,89.6,-0.9129999999999541,-1.7270000000000003,-6.3279999999999745,-3.122,-16.66,13596.0,5291.0,16042.0,5225.0,-3.048199999999997,0.33799064137591384,28.91185637701035,driving,3.0809999999999604,-3.353,-3.048199999999997,2.135200000000043,-0.698642136718911,-0.698642136718911,-0.21435786328104312,-0.039543423413216434,5.4208220932484865,High,Backwardation,3.2900000000000063,all-draw,0.00010955302366344455,0.0014769490452579692,-0.011064295937585289,-0.004039874081846695,0.6331000000000131,-0.11640000000001294,3.255299999999991,5.23490000000001,4.7574832214765195
2026-04-17,2026-04-22,465.729,30.568,405.045,228.374,108.132,89.1,1.9249999999999545,0.8060000000000009,-4.570000000000022,-3.4269999999999925,-7.854,13585.0,6078.0,15987.0,4798.0,-1.978600000000006,0.4985813306926105,29.131732032276222,driving,-0.9129999999999541,-16.66,-1.978600000000006,3.9035999999999604,-2.2195015707998147,-2.2195015707998147,4.144501570799769,0.7653422076191565,5.415226717591568,High,Backwardation,2.591700000000003,mixed,0.009009009009008917,0.03482940698619008,0.00635685078352255,0.025427576812471653,1.9350000000000023,1.9350000000000023,4.893199999999993,3.4092000000000127,3.1679194630872445
2026-04-24,2026-04-29,459.495,29.772000000000002,397.92400000000004,222.299,103.638,89.6,-6.2339999999999804,-0.7959999999999994,-6.074999999999989,-4.494,-22.211000000000002,13586.0,5750.0,16071.0,6438.0,0.936200000000008,0.21710427399006701,28.591562441665108,driving,1.9249999999999545,-7.854,0.936200000000008,-7.170199999999989,-0.017553926071216086,-0.017553926071216086,-6.216446073928765,-1.1484434800004168,5.412931661144098,High,Backwardation,5.369200000000006,all-draw,0.06954868407885506,0.06084846305950031,0.07885188058356896,0.09102893246336152,2.252500000000012,1.4132999999999925,0.5896999999999721,2.3452999999999804,0.44046979865770197
2026-05-01,2026-05-06,457.182,29.124000000000002,392.7,219.79500000000002,102.34400000000001,90.1,-2.312999999999988,-0.6479999999999997,-2.5039999999999907,-1.293999999999997,-12.103,13573.0,5477.0,16029.0,4750.0,0.010800000000006093,0.15328863536966175,28.52217855137563,driving,-6.2339999999999804,-22.211000000000002,0.010800000000006093,-2.323799999999994,-2.728717859177549,-2.728717859177549,0.415717859177561,0.07677613596802667,5.414675457888193,High,Backwardation,4.3041999999999945,all-draw,-0.07030409699814211,-0.07827432420132896,-0.07225712175944254,-0.07715476244395125,-1.0904000000000025,-0.5541999999999945,-0.8889000000000209,-3.9716999999999985,-5.811359060402694
2026-05-08,2026-05-13,452.87600000000003,27.422,384.095,215.711,102.534,91.7,-4.305999999999983,-1.7020000000000017,-4.084000000000003,0.18999999999999773,-15.96,13710.0,5901.0,16399.0,5492.0,0.433199999999988,-0.06964320008476443,27.616074150862858,driving,-2.312999999999988,-12.103,0.433199999999988,-4.739199999999971,-1.1000528386963428,-1.1000528386963428,-3.2059471613036403,-0.5926897122469182,5.409149332371105,High,Backwardation,3.729600000000005,mixed,-0.01135251516930913,-0.01985710308991373,-0.009911434926111129,-0.01776673324353195,-0.8977999999999895,0.557399999999987,-3.9021000000000186,-7.099699999999984,-4.949916107382535
2026-05-15,2026-05-20,445.01300000000003,25.818,374.175,214.163,102.906,91.6,-7.8629999999999995,-1.6039999999999992,-1.5480000000000018,0.3719999999999999,-15.435,13702.0,6016.0,16319.0,5604.0,-1.8003999999999905,-0.3515438193182472,27.26962436423801,driving,-4.305999999999983,-15.96,-1.8003999999999905,-6.062600000000009,-2.442857611346875,-2.442857611346875,-5.420142388653124,-1.0027039991668438,5.405525851254978,High,Backwardation,4.278999999999996,mixed,-0.0882434814883547,-0.056254493170381115,-0.08533302390345787,-0.05212181277592576,3.407499999999999,-0.0764999999999958,1.5345000000000226,3.7577000000000282,0.7167718120805375
2026-05-22,2026-05-27,441.68600000000004,23.024,365.112,211.591,100.799,94.5,-3.326999999999998,-2.7940000000000005,-2.5720000000000027,-2.1069999999999993,-17.388,13715.0,5212.0,16971.0,4440.0,-1.838400000000013,-0.39565271067007046,26.02592658063756,driving,-7.8629999999999995,-15.435,-1.838400000000013,-1.4885999999999853,-2.8069249715847135,-2.8069249715847135,-0.5200750284152846,-0.09621233337792416,5.405492312221745,High,Backwardation,3.346599999999995,all-draw,-0.05549046756843112,-0.05312311709178541,,,,,,,
2026-05-29,2026-06-03,433.712,22.441,357.119,214.955,102.301,94.7,-7.974000000000046,-0.583000000000002,3.3640000000000043,1.5019999999999953,-18.557000000000002,13707.0,6397.0,16881.0,5874.0,-1.3153999999999997,-0.7375742716993278,25.692316805876427,driving,-3.326999999999998,-17.388,-1.3153999999999997,-6.658600000000047,-2.4070366721897924,-2.4070366721897924,-5.566963327810254,-1.0309157409542489,5.400017777066139,High,Backwardation,3.346599999999995,mixed,0.02410409556313975,0.018854166666666616,,,,,,,
2026-06-05,2026-06-10,426.485,21.64,349.192,215.141,102.101,95.3,-7.226999999999975,-0.8009999999999984,0.18599999999997863,-0.20000000000000284,-14.805,13799.0,5888.0,16962.0,4840.0,0.9440000000000055,-1.1264705184423438,25.143556184412216,driving,-7.974000000000046,-18.557000000000002,0.9440000000000055,-8.170999999999982,-2.3574147164339987,-2.3574147164339987,-4.869585283565977,-0.9017295003748002,5.400272788615603,High,Backwardation,3.346599999999995,mixed,0.02074829931972788,0.018042646254784023,,,,,,,
2026-06-12,2026-06-17,418.22200000000004,20.034,340.25100000000003,214.235,103.052,96.7,-8.262999999999977,-1.6060000000000016,-0.9059999999999775,0.9510000000000076,-18.053,13806.0,5134.0,17192.0,4327.0,-5.118399999999985,-1.2776084499373495,24.32654723127036,driving,-7.226999999999975,-14.805,-5.118399999999985,-3.1445999999999916,-3.785259309355256,-3.785259309355256,-4.477740690644721,-0.8293419012487661,5.3991492337508165,High,Backwardation,3.346599999999995,mixed,0.009730440499671422,0.007472137791286748,,,,,,,
